source_table,row_id,subject,english,thai,matt_status,matt_correction
subjects,2e1df761-35cd-431e-b865-c72e51ccfae8,ABCs,ABCs,ตัวอักษร ABC,,
subjects,d2da9a60-a111-49c7-bc26-2e1c40034275,Phonics Sounds,Phonics Sounds,เสียงโฟนิกส์,,
subjects,d2a9ea4e-761f-43a3-93ad-76a40f34b861,Numbers & Counting,Numbers & Counting,ตัวเลขและการนับ,,
subjects,57a4fa51-0b1f-4d70-afd1-1536caa7870e,Colors,Colors,สี,,
subjects,18bdc47e-4c34-4fa1-911c-180c78c7333a,Shapes,Shapes,รูปทรง,,
subjects,b5058f0f-ab0b-4ff9-9e38-377c3299d5fd,Animals,Animals,สัตว์,,
subjects,583add2b-fc29-4e0a-a835-75e209f9d5e7,Plants,Plants,พืช,,
subjects,b2d3f5a5-b9d8-4e79-92d4-49a7733391f6,Food & Drink,Food & Drink,อาหารและเครื่องดื่ม,,
subjects,712ad465-90b2-49a2-ab54-79658dbed8a0,Body Parts,Body Parts,อวัยวะร่างกาย,,
subjects,f5822015-e9d8-46f7-8d73-09f9f83f2f7d,Five Senses,Five Senses,ประสาทสัมผัสทั้งห้า,,
subjects,7f3dfefe-a81b-497f-90da-20a5f6016ce9,Feelings & Emotions,Feelings & Emotions,ความรู้สึกและอารมณ์,,
subjects,80894577-e8a9-40a2-b498-201e48fb568c,Jobs & Careers,Jobs & Careers,อาชีพ,,
subjects,4ba37094-a056-4d8d-b74d-535fcd4aa967,Vehicles,Vehicles,ยานพาหนะ,,
subjects,edeb3f17-da16-4957-a039-6904522db2b8,Buildings,Buildings,อาคาร,,
subjects,f73a611f-2e2e-44a3-9338-b913cb84fe35,Around the House,Around the House,รอบบ้าน,,
subjects,dab0aea9-eef0-4f0d-9650-2bff3a658489,At School,At School,ที่โรงเรียน,,
subjects,7ffa2be3-1bb4-4312-aac9-579335be132e,Phonics Blending,Phonics Blending,การผสมเสียง,,
subjects,7ec5b8f5-dd6a-4ece-8b35-85a2615ee912,Prepositions,Prepositions,คำบุพบท,,
subjects,c2caf914-19fc-433d-8a75-957a5b23b329,Common Verbs,Common Verbs,คำกริยาทั่วไป,,
subjects,c1480ed9-def5-4c7f-920b-a7100bc9f8a5,Hobbies,Hobbies,งานอดิเรก,,
subjects,a85a202d-b1de-42ae-9c19-c93cdd9ff506,Rhyming Words,Rhyming Words,คำคล้องจอง,,
subjects,7565e059-ef32-4c8d-9419-2f80b2740655,Comparisons,Comparisons,การเปรียบเทียบ,,
subjects,e55b9b51-dc87-4e05-ab07-fa4b87fcb6cc,Adjectives,Adjectives,คำคุณศัพท์,,
subjects,295f5ab2-f9bc-4f93-b060-9f2f37b30f49,Subject & Verb,Subject & Verb,ประธานและกริยา,,
subjects,74ec4ac0-c389-4322-9bc5-04b87e80e06a,Past/Present/Future Tense,Past/Present/Future Tense,กาล,,
subjects,eeff90da-e133-4017-baf9-f3decf6cc8fd,Read-Along Stories,Read-Along Stories,อ่านนิทาน,,
subjects,3cbc9f7a-d7d0-44c1-84c1-322a05a68bc5,Polite Words,Polite Words,คำสุภาพ,,
subjects,94d5aa73-d947-408d-af2b-60cf0c12768d,Idioms 1,Idioms 1,สำนวน 1,,
subjects,ca8ceacc-7746-4136-9428-87d5141d22da,Question Words,Question Words,คำแสดงคำถาม,,
subjects,a2d16b73-8480-43fb-aa99-390e1bea50ec,Synonyms & Antonyms,Synonyms & Antonyms,คำพ้องและคำตรงข้าม,,
subjects,35330063-dafe-4565-9e5b-c1310d57e9dd,Pronouns,Pronouns,คำสรรพนาม,,
subjects,ba3ecb68-536b-42ff-8eb7-5dffb198db39,Articles,Articles,คำนำหน้านาม,,
subjects,e894df44-e176-420e-98c8-da28d2d88629,Countable & Uncountable,Countable & Uncountable,นามนับได้และนับไม่ได้,,
subjects,c99289a7-d184-420b-a380-15dabe8cf6f6,Modals & Requests,Modals & Requests,กริยาช่วยและการขอร้อง,,
subjects,60a9eafb-6681-4010-9c1c-db6b2229a509,Family Members,Family Members,สมาชิกในครอบครัว,,
subjects,ec1bbd78-7b2b-4024-becf-76eb88d24aa0,Weather,Weather,สภาพอากาศ,,
subjects,bff57d56-a3c1-43cd-9505-4fc85dfe4d6e,Clothing,Clothing,เสื้อผ้า,,
subjects,13e7ce5d-4b6f-4404-92e9-f47c210614d4,Sight Words,Sight Words,คำที่พบบ่อย,,
subjects,aabc8429-f24c-4afc-8d55-5578e07377ff,"Days, Months & Seasons","Days, Months & Seasons",วัน เดือน และฤดูกาล,,
subjects,5d2d2829-d629-4515-b368-2dc22135b8bb,"This, That, These & Those","This, That, These & Those",นี่ นั่น เหล่านี้ เหล่านั้น,,
subjects,1149568c-e72f-4f66-aa1b-acab72852055,Time & Daily Routines,Time & Daily Routines,เวลาและกิจวัตรประจำวัน,,
subjects,1c9abf87-0f72-4fdc-8816-c6eef013c738,Possessives,Possessives,คำแสดงความเป็นเจ้าของ,,
subjects,4035793e-8d17-4a09-82d8-ad524eb78336,Plurals,Plurals,คำนามพหูพจน์,,
subjects,08d27be6-f3df-450c-abd0-861ea590f8be,There Is & There Are,There Is & There Are,การใช้ There is / There are,,
subjects,1dc83964-d8bc-4fe3-9eac-163f309f319c,Full Practice Tests,Full Practice Tests,แบบทดสอบ,,
subjects,a8dd9dbc-4c1b-4e0f-8633-bd333e95d524,Interview Practice,Interview Practice,ฝึกสัมภาษณ์,,
flashcards,7f6b4c3d-7c5f-4806-8c50-187a5dd2df50,Shapes,Circle,วงกลม,,
flashcards,65926a90-8d73-4ca6-bd5f-6f4d068a43bc,Shapes,Square,สี่เหลี่ยมจัตุรัส,,
flashcards,f78975dd-5014-4ce0-ad7d-9251775b1c87,Shapes,Triangle,สามเหลี่ยม,,
flashcards,9988cfb7-6cbd-4a3c-af9e-c05a4dc9b7a9,Shapes,Rectangle,สี่เหลี่ยมผืนผ้า,,
flashcards,e642cd5a-8dac-41a4-8c8a-8c0ed971f096,Shapes,Star,ดาว,,
flashcards,9570b5fe-12e7-497e-ad34-723b54464767,Shapes,Heart,หัวใจ,,
flashcards,547ce8f6-5864-4961-a1d3-8936693af5ec,Shapes,Diamond,เพชร,,
flashcards,ddcb4944-df33-47fb-a074-eb8ed81c2958,Shapes,Oval,วงรี,,
flashcards,87ffa7eb-05f0-459e-8a34-3b2eb2af297b,Subject & Verb,I eat,ฉันกิน,,
flashcards,ebd39604-dce7-4256-b46f-376f8616e9b5,Subject & Verb,She runs,เธอวิ่ง,,
flashcards,b949e0a8-5218-4536-93e0-485f79cd16a3,Subject & Verb,He jumps,เขากระโดด,,
flashcards,79846163-21fe-46d2-a920-d7915b8f24b1,Subject & Verb,We play,เราเล่น,,
flashcards,7eb45a04-e0e3-4d91-ad25-a762e421b060,Subject & Verb,They swim,พวกเขาว่ายน้ำ,,
flashcards,cdefff86-e271-4de0-9ebf-fdcda751ff3a,Subject & Verb,The cat sleeps,แมวนอน,,
flashcards,afb984e9-6559-4834-b559-518a3a9c6214,Subject & Verb,The dog barks,สุนัขเห่า,,
flashcards,965d8997-19d7-4afe-9b5b-436a57b38740,Subject & Verb,The bird flies,นกบิน,,
flashcards,08491ada-d80f-467a-ac18-c4d67d15c378,Subject & Verb,The fish swims,ปลาว่ายน้ำ,,
flashcards,b3418913-8f4b-4b1f-ac36-2e6207be8335,Subject & Verb,The baby cries,ทารกร้องไห้,,
flashcards,4b999fa1-ced1-4cd2-8195-f742dd76c72f,ABCs,Apple,แอปเปิ้ล,,
flashcards,f115b746-9d27-4909-9bf7-2cec9f743316,ABCs,Balloon,บอลลูน,,
flashcards,604fcd59-5a09-41bd-a3ee-445a16c4371b,ABCs,Cat,แมว,,
flashcards,56b9699d-0af2-4288-b10c-224bd56e5dc3,ABCs,Dog,สุนัข,,
flashcards,f6a58109-4be6-45b9-9ce3-1cf7a64ddf6c,ABCs,Egg,ไข่,,
flashcards,74a6a35a-fb53-446a-8ee7-7c9163eaa84a,ABCs,Fish,ปลา,,
flashcards,45b10b7e-9f1a-40d6-9504-4d47a3e6cdde,ABCs,Gift,ของขวัญ,,
flashcards,46f6ef42-e614-454e-9acc-66c0dfe5b4f5,ABCs,Hat,หมวก,,
flashcards,8d241c32-3a63-4c7e-b7c3-4cfb5cb26bef,ABCs,Ice cream,ไอศกรีม,,
flashcards,b5c160db-d023-4426-9553-c990a2ffe18a,ABCs,Jam,แยม,,
flashcards,64c02aca-6566-4ae1-9503-b2549d39e25d,ABCs,Kite,ว่าว,,
flashcards,4c78947b-f833-4c56-b62a-b03f30d3160f,ABCs,Lion,สิงโต,,
flashcards,894ddc3c-7538-4018-a705-c51d8f7ac6c8,ABCs,Milk,นม,,
flashcards,31000e75-3e14-499c-89bf-3f91e4dfa336,ABCs,Nest,รัง,,
flashcards,8d1f165a-d701-4eb9-b35c-981242c9034a,ABCs,Orange,ส้ม,,
flashcards,97456f7d-7801-4e10-9618-d7ff67bcf681,ABCs,Pen,ปากกา,,
flashcards,e1f41aa3-1b36-4859-85b5-c4a7a9ae2057,ABCs,Queen,ราชินี,,
flashcards,3ea8329c-28ab-4b12-9e8b-cc2335e28bc0,ABCs,Rabbit,กระต่าย,,
flashcards,0bb3f9e7-7462-41a5-ab8b-2882e5f48447,ABCs,Soap,สบู่,,
flashcards,efb5951a-90db-471c-a927-8704a0fbd5d6,ABCs,Turtle,เต่า,,
flashcards,98df595f-8117-451d-a0ae-aa0d1dabc870,ABCs,Umbrella,ร่ม,,
flashcards,a6842f32-af44-4399-b7ba-2bbc7b213841,ABCs,Vase,แจกัน,,
flashcards,f27d1f0d-a29c-4d96-909b-052d12dc7a4c,ABCs,Water,น้ำ,,
flashcards,d933d35e-259c-4a25-8794-07cd0c8e0357,ABCs,X-ray,เอกซเรย์,,
flashcards,28a7c559-01c6-497c-a22f-0e0728baee0d,ABCs,Yarn,ไหมพรม,,
flashcards,41a31361-a526-4f12-8da1-0f7fee86b634,ABCs,Zebra,ม้าลาย,,
flashcards,6381a906-720d-4dab-810b-c13026c201d2,Pronouns,I,ฉัน,,
flashcards_example,6381a906-720d-4dab-810b-c13026c201d2,Pronouns,I am pointing at myself.,ฉันชี้ไปที่ตัวเอง,,
flashcards,14f2c922-71c6-459b-927d-1bdb244ec2be,Pronouns,You,คุณ,,
flashcards_example,14f2c922-71c6-459b-927d-1bdb244ec2be,Pronouns,Ollie is pointing at you.,โอลลี่ชี้ไปที่คุณ,,
flashcards,b3345e63-fcb6-453e-8050-eb2a96b78908,Pronouns,He,เขา (ผู้ชาย),,
flashcards_example,b3345e63-fcb6-453e-8050-eb2a96b78908,Pronouns,He kicks the ball.,เขาเตะลูกบอล,,
flashcards,86ed33a2-e08b-47c6-80f0-0a7fcf1b1f3a,Pronouns,She,เธอ (ผู้หญิง),,
flashcards_example,86ed33a2-e08b-47c6-80f0-0a7fcf1b1f3a,Pronouns,She kicks the ball.,เธอเตะลูกบอล,,
flashcards,789f1d87-188f-421d-9255-1cc5c686aef8,Pronouns,It,มัน,,
flashcards_example,789f1d87-188f-421d-9255-1cc5c686aef8,Pronouns,It is a red ball.,มันคือลูกบอลสีแดง,,
flashcards,26a10f35-8cfa-403c-b499-b8a8625c498b,Pronouns,We,พวกเรา,,
flashcards_example,26a10f35-8cfa-403c-b499-b8a8625c498b,Pronouns,We are standing together.,พวกเรายืนอยู่ด้วยกัน,,
flashcards,c163d9af-3282-4fa4-9d74-712f6d130a91,Pronouns,They,พวกเขา,,
flashcards_example,c163d9af-3282-4fa4-9d74-712f6d130a91,Pronouns,They are playing together.,พวกเขาเล่นด้วยกัน,,
flashcards,0b75f3ea-4da2-4366-8df9-037eee4c9409,Pronouns,Me,ฉัน (กรรม),,
flashcards_example,0b75f3ea-4da2-4366-8df9-037eee4c9409,Pronouns,Ollie gave ME a present.,โอลลี่ให้ของขวัญฉัน,,
flashcards,dcc0420f-6f19-4091-81c7-3b2fea7bb6a6,Pronouns,Him,เขา (กรรม),,
flashcards_example,dcc0420f-6f19-4091-81c7-3b2fea7bb6a6,Pronouns,She gave the book to HIM.,เธอให้หนังสือเขา,,
flashcards,3cf4951a-f2d0-40cb-9db6-e609689ec1f3,Pronouns,Her,เธอ (กรรม),,
flashcards_example,3cf4951a-f2d0-40cb-9db6-e609689ec1f3,Pronouns,Thawan gave the book to her.,ธวัญให้หนังสือเธอ,,
flashcards,495ee816-3993-4047-84bd-50eb9e602bd1,Pronouns,Us,พวกเรา (กรรม),,
flashcards_example,495ee816-3993-4047-84bd-50eb9e602bd1,Pronouns,Ollie gave US cookies.,โอลลี่ให้คุกกี้พวกเรา,,
flashcards,cfdc9f38-aba0-42e4-803f-1abaca09f8e7,Pronouns,Them,พวกเขา (กรรม),,
flashcards_example,cfdc9f38-aba0-42e4-803f-1abaca09f8e7,Pronouns,The teacher gave THEM the books.,คุณครูให้หนังสือพวกเขา,,
flashcards,88ee62c0-c892-4b76-9650-607fc51d9c43,Vehicles,Car,รถยนต์,,
flashcards,6d70e574-6f93-4c66-83cb-117af2abe181,Vehicles,Bus,รถบัส,,
flashcards,0f7a5b80-eb8d-4bbb-8be9-c63df6908319,Vehicles,Truck,รถบรรทุก,,
flashcards,c6b90b23-7764-4aab-8b49-c6475378198d,Vehicles,Bicycle,จักรยาน,,
flashcards,5316591b-106d-4d3d-9808-cc4b58317662,Vehicles,Motorcycle,มอเตอร์ไซค์,,
flashcards,405f6779-764f-43b7-8c1f-df76d25e61d8,Vehicles,Airplane,เครื่องบิน,,
flashcards,d7ab7d8e-7435-4b1e-91bb-db28488d0ca3,Vehicles,Boat,เรือ,,
flashcards,3de9394c-8e91-4140-9f6b-e75fca4a771a,Vehicles,Train,รถไฟ,,
flashcards,872db522-3d7d-4be0-9678-0cec865cc653,Vehicles,Helicopter,เฮลิคอปเตอร์,,
flashcards,81ccc76c-f139-4bb7-a906-b2db655929c1,Vehicles,Ambulance,รถพยาบาล,,
flashcards,c323df8c-1421-4000-81de-0ebaf491a74e,Colors,Red,สีแดง,,
flashcards,2316fc40-1a5e-4d9e-a92f-5955671917f1,Colors,Blue,สีน้ำเงิน,,
flashcards,26ad343a-8117-484c-a8d2-835f38afce23,Colors,Yellow,สีเหลือง,,
flashcards,7a39911e-cf59-498a-9852-970b650f15ea,Colors,Green,สีเขียว,,
flashcards,c10379d6-0d76-4c88-bb2b-dedec1994879,Colors,Orange,สีส้ม,,
flashcards,43732ba1-2f0b-4c26-bc25-5a5f187b1c0d,Colors,Purple,สีม่วง,,
flashcards,ab958ccd-e9df-44a1-b1a4-fe8589add962,Colors,Pink,สีชมพู,,
flashcards,7aa336d5-4f82-4b6d-9321-3d19ee9d35c5,Colors,White,สีขาว,,
flashcards,fb55abbf-2ee5-4242-9c38-d18cd5e1995b,Colors,Black,สีดำ,,
flashcards,7b4507a9-dc4e-4dde-9b86-45217ff64705,Colors,Brown,สีน้ำตาล,,
flashcards,65891847-1d38-481f-8bed-07d3fc28e4ca,Colors,Gray,สีเทา,,
flashcards,831309a7-e98f-4480-a09c-b5af023574ae,Plants,Flower,ดอกไม้,,
flashcards,849d61a5-4f38-4a4a-b3f6-41482e70e96d,Plants,Tree,ต้นไม้,,
flashcards,1e95089f-1493-40dd-a9f3-bacab9617d27,Plants,Grass,หญ้า,,
flashcards,c7cfdfd1-d87a-4bd1-8882-d6ddb0e947ae,Plants,Leaf,ใบไม้,,
flashcards,c1011099-124a-4d9f-8215-9e9c290eb776,Plants,Root,ราก,,
flashcards,431adbd9-9e80-4faa-9740-c4a5a7a3c228,Plants,Seed,เมล็ด,,
flashcards,7c9bcadc-6a1a-4372-8f1e-9681e0442f15,Plants,Bush,พุ่มไม้,,
flashcards,819fd501-9e64-455e-9a7c-31f586d5c583,Plants,Cactus,กระบองเพชร,,
flashcards,9b0f3d8a-ae9b-4a8d-8359-29d9cf3685de,Plants,Vine,เถาวัลย์,,
flashcards,a9d812c8-5b54-4cde-9ecf-ed8631053b46,Plants,Rose,กุหลาบ,,
flashcards,cdf3127a-d1ec-495f-8daa-670436289b90,Body Parts,Head,หัว,,
flashcards,82c0460c-d876-417b-80f7-a64265bf9fea,Body Parts,Eyes,ตา,,
flashcards,0ec40699-ac0b-49c9-82d9-cd247bca716c,Body Parts,Nose,จมูก,,
flashcards,898d89e0-0d0c-47f4-991a-fec224a1e8c4,Body Parts,Mouth,ปาก,,
flashcards,0b5d3dc6-b9da-4449-8ba2-8769264d317d,Body Parts,Ears,หู,,
flashcards,06f1c71c-bf6f-4962-a9db-3a5fd7500d25,Body Parts,Hair,ผม,,
flashcards,e820064c-ab52-47ac-842b-817f9c390578,Body Parts,Hands,มือ,,
flashcards,b2cec2c0-bcc3-418e-84f1-842303ebc6ca,Body Parts,Fingers,นิ้วมือ,,
flashcards,96a1146f-b36e-491a-a19c-42c1b4f0b31d,Body Parts,Arms,แขน,,
flashcards,9a57ab6c-a5b5-45b5-b887-fc66136f89f2,Body Parts,Legs,ขา,,
flashcards,c712589c-4841-412e-800c-f81103205f6f,Body Parts,Feet,เท้า,,
flashcards,003c90fc-087d-401b-baee-3840312bece4,Body Parts,Toes,นิ้วเท้า,,
flashcards,127d8e34-849e-4fcc-ab13-ad4a58938f5d,Body Parts,Tummy,ท้อง,,
flashcards,47990e5c-6c9e-4ef7-b263-3a11602d5ee6,Body Parts,Back,หลัง,,
flashcards,e5429300-af5b-46bc-afee-81fd39b9a440,Body Parts,Shoulders,ไหล่,,
flashcards,3a6b3e98-ed4e-4bfa-92c7-032d0d9682a9,Past/Present/Future Tense,Walked / Walk / Will walk,เดิน (อดีต/ปัจจุบัน/อนาคต),,
flashcards,0a6abc5b-1707-4edc-b715-f4cd16d33309,Past/Present/Future Tense,Ate / Eat / Will eat,กิน (อดีต/ปัจจุบัน/อนาคต),,
flashcards,6e54c84b-f806-48da-a86a-0221762383c7,Past/Present/Future Tense,Played / Play / Will play,เล่น (อดีต/ปัจจุบัน/อนาคต),,
flashcards,1d54b617-a4b6-4e06-b1ee-f8fbc4d3821d,Past/Present/Future Tense,Slept / Sleep / Will sleep,นอน (อดีต/ปัจจุบัน/อนาคต),,
flashcards,84002996-8765-436e-954a-346830d8cfc9,Past/Present/Future Tense,Ran / Run / Will run,วิ่ง (อดีต/ปัจจุบัน/อนาคต),,
flashcards,7132b772-73c0-4f90-bf9c-a8c3e9fdbc86,Past/Present/Future Tense,Sang / Sing / Will sing,ร้องเพลง (อดีต/ปัจจุบัน/อนาคต),,
flashcards,625fe41b-da96-49a4-a8e9-b105ff935bff,Past/Present/Future Tense,Drew / Draw / Will draw,วาด (อดีต/ปัจจุบัน/อนาคต),,
flashcards,35b110cf-923d-4377-85c1-c8c1403ad92d,Past/Present/Future Tense,Swam / Swim / Will swim,ว่ายน้ำ (อดีต/ปัจจุบัน/อนาคต),,
flashcards,6f55cbbe-30b0-4c0a-b4d4-e1f965273494,Comparisons,Big / Small,ใหญ่ / เล็ก,,
flashcards,584b17dd-8814-497a-9e80-800843d05cc8,Comparisons,Tall / Short,สูง / เตี้ย,,
flashcards,f1703afe-bd46-4bd9-8fce-4672bcc29240,Comparisons,Fast / Slow,เร็ว / ช้า,,
flashcards,0c8f3374-addf-4514-b293-b642fe45a42e,Comparisons,Hot / Cold,ร้อน / เย็น,,
flashcards,d43da992-48b2-4de6-ab34-d9713511dbeb,Comparisons,Happy / Sad,มีความสุข / เศร้า,,
flashcards,9e5bd215-8eb2-401f-a3f6-bdd360836785,Comparisons,Old / New,เก่า / ใหม่,,
flashcards,c370fc38-ec9f-4719-8da1-c99ef21d99e0,Comparisons,Clean / Dirty,สะอาด / สกปรก,,
flashcards,99857e10-48d0-431e-aa08-6d104bcdfaca,Comparisons,Full / Empty,เต็ม / ว่าง,,
flashcards,91f131af-061b-44f0-b48f-9ccf0bdf7ada,Comparisons,Heavy / Light,หนัก / เบา,,
flashcards,e7d1a839-dee9-46c2-b396-9229da050e17,Comparisons,Loud / Quiet,เสียงดัง / เงียบ,,
flashcards,2a2abbe0-a190-4d27-94e4-109a9823ec3c,Prepositions,In,ใน,,
flashcards,13eb6a3f-2483-4c38-a9b1-c86820e1cb13,Prepositions,On,บน,,
flashcards,35260eee-23dc-4ec9-9769-5ec53376ba7f,Prepositions,Under,ใต้,,
flashcards,163e1e36-4b66-4dfc-86df-ae1e02e6d69d,Prepositions,Next to,ข้างๆ,,
flashcards,f215db11-a9d1-4643-b864-0fe477d5f2cf,Prepositions,Behind,ด้านหลัง,,
flashcards,94f3597c-2541-4ade-9b9a-2998c1db8024,Prepositions,In front of,ด้านหน้า,,
flashcards,f476daaf-8549-4194-98f9-ecf8bc4de528,Prepositions,Between,ระหว่าง,,
flashcards,f6f26b0c-7273-4da0-875b-091dd1628c4d,Prepositions,Above,เหนือ,,
flashcards,0e4a18a9-baf3-46e1-bfe3-c491f0903d22,Prepositions,Below,ต่ำกว่า,,
flashcards,a45bca40-8d48-4445-99dd-ee6c8aeb90f9,Prepositions,Inside,ข้างใน,,
flashcards,163187e8-c5b0-49fe-a581-b6414da49006,Prepositions,Outside,ข้างนอก,,
flashcards,eefc7989-ac0a-4a68-8227-e8a0f8baf3f4,Prepositions,Near,ใกล้,,
flashcards,62655410-aa09-46c9-b7e2-91e19106a8d2,Feelings & Emotions,Happy,?????????,,
flashcards,0f688f0f-1c50-4b2e-aee9-3f392001eaf1,Feelings & Emotions,Sad,?????,,
flashcards,92f697d5-dec1-4e7e-aa5f-0a243fa7ef49,Feelings & Emotions,Angry,????,,
flashcards,ad2f4e61-c629-474a-aab1-d95c3c91cc5d,Feelings & Emotions,Scared,????,,
flashcards,492e1b46-3be3-4e23-91e7-b5ed39b3c9f2,Feelings & Emotions,Surprised,?????????,,
flashcards,160929b5-906b-4c1d-bb61-9d5ef4c73a27,Feelings & Emotions,Tired,???????,,
flashcards,fa551c77-b2c6-4761-9ba8-964c54965bbd,Feelings & Emotions,Hungry,???,,
flashcards,51eb808c-67ad-4c23-9caf-4923a3421ec1,Feelings & Emotions,Excited,????????,,
flashcards,dd7e6c27-6718-4f40-8081-f07fa4cb1073,Feelings & Emotions,Bored,?????,,
flashcards,e4f2862a-97fe-483b-bb27-119796deb99b,Feelings & Emotions,Silly,???????,,
flashcards,ac1b1663-ba13-461c-a990-c54cfebbfb55,Phonics Blending,TR,เสียง ทร,,
flashcards,8f3d784c-6d38-426a-b7fb-618fe1ad9149,Phonics Blending,BR,เสียง บร,,
flashcards,31d431f9-a2a4-4632-b48f-e6391abd4f29,Phonics Blending,BL,เสียง บล,,
flashcards,c3256d09-f39d-413b-b448-eb7e55cc65be,Phonics Blending,ST,เสียง สต,,
flashcards,0c100f07-414b-40e8-bebd-196e7ea0f827,Phonics Blending,SW,เสียง สว,,
flashcards,de21eedb-fda1-4368-a13a-41c9c91e6c10,Phonics Blending,SL,เสียง สล,,
flashcards,4a9d9417-ec3e-46f6-9661-dd3364e18b1f,Phonics Blending,SP,เสียง สป,,
flashcards,f510b3e5-4c37-4787-9bd4-311e3d2fa4a9,Phonics Blending,PR,เสียง พร,,
flashcards,93894fbc-55bd-466c-b31d-9c1d3acd6eb7,Phonics Blending,CR,เสียง คร,,
flashcards,131847b8-1f40-481d-8a1b-0a6555d45343,Phonics Blending,DR,เสียง ดร,,
flashcards,5f70ed64-9da1-484f-8c2e-820e9c68e11f,Phonics Blending,FL,เสียง ฟล,,
flashcards,483cef78-9f17-42fc-8f5b-55b59b5a0e1b,Phonics Blending,FR,เสียง ฟร,,
flashcards,5b5a90dd-f5eb-4ed3-bd42-85ca6c1b5052,Phonics Blending,GR,เสียง กร,,
flashcards,4c06eff4-23e5-4295-b05e-cce6ce1995cf,Phonics Blending,PL,เสียง พล,,
flashcards,7b3d046a-1f88-4460-9060-12f60d87cdac,Phonics Blending,SK,เสียง สก,,
flashcards,9c2c1a75-9f09-4f1a-af93-a5b0c2fbef8c,Phonics Blending,SN,เสียง สน,,
flashcards,a9be66b0-89a6-4051-b604-0cc924e805b5,Jobs & Careers,Teacher,???,,
flashcards,427cac2f-100c-4dfe-9cce-ad5d1d659fe7,Jobs & Careers,Doctor,?????,,
flashcards,e5d806da-7e52-4a73-8cbd-6a3949edc30d,Jobs & Careers,Nurse,??????,,
flashcards,bf6e925d-21e4-492a-98a7-f11bd1fca4be,Jobs & Careers,Firefighter,???????????,,
flashcards,d36832ba-f1e6-4944-9b01-d46481154365,Jobs & Careers,Police Officer,?????,,
flashcards,f86db7c9-2ae9-4beb-9002-a9ed262d36d0,Jobs & Careers,Chef,???????,,
flashcards,fc95b14b-587b-4614-aebc-17b091d7ad31,Jobs & Careers,Farmer,?????,,
flashcards,27676b05-a3dc-44a4-ae0c-3243197065dc,Jobs & Careers,Pilot,??????,,
flashcards,8f2d05ed-54b6-4214-8512-886cd328c54f,Jobs & Careers,Engineer,??????,,
flashcards,02bb895d-ad87-41b7-85ae-9c42dada1a0e,Jobs & Careers,Artist,??????,,
flashcards,19ac66f5-d61e-4353-a969-75a863a01f34,Synonyms & Antonyms,Big,ใหญ่,,
flashcards_example,19ac66f5-d61e-4353-a969-75a863a01f34,Synonyms & Antonyms,The elephant is big.,ช้างตัวใหญ่,,
flashcards,f8de68b0-731b-41e7-a33e-78627c6dc83c,Synonyms & Antonyms,Small,เล็ก,,
flashcards_example,f8de68b0-731b-41e7-a33e-78627c6dc83c,Synonyms & Antonyms,The mouse is small.,หนูตัวเล็ก,,
flashcards,7976a4e3-5cd9-4cae-b0b2-9ade4a949131,Synonyms & Antonyms,Happy,มีความสุข,,
flashcards_example,7976a4e3-5cd9-4cae-b0b2-9ade4a949131,Synonyms & Antonyms,The girl is happy.,เด็กผู้หญิงมีความสุข,,
flashcards,2fca2dca-24bf-42ca-ab70-4b3d6749697d,Synonyms & Antonyms,Sad,เศร้า,,
flashcards_example,2fca2dca-24bf-42ca-ab70-4b3d6749697d,Synonyms & Antonyms,The boy is sad.,เด็กผู้ชายเศร้า,,
flashcards,c67eedcb-2f7b-41b9-abdc-bca1343054f2,Synonyms & Antonyms,Hot,ร้อน,,
flashcards_example,c67eedcb-2f7b-41b9-abdc-bca1343054f2,Synonyms & Antonyms,The soup is hot.,ซุปร้อน,,
flashcards,fa68262b-0782-402d-8c3b-87ee9211b1a1,Synonyms & Antonyms,Cold,เย็น,,
flashcards_example,fa68262b-0782-402d-8c3b-87ee9211b1a1,Synonyms & Antonyms,The ice cream is cold.,ไอศกรีมเย็น,,
flashcards,98835daa-38da-44ac-b336-ffe2abe4a7f9,Synonyms & Antonyms,Fast,เร็ว,,
flashcards_example,98835daa-38da-44ac-b336-ffe2abe4a7f9,Synonyms & Antonyms,The rabbit is fast.,กระต่ายวิ่งเร็ว,,
flashcards,c6659c8d-52e2-45d5-8f00-6c060344753f,Synonyms & Antonyms,Slow,ช้า,,
flashcards_example,c6659c8d-52e2-45d5-8f00-6c060344753f,Synonyms & Antonyms,The turtle is slow.,เต่าเดินช้า,,
flashcards,b43ae98e-f2fb-4575-9300-f5e43ed3503b,Synonyms & Antonyms,Old,เก่า,,
flashcards_example,b43ae98e-f2fb-4575-9300-f5e43ed3503b,Synonyms & Antonyms,The car is old.,รถคันนี้เก่า,,
flashcards,7b4415b7-975f-46fb-bff3-0b104c1c7fef,Synonyms & Antonyms,New,ใหม่,,
flashcards_example,7b4415b7-975f-46fb-bff3-0b104c1c7fef,Synonyms & Antonyms,The shoes are new.,รองเท้าคู่นี้ใหม่,,
flashcards,aadcbc87-14cb-42cf-8001-a99e6f499764,Synonyms & Antonyms,Loud,ดัง,,
flashcards_example,aadcbc87-14cb-42cf-8001-a99e6f499764,Synonyms & Antonyms,The drum is loud.,กลองเสียงดัง,,
flashcards,3e8293b9-403f-4836-afb5-4a6c733ba64d,Synonyms & Antonyms,Quiet,เงียบ,,
flashcards_example,3e8293b9-403f-4836-afb5-4a6c733ba64d,Synonyms & Antonyms,The library is quiet.,ห้องสมุดเงียบ,,
flashcards,1d038d98-6165-4104-84f0-0c9dbb03a3dd,Rhyming Words,Cat / Hat,แมว / หมวก,,
flashcards,372bf616-4a9b-4ddb-abe6-63353fe339c3,Rhyming Words,Dog / Log,สุนัข / ท่อนไม้,,
flashcards,42b318aa-18b9-48ea-b662-6b3f387754fd,Rhyming Words,Sun / Run,ดวงอาทิตย์ / วิ่ง,,
flashcards,e1776736-e805-4cc0-94d8-80e26f5ed1c3,Rhyming Words,Bee / Tree,ผึ้ง / ต้นไม้,,
flashcards,3de6e256-721b-445e-b641-503048f32d12,Rhyming Words,Cake / Lake,เค้ก / ทะเลสาบ,,
flashcards,0d4f0291-eaaa-424d-a403-3d393d3615e3,Rhyming Words,King / Ring,กษัตริย์ / แหวน,,
flashcards,d8a3b0c0-45ca-49d8-919f-03f9967110f2,Rhyming Words,Bear / Chair,หมี / เก้าอี้,,
flashcards,f668efba-990b-4c04-96bd-20045699b00d,Rhyming Words,Boat / Coat,เรือ / เสื้อโค้ท,,
flashcards,60afc027-f0b5-45e8-bbb9-6b615a8458cf,Rhyming Words,Star / Car,ดาว / รถ,,
flashcards,3e9bfd6d-535a-4470-ac3d-d0f0e7517fbf,Rhyming Words,Fish / Dish,ปลา / จาน,,
flashcards,b5468a19-d386-4b36-81fe-7e610fc64674,Food & Drink,Apple,แอปเปิ้ล,,
flashcards,eb8d415f-92bf-4cfd-94c5-a919df9b70e3,Food & Drink,Banana,กล้วย,,
flashcards,1f0d1626-5a0b-404a-a995-ae7c38fcb31c,Food & Drink,Orange,ส้ม,,
flashcards,0811f637-a0d7-450b-afc0-fa945357c767,Food & Drink,Rice,ข้าว,,
flashcards,555ac02d-61d1-4b69-9de6-8e8d248a110e,Food & Drink,Bread,ขนมปัง,,
flashcards,8e5e62d5-d02d-4fb3-bb5c-a1f5fc1b49df,Food & Drink,Egg,ไข่,,
flashcards,69809ac3-cab3-45d4-8c96-d9fe27228151,Food & Drink,Milk,นม,,
flashcards,485097b5-414e-4e10-99a8-0490c2deaa55,Food & Drink,Water,น้ำ,,
flashcards,5e8e079e-c4a6-486e-8570-25a14d4ccac8,Food & Drink,Juice,น้ำผลไม้,,
flashcards,b6f76218-8dd8-4e05-b4cc-50c9578ba291,Food & Drink,Cake,เค้ก,,
flashcards,80601566-aae2-4bed-a0a7-789980682a88,Food & Drink,Cookie,คุกกี้,,
flashcards,c3cf0a99-dc34-4935-a15e-834b7b5538b7,Food & Drink,Chicken,ไก่,,
flashcards,d04298da-ad1b-43ec-a989-d22b959bd9ef,Food & Drink,Fish,ปลา,,
flashcards,ceb0678c-2bea-4d1a-acf2-ba49a33504fa,Food & Drink,Vegetables,ผัก,,
flashcards,a954565d-7a2a-46a7-a279-5c00ea5024a7,Food & Drink,Fruit,ผลไม้,,
flashcards,dbe42665-5b2b-40b3-8423-a6016b732cd0,Animals,Cat,แมว,,
flashcards,6ca04600-2cf6-4729-9121-4d06b7420872,Animals,Dog,สุนัข,,
flashcards,daec6433-3601-4395-baba-0ae7ef094fe9,Animals,Fish,ปลา,,
flashcards,0a1d625b-7e91-47a3-b113-9a4e8abe983d,Animals,Bird,นก,,
flashcards,765cfa09-3931-4d61-93de-9e5525b122f5,Animals,Rabbit,กระต่าย,,
flashcards,f366b5ea-1852-41a6-8579-96028c15dddb,Animals,Elephant,ช้าง,,
flashcards,e8f886b2-e74d-4569-a1a7-4226c821a83c,Animals,Lion,สิงโต,,
flashcards,8e3d58b8-52b1-48eb-86ca-ce32458e06b3,Animals,Tiger,เสือ,,
flashcards,58a9ac61-f24b-4fe6-b81d-5f7df58cd16a,Animals,Monkey,ลิง,,
flashcards,f12b5341-9431-49a7-8b87-163511d962f6,Animals,Snake,งู,,
flashcards,56ed155d-a1e8-46f9-a240-9086769fadd7,Animals,Frog,กบ,,
flashcards,970a34f8-4844-4e6e-af2d-84bd9d731966,Animals,Butterfly,ผีเสื้อ,,
flashcards,4ba29d5d-e75c-4f86-97b3-be07ccffcdb8,Animals,Duck,เป็ด,,
flashcards,5ed20dad-5ed7-4915-b296-71584127cf65,Animals,Horse,ม้า,,
flashcards,967c520e-fd9c-4d77-993e-f9f648c29c25,Animals,Cow,วัว,,
flashcards,7439c305-5aee-4ff6-9791-dccdc962b816,Animals,Pig,หมู,,
flashcards,447dd47f-d21e-4d3d-9cc8-854822594772,Animals,Sheep,แกะ,,
flashcards,cee693ec-d0ef-4558-926b-e4034e0c01ae,Animals,Bear,หมี,,
flashcards,8d6da1d5-212a-498d-8840-4ed2016e3a4a,Animals,Penguin,เพนกวิน,,
flashcards,f8c32399-77ae-468d-8ab4-d7a596e0dd25,Animals,Giraffe,ยีราฟ,,
flashcards,df1ccc76-f55a-495e-b7c7-7b570ad4b9f6,Hobbies,Reading,การอ่านหนังสือ,,
flashcards,280cda60-a9a8-46cd-aed2-5aace7c8f479,Hobbies,Drawing,การวาดรูป,,
flashcards,02ff1b7a-b285-4744-9904-5a771370ff17,Hobbies,Painting,การระบายสี,,
flashcards,6f3f8750-1067-4d36-ab60-a2e9476ab035,Hobbies,Singing,การร้องเพลง,,
flashcards,9a89fbf9-d70d-468b-9df1-b58e83707821,Hobbies,Dancing,การเต้นรำ,,
flashcards,2db7a114-6df6-48f3-ab23-ed3449dfaab8,Hobbies,Swimming,การว่ายน้ำ,,
flashcards,c6d83b99-7d13-4b7f-abb4-c6e137457331,Hobbies,Cooking,การทำอาหาร,,
flashcards,3c44d0b3-22f1-4dd3-b857-d75a2eca0da0,Hobbies,Gardening,การทำสวน,,
flashcards,d8fb2ec4-dd5b-4769-8c6e-ef7960ae6c97,Hobbies,Playing Football,การเล่นฟุตบอล,,
flashcards,188138c3-7799-4865-ad5d-af69d3f121be,Hobbies,Playing Music,การเล่นดนตรี,,
flashcards,7338773d-cac2-47c5-9666-5d6e9308f8ae,Common Verbs,Run,วิ่ง,,
flashcards,54b0ff0c-b739-406c-a020-517384a0ef15,Common Verbs,Jump,กระโดด,,
flashcards,56ac14d3-2639-4416-9d96-1219014b357d,Common Verbs,Sit,นั่ง,,
flashcards,d9a2a521-0f55-432c-91a0-0c8e0a7341fe,Common Verbs,Stand,ยืน,,
flashcards,420b2224-9f2e-406f-9350-42bb5956db2c,Common Verbs,Walk,เดิน,,
flashcards,d1546a8b-3747-46c4-a444-cd1600a7d048,Common Verbs,Eat,กิน,,
flashcards,cd3a12ef-461e-4471-a99e-9a15807bdf47,Common Verbs,Drink,ดื่ม,,
flashcards,3ead54dc-a789-4d27-b8c4-6de8d773f28a,Common Verbs,Sleep,นอน,,
flashcards,491c74d4-636c-4d36-b444-99b81a4c6436,Common Verbs,Play,เล่น,,
flashcards,3b4460ca-5508-4006-8506-4a1267406db9,Common Verbs,Read,อ่าน,,
flashcards,cb47f0ea-a766-4a3e-bdfe-e1bc98beae1f,Common Verbs,Write,เขียน,,
flashcards,0d833591-2463-434a-a7b5-f97561065191,Common Verbs,Draw,วาด,,
flashcards,018257c1-ff33-44a5-a10b-5ff6b5670e30,Common Verbs,Sing,ร้องเพลง,,
flashcards,393e1422-022e-4762-a828-60db216af13a,Common Verbs,Dance,เต้น,,
flashcards,346d8f8a-5a73-4be4-963d-c4bc27546774,Common Verbs,Swim,ว่ายน้ำ,,
flashcards,927dd3fe-bc82-440b-8400-90ff21078e44,Common Verbs,Climb,ปีน,,
flashcards,9f773586-0da5-463f-88f7-9e1409033ab2,Common Verbs,Throw,โยน,,
flashcards,d2f6ecb0-5e04-4666-91da-e3dd67de125a,Common Verbs,Catch,รับ,,
flashcards,8e6bfb55-2a75-4c93-8316-ffa1959d44cb,Common Verbs,Help,ช่วย,,
flashcards,4f108db4-1e80-4ce2-98a6-533c5ece6f9e,Common Verbs,Laugh,หัวเราะ,,
flashcards,d720fb08-f69c-4bf7-b5a5-bc7b16c084b9,Question Words,What,อะไร,,
flashcards_example,d720fb08-f69c-4bf7-b5a5-bc7b16c084b9,Question Words,What is under the cloth?,มีอะไรอยู่ใต้ผ้า?,,
flashcards,7fd285bc-4e32-4ed9-9e64-ad7167303edc,Question Words,Who,ใคร,,
flashcards_example,7fd285bc-4e32-4ed9-9e64-ad7167303edc,Question Words,Who is at the door?,ใครอยู่ที่ประตู?,,
flashcards,326a1cbf-f374-4efd-a6ef-004823d8f153,Question Words,Where,ที่ไหน,,
flashcards_example,326a1cbf-f374-4efd-a6ef-004823d8f153,Question Words,Where is Ollie?,โอลลี่อยู่ที่ไหน?,,
flashcards,7099613c-d985-48c1-a7c2-cf7e89571af5,Question Words,When,เมื่อไหร่,,
flashcards_example,7099613c-d985-48c1-a7c2-cf7e89571af5,Question Words,When is it time to go to school?,เมื่อไหร่ถึงเวลาไปโรงเรียน?,,
flashcards,782c77f8-a5de-4916-b7c5-13d14774fa3f,Question Words,Why,ทำไม,,
flashcards_example,782c77f8-a5de-4916-b7c5-13d14774fa3f,Question Words,Why does Ollie have an umbrella in the house?,ทำไมโอลลี่ถึงกางร่มในบ้าน?,,
flashcards,0b9ad413-ddd4-447e-af9e-5aef92da0048,Question Words,How,อย่างไร,,
flashcards_example,0b9ad413-ddd4-447e-af9e-5aef92da0048,Question Words,How can I open this jar?,ฉันจะเปิดขวดโหลนี้ได้อย่างไร?,,
flashcards,9e23a9a9-430a-4536-9be0-bd1d90d79091,Question Words,Which,อันไหน,,
flashcards_example,9e23a9a9-430a-4536-9be0-bd1d90d79091,Question Words,Which flavor of ice cream do I want?,ฉันอยากได้ไอศกรีมรสไหน?,,
flashcards,40db7c48-6894-4004-9596-71eb6e3dbf8e,Question Words,Whose,ของใคร,,
flashcards_example,40db7c48-6894-4004-9596-71eb6e3dbf8e,Question Words,Whose backpack is this?,กระเป๋าเป้ใบนี้เป็นของใคร?,,
flashcards,041cc947-a68b-47f3-8337-28f8e6165085,Question Words,How many,กี่,,
flashcards_example,041cc947-a68b-47f3-8337-28f8e6165085,Question Words,How many apples are there?,มีแอปเปิ้ลกี่ลูก?,,
flashcards,a743d9bc-3230-4ace-bd35-555de3cfa65c,Question Words,How much,เท่าไหร่,,
flashcards_example,a743d9bc-3230-4ace-bd35-555de3cfa65c,Question Words,How much does the elephant toy cost?,ตุ๊กตาช้างราคาเท่าไหร่?,,
flashcards,dc0db386-acd5-4bbd-850f-ccb75fb701ed,Question Words,How often,บ่อยแค่ไหน,,
flashcards_example,dc0db386-acd5-4bbd-850f-ccb75fb701ed,Question Words,How often should I water my plant?,ฉันควรรดน้ำต้นไม้บ่อยแค่ไหน?,,
flashcards,cc550954-86f4-49f9-beab-8b2ab2a81e82,Question Words,How long,นานเท่าไหร่,,
flashcards_example,cc550954-86f4-49f9-beab-8b2ab2a81e82,Question Words,How long does it take to read the book?,ใช้เวลาอ่านหนังสือนานเท่าไหร่?,,
flashcards,5a6fd8de-78a6-4493-a944-d7bf70e3b92b,Question Words,How tall,สูงเท่าไหร่,,
flashcards_example,5a6fd8de-78a6-4493-a944-d7bf70e3b92b,Question Words,How tall is Nong Fah?,น้องฟ้าสูงเท่าไหร่?,,
flashcards,f3f6c566-95a9-4fdd-a876-d4e0970bd426,Numbers & Counting,Zero,ศูนย์,,
flashcards,8cbbe0ec-1841-4a84-ab24-d510c1c4e268,Numbers & Counting,One,หนึ่ง,,
flashcards,c2ff16ed-6d8f-4372-a22c-20b2d8925c05,Numbers & Counting,Two,สอง,,
flashcards,972fcc55-2dd1-4ddf-a31b-b7376ad5ef47,Numbers & Counting,Three,สาม,,
flashcards,26b05117-ae19-4781-a1ec-242235a07685,Numbers & Counting,Four,สี่,,
flashcards,be8095e3-6302-4201-9c96-d1c076511fef,Numbers & Counting,Five,ห้า,,
flashcards,ef538ce3-510b-41f6-82d6-35d178680685,Numbers & Counting,Six,หก,,
flashcards,0a405019-0f43-4b29-a1e8-30976138b9df,Numbers & Counting,Seven,เจ็ด,,
flashcards,3d39529a-764d-4134-b476-b0ebf64a22b6,Numbers & Counting,Eight,แปด,,
flashcards,070585a2-10bc-480d-bb5c-87c3220d46f7,Numbers & Counting,Nine,เก้า,,
flashcards,e323b555-01d5-4ffc-86fa-680839287ff1,Numbers & Counting,Ten,สิบ,,
flashcards,75484609-2cba-45a7-8a3c-e2eeca91b07f,Numbers & Counting,Eleven,สิบเอ็ด,,
flashcards,7ac9006c-27fb-4c6b-bdfa-f63cb92c81db,Numbers & Counting,Twelve,สิบสอง,,
flashcards,b290a235-dc19-4b9b-a850-c2285cbbe648,Phonics Sounds,Short A,เสียง อะ สั้น,,
flashcards,bf0d2c14-8014-4ab4-8352-694acaa00d64,Phonics Sounds,Short E,เสียง เอะ สั้น,,
flashcards,87d7d056-fdfb-447f-84e9-cac7e5dd8212,Phonics Sounds,Short I,เสียง อิ สั้น,,
flashcards,8cd31634-2552-4785-8a50-1bca6cee8813,Phonics Sounds,Short O,เสียง โอะ สั้น,,
flashcards,3282324b-c092-4abc-bfdf-f00948120ec2,Phonics Sounds,Short U,เสียง อะ สั้น,,
flashcards,79d69b00-4ccd-4e88-998c-fd3b9c9fe41f,Phonics Sounds,Long A,เสียง เอ ยาว,,
flashcards,237a1472-5fe6-4a7c-85b9-f2ae49e1efa4,Phonics Sounds,Long E,เสียง อี ยาว,,
flashcards,d76907f2-a892-4f92-b2d8-18674b3e893f,Phonics Sounds,Long I,เสียง ไอ ยาว,,
flashcards,5b292cbe-347c-4bdd-a458-0301ef38ec3b,Phonics Sounds,Long O,เสียง โอ ยาว,,
flashcards,1184737b-a90c-4705-8c14-232709b3c5d0,Phonics Sounds,Long U,เสียง ยู ยาว,,
flashcards,ee3bb576-2142-4d5e-b6bf-17c3f69b45f7,Phonics Sounds,SH,เสียง ช (ชิ),,
flashcards,b1c0fa47-ab09-4607-b7bc-da163eb43211,Phonics Sounds,CH,เสียง ช (ชะ),,
flashcards,fbd7b4f4-273b-4c5f-be39-77e2fab7e449,Phonics Sounds,Soft TH,เสียง ธ ไม่ออกเสียง,,
flashcards,882765c6-7462-46f9-a4b8-16b40008a580,Phonics Sounds,Hard TH,เสียง ธ ออกเสียง,,
flashcards,47d7d8d5-d003-4fac-a44b-0d17feec0e34,Phonics Sounds,NG,เสียง ง,,
flashcards,ffd134c7-40df-489c-9c34-df5e42105d8d,Phonics Sounds,WH,เสียง วฮ,,
flashcards,a9d22118-5ea8-4e7f-bd60-6c62ccb091f1,Phonics Sounds,AR,เสียง อาร์,,
flashcards,a4aeff24-76c1-4501-9843-edd76a769f2a,Phonics Sounds,OR,เสียง ออร์,,
flashcards,46dada93-d887-4bfb-8d1b-4130d77a8334,Phonics Sounds,ER,เสียง เออร์,,
flashcards,87759dbd-32ca-4ec5-a14b-df2417f94269,Phonics Sounds,EAR,เสียง เอียร์,,
flashcards,8e84e5a8-2eaa-4bfd-821f-e86c43406400,Phonics Sounds,AIR,เสียง แอร์,,
flashcards,0a02af5c-9186-4978-8a18-e531a7ab1ec3,Phonics Sounds,OO (long),เสียง อู ยาว,,
flashcards,02eef093-e7c7-41b2-8bd1-0fd4f8796b94,Phonics Sounds,OO (short),เสียง อุ สั้น,,
flashcards,22294e02-c97f-49f8-a644-1041f17713c0,Phonics Sounds,OW,เสียง อาว,,
flashcards,ef84f39f-1481-4b54-8f8c-6f7a33574ee0,Phonics Sounds,OI,เสียง ออย,,
flashcards,25606807-b33f-4a7f-b2a5-e010acbf0ae7,Phonics Sounds,AI,เสียง เอ,,
flashcards,64e818c4-c32e-470f-9f5c-282af68f86ad,Phonics Sounds,EA,เสียง อี,,
flashcards,b9d9cd34-46f0-4070-a196-6dc9b1ec738f,Phonics Sounds,B,เสียง บ,,
flashcards,6a586fb0-c0ff-4cce-9e44-6530866f1061,Phonics Sounds,D,เสียง ด,,
flashcards,7cc0295f-d602-4f71-8796-33cd217447db,Phonics Sounds,F,เสียง ฟ,,
flashcards,432c1647-2556-4d08-acbb-e61b7615fad9,Phonics Sounds,G,เสียง ก,,
flashcards,4bdaeb0d-cf19-4cd0-99d7-e45d60c8ce6d,Phonics Sounds,H,เสียง ฮ,,
flashcards,08eb5196-5c1e-4ac8-9f47-928835b3cab1,Phonics Sounds,J,เสียง จ,,
flashcards,4e837ea1-42be-4ab4-b116-4e3c30d2d7f0,Phonics Sounds,K,เสียง ค,,
flashcards,5634ce47-cf38-480b-bad1-f20901dda0a3,Phonics Sounds,L,เสียง ล,,
flashcards,604b6d32-eced-4960-9828-85dbc5a86bb9,Phonics Sounds,M,เสียง ม,,
flashcards,0bb1bcf0-789a-4c1e-84ca-6e52fc1fa1c9,Phonics Sounds,N,เสียง น,,
flashcards,625f0f22-653d-4b92-9681-710bf43351d5,Phonics Sounds,P,เสียง พ,,
flashcards,ea67c46d-2aca-4802-bb75-ee988ce0a7ed,Phonics Sounds,R,เสียง ร,,
flashcards,1c8929d6-175a-4a24-99f7-d2f39800e2bf,Phonics Sounds,S,เสียง ส,,
flashcards,2a8f5e72-0d87-43be-86d5-a8de8b84201e,Phonics Sounds,T,เสียง ต,,
flashcards,ee8d6dbc-7d1a-4795-a008-238cc280d3ba,Phonics Sounds,V,เสียง ว,,
flashcards,2537db14-6292-4798-9393-71405924d604,Phonics Sounds,W,เสียง ว,,
flashcards,9502f96f-fc7a-4e7d-9c03-688f28096586,Phonics Sounds,Z,เสียง ซ,,
flashcards,86bcba9c-27bb-4106-8262-79ce3ec4398e,At School,Book,หนังสือ,,
flashcards,bc0fd95d-621c-490d-b569-85f5f7e003ba,At School,Pencil,ดินสอ,,
flashcards,7db07e49-091d-4f68-b4c4-2468e908d4ad,At School,Pen,ปากกา,,
flashcards,9459b403-ccf6-4c5b-8320-96f4b9243c20,At School,Ruler,ไม้บรรทัด,,
flashcards,703d4930-d89e-4781-aa7e-dfbe11baa55e,At School,Scissors,กรรไกร,,
flashcards,b9c88e81-6fef-4b42-af77-5b75dfbb9653,At School,Glue,กาว,,
flashcards,57afdc25-a8d5-4ee9-a623-0de4ef33ce40,At School,Backpack,กระเป๋านักเรียน,,
flashcards,2d675fd1-2326-469d-aabe-d3818dc0c120,At School,Desk,โต๊ะเรียน,,
flashcards,464b0152-e149-4a80-9e03-2059a6e1af5b,At School,Blackboard,กระดานดำ,,
flashcards,5fcb7dfe-e291-4701-926b-5831be5a84ef,At School,Eraser,ยางลบ,,
flashcards,fa0d719b-be43-4972-81c2-6317399e6234,At School,Crayon,สีเทียน,,
flashcards,0299cd50-bfb7-41ae-8636-88c73948005e,At School,Paper,กระดาษ,,
flashcards,ad1e5f31-d3d9-42ef-a661-95a7de481419,Adjectives,Soft,นุ่ม,,
flashcards,67af7210-a708-47a5-9c0c-4af9622e9cb8,Adjectives,Hard,แข็ง,,
flashcards,34255274-2441-4ef8-bbf8-51a513fd6e57,Adjectives,Rough,หยาบ,,
flashcards,3bacdb53-8644-4b2a-a1a8-240f19d418d2,Adjectives,Smooth,เรียบ,,
flashcards,408a5e02-cf15-401c-90a6-4c0d58790578,Adjectives,Round,กลม,,
flashcards,78fc485b-616e-4288-8388-d0b5ca778b39,Adjectives,Flat,แบน,,
flashcards,90859831-3559-4d03-832f-0a2527af4d41,Adjectives,Sweet,หวาน,,
flashcards,3974c12e-b2e4-4a84-90a9-d801b8e965f8,Adjectives,Sour,เปรี้ยว,,
flashcards,1cc058b0-bbf3-4b08-8e64-0e9fa287b051,Adjectives,Brave,กล้าหาญ,,
flashcards,11e7f0ad-10ed-4a14-aed3-f5896888a648,Adjectives,Kind,ใจดี,,
flashcards,75b42580-5957-425e-848c-bf2ddee00a72,Adjectives,Smart,ฉลาด,,
flashcards,f9d3c330-e6b6-4b4b-9af5-5c739ffb1c87,Adjectives,Funny,ตลก,,
flashcards,e45ae147-0e08-49f1-8eff-7cf4cbe2467e,Countable & Uncountable,Many,มาก (นับได้),,
flashcards_example,e45ae147-0e08-49f1-8eff-7cf4cbe2467e,Countable & Uncountable,There are many apples in the basket.,มีแอปเปิ้ลหลายลูกในตะกร้า,,
flashcards,54789ba8-1f3c-4ade-8ca2-8b23f27f0b90,Countable & Uncountable,Much,มาก (นับไม่ได้),,
flashcards_example,54789ba8-1f3c-4ade-8ca2-8b23f27f0b90,Countable & Uncountable,There is so much water in the pitcher.,มีน้ำเยอะมากในเหยือก,,
flashcards,cd913beb-81a7-4fa9-be81-60ed5556872d,Countable & Uncountable,A few,สองสาม (นับได้),,
flashcards_example,cd913beb-81a7-4fa9-be81-60ed5556872d,Countable & Uncountable,I have a few strawberries.,ฉันมีสตรอว์เบอร์รีสองสามลูก,,
flashcards,90916835-518f-4d70-adbf-6f9491828797,Countable & Uncountable,A little,นิดหน่อย (นับไม่ได้),,
flashcards_example,90916835-518f-4d70-adbf-6f9491828797,Countable & Uncountable,There is a little juice in the glass.,มีน้ำผลไม้นิดหน่อยในแก้ว,,
flashcards,c3a06e2c-3ebf-42e4-9802-0aaf75b16590,Countable & Uncountable,Fewer,น้อยกว่า (นับได้),,
flashcards_example,c3a06e2c-3ebf-42e4-9802-0aaf75b16590,Countable & Uncountable,Now there are fewer apples.,ตอนนี้มีแอปเปิ้ลน้อยลง,,
flashcards,6dc57b24-5743-4b99-8c2f-eedd4a67f39e,Countable & Uncountable,Less,น้อยกว่า (นับไม่ได้),,
flashcards_example,6dc57b24-5743-4b99-8c2f-eedd4a67f39e,Countable & Uncountable,Now there is less water.,ตอนนี้มีน้ำน้อยลง,,
flashcards,a20f19a6-0cf3-4c0b-b909-d6e4ebd923a7,Countable & Uncountable,More,มากกว่า,,
flashcards_example,a20f19a6-0cf3-4c0b-b909-d6e4ebd923a7,Countable & Uncountable,Now there are more apples.,ตอนนี้มีแอปเปิ้ลมากขึ้น,,
flashcards,f175f6fd-a26a-4b3d-96eb-1bb5f54b6cef,Countable & Uncountable,Some,บ้าง,,
flashcards_example,f175f6fd-a26a-4b3d-96eb-1bb5f54b6cef,Countable & Uncountable,There are some cookies on the plate.,มีคุกกี้บ้างบนจาน,,
flashcards,426c2036-8b30-4d78-b2dc-345e32ae3946,Countable & Uncountable,A lot of,เยอะมาก,,
flashcards_example,426c2036-8b30-4d78-b2dc-345e32ae3946,Countable & Uncountable,There are a lot of bananas.,มีกล้วยเยอะมาก,,
flashcards,4ef31756-3cc8-44d6-bbbe-79289ef78ffe,Countable & Uncountable,None,ไม่มีเลย,,
flashcards_example,4ef31756-3cc8-44d6-bbbe-79289ef78ffe,Countable & Uncountable,The basket is empty. There are none.,ตะกร้าว่างเปล่า ไม่มีเลย,,
flashcards,dd62c73e-3a89-4f30-a860-f4e6ba80ef74,Countable & Uncountable,How many?,กี่... (นับได้),,
flashcards_example,dd62c73e-3a89-4f30-a860-f4e6ba80ef74,Countable & Uncountable,How many marbles are there?,มีลูกแก้วกี่ลูก?,,
flashcards,c3416f2c-0cea-43c4-8c0e-48557b540760,Countable & Uncountable,How much?,เท่าไหร่ (นับไม่ได้),,
flashcards_example,c3416f2c-0cea-43c4-8c0e-48557b540760,Countable & Uncountable,How much milk is there?,มีนมเท่าไหร่?,,
flashcards,66c1eaac-c57f-452b-8576-eff1f27a7099,Buildings,House,บ้าน,,
flashcards,a81b208b-2ca8-4bc5-a5be-a52cde4b4767,Buildings,School,โรงเรียน,,
flashcards,389ab1b4-49c0-4549-b9de-effc37fc7680,Buildings,Hospital,โรงพยาบาล,,
flashcards,827b0825-2eb2-4c2e-9167-5f8447f864be,Buildings,Shop,ร้านค้า,,
flashcards,07aec476-428a-45bc-9d48-cc5714cd9d88,Buildings,Restaurant,ร้านอาหาร,,
flashcards,9f09962c-1458-459f-9c4a-040a076ce2a0,Buildings,Library,ห้องสมุด,,
flashcards,193643a5-31d6-4453-82e9-644b78158948,Buildings,Church,โบสถ์,,
flashcards,ab233a1a-d4fa-4b78-a7ce-3bcb3ebcb21a,Buildings,Temple,วัด,,
flashcards,ce2f9eba-ebd8-48e2-88ff-d2b0b79e670c,Buildings,Bank,ธนาคาร,,
flashcards,44a4aee5-fd42-4621-a50a-58ce3a8b28c0,Buildings,Hotel,โรงแรม,,
flashcards,3645ff5a-1d78-4f3c-8805-ba22a63e726f,Five Senses,See,มองเห็น,,
flashcards,79689ec7-37de-4502-a73d-2ee075e54a6a,Five Senses,Hear,ได้ยิน,,
flashcards,fcbd3600-5ac5-40b3-9a0a-318539d7ae0b,Five Senses,Smell,ได้กลิ่น,,
flashcards,f1bfe05f-2623-4c89-a757-9fd5f802c30c,Five Senses,Taste,รับรส,,
flashcards,0c20c75d-2c5f-47bc-a918-66cd6767b886,Five Senses,Touch,สัมผัส,,
flashcards,46229734-a52f-4e8b-aa00-742daa992eec,Around the House,Door,ประตู,,
flashcards,e1e1039a-de79-4c9a-b54f-7ad9135e8b4e,Around the House,Window,หน้าต่าง,,
flashcards,bbad3556-d8a7-4200-95be-c31518a83ec4,Around the House,Chair,เก้าอี้,,
flashcards,edb3de3a-ff0c-495d-bf70-9a1f6e09476d,Around the House,Table,โต๊ะ,,
flashcards,daec2de1-2238-43bc-8b7b-0ddbd4525844,Around the House,Bed,เตียง,,
flashcards,0feda105-aeaf-429b-857b-015024fe5d67,Around the House,Sofa,โซฟา,,
flashcards,bba86442-9247-452d-9050-b16b95e09bb9,Around the House,Lamp,โคมไฟ,,
flashcards,a42e69b0-d81e-4b3a-8277-4d64877ad075,Around the House,Clock,นาฬิกา,,
flashcards,9972ddc0-7781-4ff3-abf4-c3305d07c7c8,Around the House,Television,โทรทัศน์,,
flashcards,53d5268a-eab2-4b95-9d29-103adaa7ef97,Around the House,Refrigerator,ตู้เย็น,,
flashcards,8721af94-8055-457b-9b15-655e9da3c440,Around the House,Bathroom,ห้องน้ำ,,
flashcards,653098eb-b6a9-4ff6-a374-eb13fcfc62ba,Around the House,Kitchen,ครัว,,
quiz_questions,02daceb7-5b16-4d34-9a5e-5f4f0c60b393,Shapes,A sticky note is a ___.,กระดาษโน้ตเป็นรูป ___,,
quiz_questions,07cc9152-5cb4-4927-93da-8fa9da705cb5,Shapes,A mirror is often shaped like an ___,กระจกมักมีรูปร่างเหมือน ___,,
quiz_questions,08a32a3e-1c2f-473b-b17d-10cbefd16b15,Shapes,A slice of pizza is a ___.,พิซซ่าหนึ่งชิ้นเป็นรูป ___,,
quiz_questions,0e853d76-aa6b-4646-b02e-63a73612af6f,Shapes,A slice of watermelon looks like a ___.,แตงโมหนึ่งชิ้นดูเหมือน ___,,
quiz_questions,0e9b0119-cf29-4c77-b586-81c5f6c30894,Shapes,A ring has a shiny ___.,แหวนมี ___ แวววาว,,
quiz_questions,230cec58-2979-44b1-b6d5-c037767e623f,Shapes,A starfish looks like a ___.,ปลาดาวดูเหมือน ___,,
quiz_questions,2a95089f-1761-4884-ac24-7b68a2e800f3,Shapes,A mountain looks like a ___.,ภูเขาดูเหมือน ___,,
quiz_questions,2b8b4da4-7f08-41ea-98bb-1be4750124a2,Shapes,A bed is a ___.,เตียงเป็นรูป ___,,
quiz_questions,37e28aee-53ef-442d-a5e4-76d66a2e04f8,Shapes,A chocolate box is shaped like a ___ on Valentine's Day,กล่องช็อกโกแลตวันวาเลนไทน์มีรูปร่างเหมือน ___,,
quiz_questions,3976d81e-8eae-48fe-9258-adfba596532c,Shapes,Your face is an ___.,ใบหน้าของคุณเป็นรูป ___,,
quiz_questions,3ebc4c57-95b2-4ca7-97b2-3fcf903c8606,Shapes,The queen's crown has a shiny ___.,มงกุฎราชินีมี ___ แวววาว,,
quiz_questions,41cafcc2-7119-4dc7-a362-13a283d860fa,Shapes,A cracker is often a ___.,แครกเกอร์มักเป็นรูป ___,,
quiz_questions,4ca7689a-e10f-47dc-8df4-47ec27cf9e2f,Shapes,Mom's necklace has a little ___.,สร้อยคอของแม่มี ___ ดวงเล็กๆ,,
quiz_questions,4e8fbfcc-4a8a-4cb7-b175-bcb153d05450,Shapes,A pizza is shaped like a ___,พิซซ่ามีรูปร่างเหมือน ___,,
quiz_questions,508e1a5b-4fa4-43c0-8360-372c71a3b292,Shapes,A badge on a sheriff is shaped like a ___,ตราบนเสื้อนายอำเภอมีรูปร่างเหมือน ___,,
quiz_questions,541a7416-a5b3-4a33-a033-ef4111743763,Shapes,A window is usually shaped like a ___,หน้าต่างมักมีรูปร่างเหมือน ___,,
quiz_questions,578efd5c-69e3-436b-a6cf-4789afd7b0bb,Shapes,A gift box can be a ___.,กล่องของขวัญอาจเป็นรูป ___,,
quiz_questions,5af66b08-c784-4523-a8b2-fcf25f8c5634,Shapes,A kite looks like a ___.,ว่าวดูเหมือน ___,,
quiz_questions,5cd4af40-0e78-4726-b28a-7d58feebd141,Shapes,The sun looks like a ___,ดวงอาทิตย์ดูเหมือน ___,,
quiz_questions,6e134a1e-0dc0-4f40-ad1b-e450e4e6100d,Shapes,A window is often a ___.,หน้าต่างมักเป็นรูป ___,,
quiz_questions,719465fe-f520-43cf-9839-f240ea20661c,Shapes,An egg is an ___.,ไข่เป็นรูป ___,,
quiz_questions,785c01d0-02cf-4b2e-9e25-6353c5f889fa,Shapes,The sun looks like a ___.,ดวงอาทิตย์ดูเหมือน ___,,
quiz_questions,7eeb9c21-413e-432d-a97e-dfcbfa907278,Shapes,You see a ___ twinkle in the night sky.,คุณเห็น ___ กะพริบบนท้องฟ้ายามค่ำคืน,,
quiz_questions,80217f18-8dc7-48ac-a769-0fe103f253f5,Shapes,A gift box is shaped like a ___,กล่องของขวัญมีรูปร่างเหมือน ___,,
quiz_questions,817a4060-c487-48ab-af1b-3f1f098ae5eb,Shapes,A ___ has two bumps on top and a point at the bottom.,___ มีสองโค้งด้านบนและแหลมด้านล่าง,,
quiz_questions,8236b2ac-3b2a-4972-8b17-39b619e1249c,Shapes,A big serving plate can be an ___.,จานเสิร์ฟใบใหญ่อาจเป็นรูป ___,,
quiz_questions,8852c4f8-9cf3-4933-8ca4-faa706fe3daa,Shapes,An egg is shaped like an ___,ไข่มีรูปร่างเหมือน ___,,
quiz_questions,894928c6-8343-46d4-9b3b-b6ac84976621,Shapes,"Twinkle, twinkle, little ___!",กะพริบ กะพริบ เจ้า ___ ดวงน้อย!,,
quiz_questions,896e40d0-29c4-4969-8706-0b1286e4b0dc,Shapes,We draw a ___ with five points.,เราวาด ___ ที่มีห้าแฉก,,
quiz_questions,8aa6d25e-6feb-4c6e-833e-572d2d897c7a,Shapes,"A ___ has four points: top, bottom, left, and right.",___ มีสี่มุม: บน ล่าง ซ้าย ขวา,,
quiz_questions,8ad09320-8c6e-4f25-a61b-70162c280b24,Shapes,A watermelon is an ___.,แตงโมทั้งลูกเป็นรูป ___,,
quiz_questions,8e1b8555-4599-4202-9ed9-1b043646cf4f,Shapes,A phone screen is shaped like a ___,หน้าจอโทรศัพท์มีรูปร่างเหมือน ___,,
quiz_questions,8ec617c7-6a43-4545-8c54-dd271da534e0,Shapes,A slice of pizza looks like a ___,พิซซ่าหนึ่งชิ้นดูเหมือน ___,,
quiz_questions,8f472389-5c7a-41d7-bddc-f69fe92e93e4,Shapes,A door is a ___.,ประตูเป็นรูป ___,,
quiz_questions,96416d0d-5696-4c3f-89f6-1800e7e8f6de,Shapes,A coin is a ___.,เหรียญเป็นรูป ___,,
quiz_questions,969cc52b-c131-4d7d-8669-67f18775ffdb,Shapes,A kite you fly in the sky is shaped like a ___,ว่าวที่เราเล่นมีรูปร่างเหมือน ___,,
quiz_questions,96ca994e-c377-4cab-89d2-9873e8c49c8e,Shapes,A clock face is a ___.,หน้าปัดนาฬิกาเป็นรูป ___,,
quiz_questions,99ce891a-40d1-486a-8193-77d2d08fb104,Shapes,A baseball field has a shape called a ___,สนามเบสบอลมีรูปร่างเรียกว่า ___,,
quiz_questions,9de047fe-3c67-4fc8-8fc3-e23c5460bef6,Shapes,A ___ means love.,___ หมายถึงความรัก,,
quiz_questions,9f27f690-a527-4506-ac74-6bf88fd13af9,Shapes,A yield road sign is shaped like a ___,ป้ายจราจรให้ทางมีรูปร่างเหมือน ___,,
quiz_questions,a49c49f4-78db-4f20-8a1d-87a6c17558d0,Shapes,A dice is shaped like a ___,ลูกเต๋ามีรูปร่างเหมือน ___,,
quiz_questions,a4a0a523-6f32-4b8a-9e7f-a0903b058d1b,Shapes,A clock face is shaped like a ___,หน้าปัดนาฬิกามีรูปร่างเหมือน ___,,
quiz_questions,aa4475ef-3fca-4135-8ff4-f533588063ea,Shapes,I love you! I draw a ___.,ฉันรักคุณ! ฉันวาด ___,,
quiz_questions,adfa9b08-4a84-4bea-ac7a-9e887bdf56bf,Shapes,A book is shaped like a ___,หนังสือมีรูปร่างเหมือน ___,,
quiz_questions,b2bec175-db3d-47ff-af7c-41f33d86b8ac,Shapes,A phone is a ___.,โทรศัพท์เป็นรูป ___,,
quiz_questions,b3bdf304-9e46-4fbd-a510-271b7c380f40,Shapes,The top of a Christmas tree has a ___.,ยอดต้นคริสต์มาสมี ___,,
quiz_questions,b770be9d-49b3-4343-9288-da30dc8bf38e,Shapes,A valentine card has a big ___.,การ์ดวาเลนไทน์มี ___ ดวงใหญ่,,
quiz_questions,b9d59034-4a11-43a6-a961-ffb766d2e7c2,Shapes,A ___ looks like a square standing on its corner.,___ ดูเหมือนสี่เหลี่ยมที่ตั้งอยู่บนมุม,,
quiz_questions,ba9a38d8-563f-4fe5-a85f-3424787bb369,Shapes,A coin is shaped like a ___,เหรียญมีรูปร่างเหมือน ___,,
quiz_questions,c0f7a6a8-b0f1-49e3-bdb7-55413e7c7205,Shapes,The roof of a house looks like a ___.,หลังคาบ้านดูเหมือน ___,,
quiz_questions,c79f2235-ec8f-4242-a736-cf8859dc6402,Shapes,A frisbee is shaped like a ___,จานร่อนมีรูปร่างเหมือน ___,,
quiz_questions,cba3d7c2-7e49-4ffd-a525-34a9481338d8,Shapes,A ball is round like a ___.,ลูกบอลกลมเหมือน ___,,
quiz_questions,cd296e3a-9fae-4d01-8089-9ae7081e7726,Shapes,A ___ has two long sides and two short sides.,___ มีด้านยาวสองด้านและด้านสั้นสองด้าน,,
quiz_questions,cd5fc00a-4f35-48e1-adbf-491416b4b94c,Shapes,A wheel is a ___.,ล้อรถเป็นรูป ___,,
quiz_questions,e169a91b-9fc0-45da-a641-3a55e41d7d0c,Shapes,A love emoji looks like a ___,อิโมจิความรักดูเหมือน ___,,
quiz_questions,e319b006-39c9-411e-9e1f-5445f7f5188b,Shapes,A ___ has three sides.,___ มีสามด้าน,,
quiz_questions,e4bdad5c-6446-454a-a1f4-8c2b256c4f5e,Shapes,A book is a ___.,หนังสือเป็นรูป ___,,
quiz_questions,ea00b344-b693-4078-b23d-b5565d0ef4ec,Shapes,A watermelon slice looks like a ___,แตงโมหนึ่งชิ้นดูเหมือน ___,,
quiz_questions,f2ca5efa-cd4b-4714-958b-2b5a6fced762,Shapes,A ___ has four equal sides.,___ มีสี่ด้านเท่ากัน,,
quiz_questions,f52114ac-2ea7-4e13-9c72-205f67f47758,Shapes,An ___ is a stretched circle.,___ คือวงกลมที่ถูกยืดออก,,
quiz_questions,01b36e07-9c37-4caf-b811-30b10a98e36d,Subject & Verb,She ___ to school every day,เธอ ___ ไปโรงเรียนทุกวัน,,
quiz_questions,0527fb8e-ecc3-40ab-8071-0a5c35a18607,Subject & Verb,I ___ breakfast every morning,ฉัน ___ อาหารเช้าทุกเช้า,,
quiz_questions,165f9a31-ab21-47f1-b445-3759dd00136a,Subject & Verb,They ___ football on Sundays,พวกเขา ___ ฟุตบอลวันอาทิตย์,,
quiz_questions,169b9c73-81f7-42e4-adcd-1da250639d88,Subject & Verb,The fish ___ in the sea every day,ปลา ___ ในทะเลทุกวัน,,
quiz_questions,2013ff16-ffd1-49b3-974f-086f7a5623f1,Subject & Verb,The cat ___ sleepy.,แมว ___ ง่วงนอน,,
quiz_questions,20528a86-dd83-45a2-b344-8d93bb397dfb,Subject & Verb,The bird ___ in the tree.,นก ___ อยู่บนต้นไม้,,
quiz_questions,25073887-5353-433d-9d7b-3b94c300af33,Subject & Verb,The cat always ___ after lunch,แมวมักจะ ___ หลังอาหารกลางวัน,,
quiz_questions,342cc068-6a05-4f67-9d5e-dc7528e969e8,Subject & Verb,The ___ barks loudly.,___ เห่าเสียงดัง,,
quiz_questions,394b8e9f-6922-4c52-91c0-905a8e057195,Subject & Verb,Nong Fah ___ a beautiful song.,น้องฟ้า ___ เพลงเพราะๆ,,
quiz_questions,3f583f9b-f755-4228-ac9f-b9e613ae046a,Subject & Verb,My shoes ___ new.,รองเท้าของฉัน ___ ใหม่,,
quiz_questions,45942b8f-1940-46c9-8ca4-b08e05ac9379,Subject & Verb,The baby ___ all night long,ทารก ___ ตลอดทั้งคืน,,
quiz_questions,4ad08d4d-9ead-4095-959d-0863ce778736,Subject & Verb,They ___ in the pool.,พวกเขา ___ ในสระ,,
quiz_questions,568fe550-762c-4c01-bac8-64405cd85501,Subject & Verb,___ jumps over the fence.,___ กระโดดข้ามรั้ว,,
quiz_questions,577dfb2b-7adc-409a-865f-116b8077c61b,Subject & Verb,We ___ football together.,เรา ___ ฟุตบอลด้วยกัน,,
quiz_questions,595377ff-90b0-4f39-a0ae-71454af5fda6,Subject & Verb,She ___ her hair every morning,เธอ ___ ผมทุกเช้า,,
quiz_questions,59a5709b-99d9-426a-a4d8-4d76956e7462,Subject & Verb,She ___ my best friend.,เธอ ___ เพื่อนสนิทของฉัน,,
quiz_questions,5b238093-7b33-4f4e-93e9-eea8b578d87a,Subject & Verb,We ___ our hands before eating,พวกเรา ___ มือก่อนกินข้าว,,
quiz_questions,5b4a0806-b43d-431d-89ec-9c38090a61d6,Subject & Verb,The little bird ___ to the tree,นกตัวน้อย ___ ไปที่ต้นไม้,,
quiz_questions,65689da8-6f6e-4b22-8732-85ba625ab813,Subject & Verb,We ___ English at school,พวกเรา ___ ภาษาอังกฤษที่โรงเรียน,,
quiz_questions,688f299a-7a0f-4502-b78b-a85cc061b83d,Subject & Verb,My mom ___ dinner every night.,แม่ของฉัน ___ มื้อเย็นทุกคืน,,
quiz_questions,68b5e31b-b4af-4cf8-b39b-d086f2e28f3e,Subject & Verb,___ runs fast.,___ วิ่งเร็ว,,
quiz_questions,6ba18bbd-2698-40a4-978f-60fbbcc8a80b,Subject & Verb,Which sentence matches children playing?,ประโยคไหนตรงกับเด็กๆ กำลังเล่น?,,
quiz_questions,6cec25f5-18fd-4d5b-9a67-545414b84ea7,Subject & Verb,The bird ___ in the sky.,นก ___ บนท้องฟ้า,,
quiz_questions,727dd42e-9805-412f-b060-191ed21e4915,Subject & Verb,The dog ___ in the garden,สุนัข ___ ในสวน,,
quiz_questions,756813ee-9f4d-43ee-8740-1885ab0411d1,Subject & Verb,___ swim in the sea.,___ ว่ายน้ำในทะเล,,
quiz_questions,77dcbecf-9d93-42aa-9fcd-548aa6f45dd6,Subject & Verb,She ___ a book before bed,เธอ ___ หนังสือก่อนนอน,,
quiz_questions,77e154ca-386b-41bc-ab0a-ac4881195a70,Subject & Verb,The fish ___ in the tank.,ปลา ___ ในตู้,,
quiz_questions,79f2e8fc-651e-4b9b-a852-205153fcb1fb,Subject & Verb,Which sentence matches a boy eating?,ประโยคไหนตรงกับเด็กผู้ชายกิน?,,
quiz_questions,814869ec-ae46-4c7f-9343-42fe5e76443d,Subject & Verb,The baby ___ crying.,เด็กทารก ___ กำลังร้องไห้,,
quiz_questions,83b21af5-38bf-44f4-bb7c-8a674aec4ada,Subject & Verb,I ___ seven years old.,ฉัน ___ อายุเจ็ดขวบ,,
quiz_questions,8ab4872f-f770-4105-9935-15c59653cf42,Subject & Verb,They ___ happy today.,วันนี้พวกเขา ___ มีความสุข,,
quiz_questions,8bd0ff3b-26dc-4593-b280-e0eae63b5bb4,Subject & Verb,The dogs ___ hungry.,หมา ___ หิว,,
quiz_questions,8e6a1214-8a65-48ce-a901-d68925bc5056,Subject & Verb,We ___ in the park after school,พวกเรา ___ ในสวนหลังเลิกเรียน,,
quiz_questions,94aec794-1258-42b2-bc71-9a2355809c6c,Subject & Verb,The sun ___ bright.,ดวงอาทิตย์ ___ สว่างจ้า,,
quiz_questions,9849b77d-ec34-4d6f-a845-a49e0159e4de,Subject & Verb,The dog ___ at the mailman.,หมา ___ ใส่บุรุษไปรษณีย์,,
quiz_questions,984afdfb-7152-4422-b0f9-8a176b351fde,Subject & Verb,She ___ fast.,เธอ ___ เร็ว,,
quiz_questions,984f0a64-7c06-48c8-b382-da14294ec98c,Subject & Verb,I ___ my homework every night,ฉัน ___ การบ้านทุกคืน,,
quiz_questions,99c0808e-f8b5-4d7c-9cee-8689c1bad684,Subject & Verb,The cat ___ on the sofa,แมว ___ บนโซฟา,,
quiz_questions,9f872f41-6bed-4f8a-8fb4-3d041b541079,Subject & Verb,"Which sentence matches ""I eat an apple""?","ประโยคไหนตรงกับ ""ฉันกินแอปเปิ้ล""?",,
quiz_questions,a190c44f-8d52-45da-8297-2522ac70e5fd,Subject & Verb,He ___ over the puddle,เขา ___ ข้ามแอ่งน้ำ,,
quiz_questions,aead8810-7b72-4a1b-a8eb-e401e205ddb8,Subject & Verb,He ___ high.,เขา ___ สูง,,
quiz_questions,b00de038-6a37-46af-848d-5180f5bc5714,Subject & Verb,He ___ his teeth every morning,เขา ___ ฟันทุกเช้า,,
quiz_questions,b58f941c-c4cd-4660-9a70-f22ffc737ea7,Subject & Verb,The big dog ___ loudly at night,สุนัขตัวใหญ่ ___ เสียงดังตอนกลางคืน,,
quiz_questions,b8f3e12a-2ebc-4f75-85f1-983bb82d7a9e,Subject & Verb,I ___ rice every day.,ฉัน ___ ข้าวทุกวัน,,
quiz_questions,b90198c7-2747-4649-97da-0fee5d05be23,Subject & Verb,The dog ___ at strangers,สุนัข ___ ใส่คนแปลกหน้า,,
quiz_questions,c2727392-3ffb-4d41-a306-a59fb4c5eb55,Subject & Verb,The baby ___ when she is hungry,ทารก ___ เมื่อเธอหิว,,
quiz_questions,c334e8b6-3994-41e4-ae5b-a32563275b50,Subject & Verb,I ___ water when I am thirsty,ฉัน ___ น้ำเมื่อฉันกระหาย,,
quiz_questions,c607fdf3-0b41-419a-88b2-53783c0447ba,Subject & Verb,Thawan and Ollie ___ books together.,ตะวันกับโอลลี่ ___ หนังสือด้วยกัน,,
quiz_questions,cdd1a40c-2832-42ad-9c51-6d378c1bef73,Subject & Verb,___ eat lunch at noon.,___ กินข้าวเที่ยงตอนเที่ยง,,
quiz_questions,ce6cd019-0b5b-4ebc-859f-91df365f2a7b,Subject & Verb,We ___ at school.,เรา ___ อยู่ที่โรงเรียน,,
quiz_questions,cec79b4b-9820-45f1-bfc0-277f8f776c74,Subject & Verb,He ___ to music every day,เขา ___ เพลงทุกวัน,,
quiz_questions,d298a760-0db8-4f6d-8002-f4a354dd1247,Subject & Verb,You ___ very kind.,คุณ ___ ใจดีมาก,,
quiz_questions,e5f63ef1-f729-4ecc-b568-67c32d8dcc66,Subject & Verb,The bird ___ high in the sky,นก ___ สูงบนท้องฟ้า,,
quiz_questions,e91e9f8d-359f-4571-93de-b7ce917538be,Subject & Verb,The boys ___ in the park.,เด็กผู้ชาย ___ ในสวน,,
quiz_questions,ec24ae84-c837-4855-b135-a525ec61874b,Subject & Verb,The fish ___ in the river,ปลา ___ ในแม่น้ำ,,
quiz_questions,ecca0889-6fa0-4db9-ba5d-23faa9375f2a,Subject & Verb,My friends ___ to school together.,เพื่อนๆ ของฉัน ___ ไปโรงเรียนด้วยกัน,,
quiz_questions,f75280c8-d205-4102-a58b-e733a0bc37c7,Subject & Verb,They ___ in the pool every Saturday,พวกเขา ___ ในสระว่ายน้ำทุกวันเสาร์,,
quiz_questions,fa94b66c-51ee-4e6d-8dba-537902e63cf0,Subject & Verb,The cat ___ all day.,แมว ___ ทั้งวัน,,
quiz_questions,fc2a3cf6-8e73-4cd6-8cba-366103999e03,Subject & Verb,___ am a student.,___ เป็นนักเรียน,,
quiz_questions,fc7e0ac6-6a90-4841-b1d0-10a0b278b685,Subject & Verb,The baby ___ when it is hungry.,เด็กทารก ___ เวลาหิว,,
quiz_questions,0563eae9-a43f-400d-8bde-826aaeb5977a,ABCs,Which word starts with the letter F?,คำใดเริ่มต้นด้วยตัวอักษร F?,,
quiz_questions,0696a709-d640-435f-ab51-e7abcc9f12eb,ABCs,Which word starts with the letter I?,คำใดเริ่มต้นด้วยตัวอักษร I?,,
quiz_questions,0c2c257a-23db-4597-a0f0-38751a72fa0e,ABCs,Which word starts with the letter G?,คำใดเริ่มต้นด้วยตัวอักษร G?,,
quiz_questions,113008fd-7ae2-407c-b391-a6381f267aea,ABCs,The word STAR starts with ___,คำว่า STAR เริ่มต้นด้วย ___,,
quiz_questions,1ba6396c-5ff4-4612-b51d-6f5241fd36ec,ABCs,Which word starts with the letter O?,คำใดเริ่มต้นด้วยตัวอักษร O?,,
quiz_questions,1bb862e5-9b03-4a57-93cd-75c3a7d376e9,ABCs,Q is for ___,Q คือตัวอักษรของ ___,,
quiz_questions,2203b709-0d91-45bc-bfbf-d7a7c0058f9d,ABCs,What letter does DOG start with?,คำว่า DOG เริ่มต้นด้วยตัวอักษรอะไร?,,
quiz_questions,2a61068f-c528-41d1-b58d-2ae9477a306b,ABCs,Which word starts with the letter B?,คำใดเริ่มต้นด้วยตัวอักษร B?,,
quiz_questions,2c4bb21f-0046-4311-a4cf-b2412a7fd7f7,ABCs,What letter does FISH start with?,คำว่า FISH เริ่มต้นด้วยตัวอักษรอะไร?,,
quiz_questions,2dc410d2-f608-4dcc-a45e-7c29b3e6342e,ABCs,Which word starts with the letter K?,คำใดเริ่มต้นด้วยตัวอักษร K?,,
quiz_questions,2e4e9cb0-bfc9-4069-8ad8-84aa64adcdf9,ABCs,___ is for Map,___ คือตัวอักษรของ Map,,
quiz_questions,3504c9b9-2bdd-4b1f-be22-9d17304023d6,ABCs,The word LAMP starts with ___,คำว่า LAMP เริ่มต้นด้วย ___,,
quiz_questions,3e6fdf13-6cf9-43aa-aeaf-a596cc4b5823,ABCs,What letter does SUN start with?,คำว่า SUN เริ่มต้นด้วยตัวอักษรอะไร?,,
quiz_questions,3fd5f2fb-38d6-424f-a04d-b3edccb96396,ABCs,What letter does RAINBOW start with?,คำว่า RAINBOW เริ่มต้นด้วยตัวอักษรอะไร?,,
quiz_questions,44894d2f-8ae2-4b43-93a8-c74829d745cc,ABCs,Which word starts with the letter D?,คำใดเริ่มต้นด้วยตัวอักษร D?,,
quiz_questions,494b11dc-35b6-4b17-a756-fe2ce34ddabd,ABCs,What letter does APPLE start with?,คำว่า APPLE เริ่มต้นด้วยตัวอักษรอะไร?,,
quiz_questions,4b2aa699-89a0-40d1-9483-71dc437a8c76,ABCs,K is for ___,K คือตัวอักษรของ ___,,
quiz_questions,5e25694c-ed05-405b-bfe4-48102afc9f28,ABCs,The word INSECT starts with ___,คำว่า INSECT เริ่มต้นด้วย ___,,
quiz_questions,5fcfe136-eb3a-4f84-ac05-3cdd45a6e49a,ABCs,Which word starts with the letter J?,คำใดเริ่มต้นด้วยตัวอักษร J?,,
quiz_questions,63b62073-ea99-4e3f-9e4f-f09b936e9d13,ABCs,The word PIZZA starts with ___,คำว่า PIZZA เริ่มต้นด้วย ___,,
quiz_questions,63ea7b09-a047-4152-9a6b-2b8cfb50d22e,ABCs,___ is for Goat,___ คือตัวอักษรของ Goat,,
quiz_questions,701d7cb0-22dc-4cd9-a16a-c4a312d20ef0,ABCs,B is for ___,B คือตัวอักษรของ ___,,
quiz_questions,726c65ed-750f-4b36-94d8-1e8154a19480,ABCs,Which word starts with the letter E?,คำใดเริ่มต้นด้วยตัวอักษร E?,,
quiz_questions,751a4ade-1172-4a7a-81c8-5f16278367f8,ABCs,Which word starts with the letter P?,คำใดเริ่มต้นด้วยตัวอักษร P?,,
quiz_questions,7d14a29e-11ce-4353-ac4e-50a9fb5f7cab,ABCs,___ is for Octopus,___ คือตัวอักษรของ Octopus,,
quiz_questions,81226fcf-616b-424d-9f82-d89d7fe1da42,ABCs,What letter does GRAPES start with?,คำว่า GRAPES เริ่มต้นด้วยตัวอักษรอะไร?,,
quiz_questions,833adc2f-ee59-41be-a1a0-0a5dd8301fa4,ABCs,___ is for Robot,___ คือตัวอักษรของ Robot,,
quiz_questions,8972fcba-acd1-461f-a2f1-0e56e9027e66,ABCs,___ is for Apple,___ คือตัวอักษรของ Apple,,
quiz_questions,8a8845e0-ad38-48c6-91ce-aa4b0aa8a2d1,ABCs,What letter does BALL start with?,คำว่า BALL เริ่มต้นด้วยตัวอักษรอะไร?,,
quiz_questions,969437d8-53f0-4a0f-a463-d022b2f33754,ABCs,The word CAKE starts with ___,คำว่า CAKE เริ่มต้นด้วย ___,,
quiz_questions,982cadeb-b631-48a0-a967-22b3a53a34dd,ABCs,What letter does ELEPHANT start with?,คำว่า ELEPHANT เริ่มต้นด้วยตัวอักษรอะไร?,,
quiz_questions,993e195b-bb7d-4f62-b26b-3f2843683e78,ABCs,E is for ___,E คือตัวอักษรของ ___,,
quiz_questions,9e49010b-efca-4d1a-8aa5-55f06218bbfc,ABCs,What letter does QUEEN start with?,คำว่า QUEEN เริ่มต้นด้วยตัวอักษรอะไร?,,
quiz_questions,a5fec3ae-72a2-4cab-ae60-40de7628dc8e,ABCs,What letter does JUICE start with?,คำว่า JUICE เริ่มต้นด้วยตัวอักษรอะไร?,,
quiz_questions,a693e7ca-d34e-46ef-876d-21c85e84d664,ABCs,What letter does MONKEY start with?,คำว่า MONKEY เริ่มต้นด้วยตัวอักษรอะไร?,,
quiz_questions,a85ea9c4-f64c-49f1-a215-7a00795f2efe,ABCs,___ is for Duck,___ คือตัวอักษรของ Duck,,
quiz_questions,a8ea0d37-e9bc-4144-b5e3-f8d5543122f7,ABCs,Which word starts with the letter N?,คำใดเริ่มต้นด้วยตัวอักษร N?,,
quiz_questions,abdf2c24-8ec5-4298-9a1f-43a0d0a3d076,ABCs,Which word starts with the letter H?,คำใดเริ่มต้นด้วยตัวอักษร H?,,
quiz_questions,b4f15f34-c240-490a-b50f-89d47e2f1856,ABCs,The word FROG starts with ___,คำว่า FROG เริ่มต้นด้วย ___,,
quiz_questions,b63fa80d-17c6-4d17-9f0d-9527da7a1f59,ABCs,What letter does LION start with?,คำว่า LION เริ่มต้นด้วยตัวอักษรอะไร?,,
quiz_questions,b89fa886-9216-4139-9028-b7aaa9090c9f,ABCs,Which word starts with the letter A?,คำใดเริ่มต้นด้วยตัวอักษร A?,,
quiz_questions,ba818b20-270a-4491-aa9c-cd8dddef785a,ABCs,Which word starts with the letter C?,คำใดเริ่มต้นด้วยตัวอักษร C?,,
quiz_questions,bc7793e2-df75-429e-82dd-e690d801f020,ABCs,What letter does CAT start with?,คำว่า CAT เริ่มต้นด้วยตัวอักษรอะไร?,,
quiz_questions,bcac68d7-3f2f-4f36-9272-cf011291aff5,ABCs,___ is for Jam,___ คือตัวอักษรของ Jam,,
quiz_questions,bd5950e0-66fc-420a-94d1-8abb383ac070,ABCs,What letter does ORANGE start with?,คำว่า ORANGE เริ่มต้นด้วยตัวอักษรอะไร?,,
quiz_questions,bdccd85b-5dbd-419d-97d1-2796e4d20478,ABCs,What letter does PENGUIN start with?,คำว่า PENGUIN เริ่มต้นด้วยตัวอักษรอะไร?,,
quiz_questions,beb40a65-4d3d-4fdb-bd9a-6dc5fcec0fe4,ABCs,Which word starts with the letter S?,คำใดเริ่มต้นด้วยตัวอักษร S?,,
quiz_questions,c28e015a-8798-4930-906f-12e4fa74906e,ABCs,Which word starts with the letter M?,คำใดเริ่มต้นด้วยตัวอักษร M?,,
quiz_questions,c87a300d-0fed-4e19-b8ac-d6b5b6557b93,ABCs,What letter does NEST start with?,คำว่า NEST เริ่มต้นด้วยตัวอักษรอะไร?,,
quiz_questions,ce0cf554-595a-461f-8003-5b6843b42e19,ABCs,___ is for Tree,___ คือตัวอักษรของ Tree,,
quiz_questions,d39a3fd3-b475-46b2-bfea-f138e774ff4f,ABCs,What letter does TIGER start with?,คำว่า TIGER เริ่มต้นด้วยตัวอักษรอะไร?,,
quiz_questions,d60c4ac2-cbb8-4105-9883-ec69db961067,ABCs,What letter does HOUSE start with?,คำว่า HOUSE เริ่มต้นด้วยตัวอักษรอะไร?,,
quiz_questions,d94c0bee-4080-4812-ae69-f806f73c55d5,ABCs,Which word starts with the letter U?,คำใดเริ่มต้นด้วยตัวอักษร U?,,
quiz_questions,db579b6f-d83a-4c39-a456-50aef3c9f5e0,ABCs,What letter does ICE CREAM start with?,คำว่า ICE CREAM เริ่มต้นด้วยตัวอักษรอะไร?,,
quiz_questions,f2e88c8d-1f6e-496b-9984-5112bb41a3e0,ABCs,Which word starts with the letter L?,คำใดเริ่มต้นด้วยตัวอักษร L?,,
quiz_questions,f6b88150-5be2-400a-a8e6-72c8de088970,ABCs,H is for ___,H คือตัวอักษรของ ___,,
quiz_questions,f818c90d-0860-4ebd-b279-0cb41a1f6849,ABCs,Which word starts with the letter R?,คำใดเริ่มต้นด้วยตัวอักษร R?,,
quiz_questions,f9f581b6-15b7-4718-9263-e0f2b6bc993e,ABCs,Which word starts with the letter T?,คำใดเริ่มต้นด้วยตัวอักษร T?,,
quiz_questions,fd873824-8a5f-41b6-9e6d-31de35bed281,ABCs,What letter does KITE start with?,คำว่า KITE เริ่มต้นด้วยตัวอักษรอะไร?,,
quiz_questions,fda0445c-9922-40f0-84f5-e65335516ee3,ABCs,N is for ___,N คือตัวอักษรของ ___,,
quiz_questions,01182875-6b14-49fc-9a58-0ab4bc4de90d,Pronouns,Are ___ hungry? Lunch is ready!,___ หิวไหม? อาหารกลางวันพร้อมแล้ว!,,
quiz_questions,064c714c-50b6-4396-a78f-cf26d623ad55,Pronouns,The dog is thirsty. ___ wants water.,หมาหิวน้ำ ___ อยากได้น้ำ,,
quiz_questions,09e3ff01-122e-4f02-ac1f-50a7d509f68e,Pronouns,Nong Fah kicks the ball. ___ scores a goal!,น้องฟ้าเตะบอล ___ ยิงประตูได้!,,
quiz_questions,0c2bed7b-cf45-4788-ace4-ff635657c9ca,Pronouns,Nong Fah and I are happy. ___ are singing.,น้องฟ้ากับฉันมีความสุข ___ กำลังร้องเพลง,,
quiz_questions,187d9ba5-8fac-4632-912a-958039d44ba4,Pronouns,My shoes are wet. ___ were in the rain.,รองเท้าของฉันเปียก ___ ตากฝน,,
quiz_questions,1d66a53c-21a9-48e9-942e-e909e4d90a44,Pronouns,Thank ___ for the gift!,ขอบคุณ ___ สำหรับของขวัญ!,,
quiz_questions,1dabbe00-7034-4f3b-9866-ae96f4346f08,Pronouns,Look at the moon! ___ is big and bright.,ดูดวงจันทร์สิ! ___ ใหญ่และสว่าง,,
quiz_questions,1e02a51c-d392-47a2-a208-6ca3eef7c3f3,Pronouns,Dad is at work. ___ will come home soon.,พ่ออยู่ที่ทำงาน ___ จะกลับบ้านเร็วๆ นี้,,
quiz_questions,201e11bd-451e-4086-8ee8-d73235fcdce7,Pronouns,___ are my best friend.,___ เป็นเพื่อนสนิทของฉัน,,
quiz_questions,20a7d68c-5bb0-4442-bd00-46948d1285c0,Pronouns,Thawan helped ___ with her homework.,ธวัลช่วย ___ ทำการบ้าน,,
quiz_questions,223591c7-a1bc-4263-9845-3c534e26180a,Pronouns,This is my book. Give it to ___.,นี่คือหนังสือของฉัน ให้ ___ ด้วย,,
quiz_questions,28c76123-517f-420c-b98f-36ad6e7529de,Pronouns,I saw ___ at the market.,ฉันเห็น ___ ที่ตลาด,,
quiz_questions,36190a22-cc7e-4eab-9b75-7d5bb20a955b,Pronouns,___ is raining outside.,___ กำลังฝนตกข้างนอก,,
quiz_questions,38c92bcd-b1d9-4288-90f0-1a8d143ff91f,Pronouns,I like this song. Play ___ again!,ฉันชอบเพลงนี้ เปิด ___ อีกครั้ง!,,
quiz_questions,3efc37f1-ce7c-4a57-865a-4b395ab8be57,Pronouns,We are lost. Can you help ___?,เราหลงทาง ช่วย ___ ได้ไหม?,,
quiz_questions,40399cf9-1455-41df-9016-217aa804b794,Pronouns,Please listen to ___ when I speak.,กรุณาฟัง ___ เวลาฉันพูด,,
quiz_questions,48635b46-8d60-43ca-9076-aed22400d3df,Pronouns,___ is my sister. She is eight.,___ เป็นน้องสาวของฉัน เธออายุแปดขวบ,,
quiz_questions,49d598ca-fdaf-4a5d-9867-99d1e288bc25,Pronouns,The birds are singing. ___ sound pretty.,นกกำลังร้องเพลง ___ เสียงเพราะ,,
quiz_questions,4a7485f0-5694-4d4e-8aac-b9fe2a362d34,Pronouns,My friends are funny. I laugh with ___.,เพื่อนของฉันตลก ฉันหัวเราะกับ ___,,
quiz_questions,53dba0b0-d57b-4bc4-852d-13677c0aa4ce,Pronouns,Where are my glasses? ___ were on the table.,แว่นตาของฉันอยู่ไหน? ___ อยู่บนโต๊ะ,,
quiz_questions,55c89d9d-5921-4039-9cb3-90ae6ec93ec7,Pronouns,___ is my friend. He is kind.,___ เป็นเพื่อนของฉัน เขาใจดี,,
quiz_questions,57870964-7e47-4cd5-8998-1f436564500b,Pronouns,Thawan and I like games. ___ play every day.,ตะวันกับฉันชอบเกม ___ เล่นทุกวัน,,
quiz_questions,58032107-a2d5-4193-b1b0-daadc85bfa33,Pronouns,Dad is sleeping. Do not wake ___.,พ่อกำลังนอน อย่าปลุก ___,,
quiz_questions,590018ca-d232-4738-bd44-31abe7fe3348,Pronouns,Can you help ___? I am lost.,ช่วย ___ ได้ไหม? ฉันหลงทาง,,
quiz_questions,5b92de68-d088-4f74-984e-df0e3b3b0e2d,Pronouns,Mom is cooking. ___ makes yummy food.,แม่กำลังทำอาหาร ___ ทำอาหารอร่อย,,
quiz_questions,5e43f011-e8ad-4a81-a1cd-ba9704355a4c,Pronouns,The dogs are loud. I can hear ___.,สุนัขเสียงดัง ฉันได้ยิน ___,,
quiz_questions,60971c13-ae78-4f9a-96ad-fe03828f6191,Pronouns,I gave the ball to ___.,ฉันให้ลูกบอลกับ ___,,
quiz_questions,667e71c2-1053-4f35-b786-a68cb90d5d80,Pronouns,Ollie has cookies. ___ shares them with everyone.,โอลลี่มีคุกกี้ ___ แบ่งให้ทุกคน,,
quiz_questions,7200ea22-1a4a-46b5-be84-6534609a294e,Pronouns,___ love my mom and dad.,___ รักพ่อกับแม่,,
quiz_questions,727258e7-f107-4f49-bade-b32f743fed17,Pronouns,He is funny. Everybody likes ___.,เขาตลก ทุกคนชอบ ___,,
quiz_questions,755ca950-dba1-4c91-8c78-b8d1b541eb50,Pronouns,Ollie gave the book to ___.,ออลลี่ให้หนังสือกับ ___,,
quiz_questions,75da53c9-7d9f-4e86-9c39-31b58b979cc7,Pronouns,___ am a student.,___ เป็นนักเรียน,,
quiz_questions,812425b6-0c2b-4550-9a54-34d1747c6c06,Pronouns,She is kind. I like ___.,เธอใจดี ฉันชอบ ___,,
quiz_questions,8140e26e-9303-483b-98e0-c43fd703b5f8,Pronouns,Grandma hugs ___ when I visit.,คุณยายกอด ___ เวลาฉันไปเยี่ยม,,
quiz_questions,8979b8f7-e9c8-48cb-b551-b37c0864e0b7,Pronouns,My name is Anna. ___ am seven years old.,ฉันชื่อแอนนา ___ อายุเจ็ดขวบ,,
quiz_questions,8d4c0305-4bd0-4902-9e65-1147834fb41c,Pronouns,Grandma made cookies for ___. We love them!,คุณยายทำคุกกี้ให้ ___ พวกเราชอบมาก!,,
quiz_questions,8e76f307-2103-47ed-b557-db82e7c8e3ec,Pronouns,The books are heavy. Can you carry ___?,หนังสือหนักมาก ช่วยถือ ___ ได้ไหม?,,
quiz_questions,8ed18946-d61e-497f-ac8d-c78513732525,Pronouns,Ollie is wise. We listen to ___.,ออลลี่ฉลาด พวกเราฟัง ___,,
quiz_questions,953188f8-6e33-40ce-bf97-f556fd1008ce,Pronouns,Nong Fah and Thawan are here. ___ want to play with you.,น้องฟ้ากับตะวันอยู่ที่นี่ ___ อยากเล่นกับคุณ,,
quiz_questions,9e12123f-b787-4ddb-8ba4-8365a2150933,Pronouns,Nong Fah lost her pencil. Please help ___.,น้องฟ้าทำดินสอหาย ช่วย ___ หน่อย,,
quiz_questions,a2ccc89a-a675-4a55-9b2e-ba71d5ff4c36,Pronouns,___ are playing in the park.,___ กำลังเล่นในสวน,,
quiz_questions,b48cde23-9ca3-4794-96fb-39468233ca62,Pronouns,This is my drawing. Do ___ like it?,นี่คือภาพวาดของฉัน ___ ชอบไหม?,,
quiz_questions,b6dcb1b1-049f-4931-b278-8bfeda8e36b5,Pronouns,The ball is red. ___ is round.,ลูกบอลสีแดง ___ กลม,,
quiz_questions,bbe7489f-5d51-4bec-870b-8186a17176ce,Pronouns,My cousins live far away. I miss ___.,ลูกพี่ลูกน้องของฉันอยู่ไกล ฉันคิดถึง ___,,
quiz_questions,c0628c2a-ee2f-43d0-a643-88447f43ecd5,Pronouns,The cat is hungry. Please feed ___.,แมวหิว ช่วยให้อาหาร ___ ด้วย,,
quiz_questions,c685d7b4-f217-4ce4-b316-e08146699390,Pronouns,Wait for ___! I am coming!,รอ ___ ด้วย! ฉันกำลังมา!,,
quiz_questions,d044c618-4c23-4e75-8a02-12d387982010,Pronouns,My sister is sad. I hug ___.,น้องสาวของฉันเศร้า ฉันกอด ___,,
quiz_questions,d0771188-54ec-48e5-b753-9bd3847577df,Pronouns,Thawan is fast. Nobody can catch ___.,ตะวันวิ่งเร็ว ไม่มีใครจับ ___ ได้,,
quiz_questions,d5bc9736-70ff-4585-9767-9106e7041de4,Pronouns,You and I are a team. ___ work together!,คุณกับฉันเป็นทีมเดียวกัน ___ ทำงานด้วยกัน!,,
quiz_questions,d71cbcc8-b8f2-46b7-9362-aeb8db462af6,Pronouns,___ are best friends.,___ เป็นเพื่อนสนิทกัน,,
quiz_questions,d8aa0ffc-5dbb-41f2-bbfc-656aa6286393,Pronouns,The ball went over the fence. Go get ___.,ลูกบอลข้ามรั้วไป ไปเอา ___ มา,,
quiz_questions,d9de5654-beac-4ec0-a905-eca245edb6aa,Pronouns,My brother is tall. ___ plays basketball.,พี่ชายของฉันสูง ___ เล่นบาสเกตบอล,,
quiz_questions,d9dffaed-d56d-492f-9d16-2cf3af896a6d,Pronouns,Grandpa is old. ___ walks slowly.,คุณปู่แก่แล้ว ___ เดินช้าๆ,,
quiz_questions,db7997ca-8197-4574-a116-bf4290c2458f,Pronouns,My aunt is a nurse. ___ helps sick people.,ป้าของฉันเป็นพยาบาล ___ ช่วยคนป่วย,,
quiz_questions,e0d6f804-c49b-4403-a8eb-0cb7e5ca5f39,Pronouns,___ likes ice cream. She eats it every day.,___ ชอบไอศกรีม เธอกินทุกวัน,,
quiz_questions,e523c112-3bf1-4689-a31a-4e729fb5bec0,Pronouns,Mother called ___ for dinner.,แม่เรียก ___ มากินข้าว,,
quiz_questions,f4911a7c-6352-45e1-95c5-3801ce6b37fe,Pronouns,They are our friends. We play with ___.,พวกเขาเป็นเพื่อนเรา เราเล่นกับ ___,,
quiz_questions,f8e3137d-4bca-4a5b-af6a-d5c5bdfc5c88,Pronouns,The teacher gave books to ___.,ครูให้หนังสือกับ ___,,
quiz_questions,fd314081-547b-47ff-bada-f57b23b9b381,Pronouns,My friend and I run fast. ___ win the race!,เพื่อนกับฉันวิ่งเร็ว ___ ชนะการแข่งขัน!,,
quiz_questions,ff789c8a-c04d-4799-b314-b19e9e5a93c7,Pronouns,Where is my cat? I cannot find ___.,แมวของฉันอยู่ไหน? ฉันหา ___ ไม่เจอ,,
quiz_questions,0b3d8426-d6e3-4716-b8c4-04dfaf988e02,Vehicles,The city ___ stops at every corner.,___ ในเมืองจอดทุกมุมถนน,,
quiz_questions,1771aa8c-13e4-4587-bb23-e33dee580b3d,Vehicles,We wait at the stop for the ___.,เรารอ ___ ที่ป้าย,,
quiz_questions,299a386d-430d-41b9-b95e-54a262eab99c,Vehicles,The ___ lands on the roof of the hospital.,___ ลงจอดบนดาดฟ้าโรงพยาบาล,,
quiz_questions,337417ad-5bcc-44df-b830-e4ef83b111e5,Vehicles,Wee-oo! Wee-oo! The ___ has a loud siren.,วี้หว่อ! วี้หว่อ! ___ มีไซเรนเสียงดัง,,
quiz_questions,3b81f59b-0b8c-4790-af1d-9704fa6a1485,Vehicles,We ride the ___ from station to station.,เรานั่ง ___ จากสถานีหนึ่งไปอีกสถานีหนึ่ง,,
quiz_questions,3ec1229d-4c7a-4685-8fef-6b0ccbec0851,Vehicles,The ___ hovers in the air.,___ ลอยนิ่งอยู่กลางอากาศ,,
quiz_questions,45601c0a-0e61-45fb-8643-eef4dbe06232,Vehicles,The ___ sails on the water.,___ แล่นบนน้ำ,,
quiz_questions,46ba52e9-d13e-450a-ae44-19c4a299b0ea,Vehicles,The fisherman goes to sea in a ___.,ชาวประมงออกทะเลด้วย ___,,
quiz_questions,5826b00e-64b5-4b8f-aa09-198319fa1b90,Vehicles,We park the ___ in the garage.,เราจอด ___ ในโรงรถ,,
quiz_questions,592b115c-6821-4536-9372-86e960131b71,Vehicles,The ___ has spinning blades on top.,___ มีใบพัดหมุนอยู่ด้านบน,,
quiz_questions,59c7aba2-9ede-4725-b540-263004d9936c,Vehicles,The ___ has many cars connected in a line.,___ มีตู้หลายตู้ต่อกันเป็นแถว,,
quiz_questions,5e026e04-d111-4177-8cc0-6b7826e7400e,Vehicles,Ring ring! My ___ has a little bell.,กริ๊ง กริ๊ง! ___ ของฉันมีกระดิ่ง,,
quiz_questions,5e6e529b-f0a0-4bcb-afdd-699f41040626,Vehicles,The big ___ carries heavy things.,___ คันใหญ่บรรทุกของหนัก,,
quiz_questions,60047901-4cff-44e3-9797-2c5d456e39da,Vehicles,The school ___ takes kids to school.,___ โรงเรียนพาเด็กๆ ไปโรงเรียน,,
quiz_questions,682e6c85-f04b-484b-96a6-12890b9eaa94,Vehicles,The ___ runs on tracks.,___ วิ่งบนราง,,
quiz_questions,689a9b42-9723-4615-bb18-f6f6f61cc988,Vehicles,The ___ is big and carries many people.,___ คันใหญ่และบรรทุกคนได้เยอะ,,
quiz_questions,6a7b32f1-4f91-42ea-9fab-c4fb307fea27,Vehicles,A ___ has two wheels and no motor.,___ มีสองล้อและไม่มีเครื่องยนต์,,
quiz_questions,700824d7-dcf9-46f6-97bb-ebb0d94480a0,Vehicles,A ___ floats and has a sail.,___ ลอยน้ำและมีใบเรือ,,
quiz_questions,793ebfcc-57a7-4581-8b78-c58836cd7998,Vehicles,The ___ takes sick people to the hospital.,___ พาคนป่วยไปโรงพยาบาล,,
quiz_questions,7b65eb1f-cd1a-4b65-95fc-36687a7d8f09,Vehicles,The ___ is white with flashing lights.,___ สีขาวมีไฟกะพริบ,,
quiz_questions,7bd02571-ec1e-49fb-9f0c-2fdb3704e124,Vehicles,Call the ___! Someone is hurt!,เรียก ___ เร็ว! มีคนบาดเจ็บ!,,
quiz_questions,82032916-37d6-4bdd-a32c-7ef3acc1ca02,Vehicles,Choo choo! The ___ is coming!,ปู๊น ปู๊น! ___ กำลังมา!,,
quiz_questions,8cba0591-cafb-444d-a20f-fe410d603d46,Vehicles,The ___ has wings and flies.,___ มีปีกและบินได้,,
quiz_questions,8faf4cc2-c326-4747-b9aa-ad10e1192ebd,Vehicles,Dad drives the ___ to work.,พ่อขับ ___ ไปทำงาน,,
quiz_questions,8fd4150a-99d1-4c3f-9599-f3a0ce51a780,Vehicles,Beep beep! The ___ honks.,ปี๊บ ปี๊บ! ___ บีบแตร,,
quiz_questions,991e5964-c139-435c-8fb3-01b7bf86e8c2,Vehicles,A ___ has two wheels and an engine.,___ มีสองล้อและเครื่องยนต์,,
quiz_questions,9d3f8626-6531-46c8-b543-6e0d19ceff61,Vehicles,Which vehicle takes you across a river?,ยานพาหนะใดพาคุณข้ามแม่น้ำ?,,
quiz_questions,9f3d53b1-e73c-49bb-adb9-9142cce2f520,Vehicles,Which vehicle has wings?,ยานพาหนะใดมีปีก?,,
quiz_questions,a11e22b3-11ae-46ef-baa9-58ea2d78c7ba,Vehicles,I wear a helmet when I ride my ___.,ฉันใส่หมวกกันน็อกเวลาขี่ ___,,
quiz_questions,a1e33ab6-1044-46ee-af67-5904f9a14566,Vehicles,The fire ___ is big and red.,___ ดับเพลิงคันใหญ่สีแดง,,
quiz_questions,a39d39e7-6c2c-4ed9-ae67-12f816cf8329,Vehicles,A ___ floats and has an anchor.,___ ลอยน้ำและมีสมอเรือ,,
quiz_questions,a4157ed4-b42f-4e82-b852-6610a35f652b,Vehicles,The ___ delivers boxes to the store.,___ ส่งกล่องไปที่ร้าน,,
quiz_questions,a46f2991-d739-4a2d-80df-7487a842ab4b,Vehicles,The ___ has four wheels and a steering wheel.,___ มีสี่ล้อและพวงมาลัย,,
quiz_questions,a68c9fa5-b208-423b-b595-5fe3747d52dd,Vehicles,An ___ rushes sick people to hospital.,___ พาคนป่วยไปโรงพยาบาลอย่างเร่งด่วน,,
quiz_questions,a6dcc312-30e8-4d05-89b2-954d2bc26558,Vehicles,The ___ is fast and loud with two wheels.,___ เร็วและเสียงดัง มีสองล้อ,,
quiz_questions,ac349a49-b042-47d9-ab02-4a0c92589023,Vehicles,A ___ has two wheels and a motor.,___ มีสองล้อและเครื่องยนต์,,
quiz_questions,b1acbe07-64c6-4b63-9e1b-7ae7d941ea71,Vehicles,Which vehicle can land on water?,ยานพาหนะใดลงจอดบนน้ำได้?,,
quiz_questions,b66ef473-7a4a-4823-af58-1eee022d209f,Vehicles,Vroom! The ___ zooms down the road.,บรื้นน! ___ พุ่งไปตามถนน,,
quiz_questions,b674137c-aaeb-444a-be23-42ee818e2372,Vehicles,You ride a ___ in the park for exercise.,คุณขี่ ___ ในสวนสาธารณะเพื่อออกกำลังกาย,,
quiz_questions,b7b6c4f0-d8e7-42f3-9578-5f3ef330ad75,Vehicles,A ___ has pedals and handlebars.,___ มีบันไดถีบและแฮนด์,,
quiz_questions,bc5c40ec-d46a-49a5-bab8-6e3e7339fa02,Vehicles,Which vehicle runs on tracks?,ยานพาหนะใดวิ่งบนราง?,,
quiz_questions,c1264776-049d-4c34-95b7-1dcdfdbcbdab,Vehicles,We ride a ___ on the river.,เรานั่ง ___ บนแม่น้ำ,,
quiz_questions,caa1414e-ff48-4b65-ae2c-c021e5bccda8,Vehicles,A ___ flies to help people on mountains.,___ บินไปช่วยคนบนภูเขา,,
quiz_questions,d47e81e1-b49f-4915-bf1f-5261205ea3b6,Vehicles,The ___ can fly straight up.,___ บินขึ้นตรงๆ ได้,,
quiz_questions,d50a79e3-13e3-4e51-aec2-7a52fd2682f3,Vehicles,"In Thailand, many people ride a ___ to the market.",ในประเทศไทย หลายคนขี่ ___ ไปตลาด,,
quiz_questions,d5ff9a46-1f88-4d46-9569-d0a0824bd672,Vehicles,"A ___ goes ""choo choo"" on the tracks.","___ ส่งเสียง ""ชู่ ชู่"" บนราง",,
quiz_questions,d8e54fc3-ae13-49e8-a181-8b7ef7fcae74,Vehicles,A ___ has training wheels for beginners.,___ มีล้อช่วยสำหรับผู้เริ่มต้น,,
quiz_questions,dd2b952f-05c4-4489-a39e-ca8d4eb55ae0,Vehicles,A ___ has a trunk to put bags in.,___ มีท้ายรถไว้ใส่กระเป๋า,,
quiz_questions,e1082f60-acd7-465d-b591-5200298c01b9,Vehicles,An ___ flies very high above the clouds.,___ บินสูงมากเหนือเมฆ,,
quiz_questions,e1521f83-e078-4260-8950-6407c02d14e0,Vehicles,An ___ has a red cross on it.,___ มีกากบาทสีแดง,,
quiz_questions,e58bbea4-eeaf-4b56-ade1-e39cf0f96082,Vehicles,The ___ takes off from the airport.,___ ขึ้นบินจากสนามบิน,,
quiz_questions,e7ac60da-7f8e-4948-9e27-62de6b483095,Vehicles,Which vehicle can you park in a garage?,ยานพาหนะใดจอดในโรงจอดรถได้?,,
quiz_questions,e8f28fc8-d122-4170-8cb6-66b4c2388c50,Vehicles,The garbage ___ picks up the trash.,___ ขยะมาเก็บขยะ,,
quiz_questions,ecd60f4a-5e9f-4455-9e16-138ab2321b8f,Vehicles,A ___ travels on water.,___ เดินทางบนน้ำ,,
quiz_questions,ed06feaf-ae38-4b8e-87a5-51dbe3d618cb,Vehicles,Your family drives a ___ to the supermarket.,ครอบครัวของคุณขับ ___ ไปซูเปอร์มาร์เก็ต,,
quiz_questions,edf99c4c-243b-4734-a55b-7710dee119f6,Vehicles,A ___ delivers packages to your house.,___ ส่งพัสดุถึงบ้านคุณ,,
quiz_questions,efc86c96-cac6-43f7-b526-5675c3fce11c,Vehicles,Which vehicle do you see at a train station?,คุณเห็นยานพาหนะใดที่สถานีรถไฟ?,,
quiz_questions,f1659791-9b1b-4942-bc9d-775c62e2824d,Vehicles,You pedal a ___ with your legs.,คุณปั่น ___ ด้วยขา,,
quiz_questions,f4d8f39a-3975-4621-8426-bd23d7776dea,Vehicles,The ___ flies high in the sky.,___ บินสูงบนท้องฟ้า,,
quiz_questions,f80d19d8-e2ad-47fd-b0dc-bd679ef4b4d7,Vehicles,We fly to Bangkok on the ___.,เราบินไปกรุงเทพด้วย ___,,
quiz_questions,06f19a4d-adab-413a-a991-d21068637369,Colors,A blueberry is ___.,บลูเบอร์รีสี ___,,
quiz_questions,0e164fde-c2ad-4f1f-a2d1-31d46fc74263,Colors,Grass is ___.,หญ้าสี ___,,
quiz_questions,0f3bb6f6-f407-4d40-9c9f-82b424d38a4d,Colors,A watermelon is ___ outside.,แตงโมด้านนอกสี ___,,
quiz_questions,0f511f1d-20ba-4c55-b2f3-fe97a3ec88fa,Colors,A bear in the forest is the color ___,หมีในป่าเป็นสี ___,,
quiz_questions,1697c3a5-febc-49fa-9354-a066092cc8b6,Colors,A pumpkin is ___.,ฟักทองสี ___,,
quiz_questions,178223da-3885-449b-9c32-74b8acfa959d,Colors,A crow is ___.,อีกาสี ___,,
quiz_questions,179296bd-6e20-47f0-bbc4-8527cd170659,Colors,Mud is ___.,โคลนสี ___,,
quiz_questions,1adc7bea-9299-4ae3-a6be-dcf913dfa691,Colors,A rose is often ___.,ดอกกุหลาบมักเป็นสี ___,,
quiz_questions,1af5d902-ae53-41b8-a910-808d5328e50a,Colors,A lemon is ___.,มะนาวเหลืองสี ___,,
quiz_questions,1c36f200-bc8a-4bb9-a1a7-6c5863dd9bc2,Colors,A fire truck is ___.,รถดับเพลิงสี ___,,
quiz_questions,1f01408b-2b31-4efe-afcc-a663f74501ab,Colors,Chocolate is ___.,ช็อกโกแลตสี ___,,
quiz_questions,1f17f567-25da-4070-ae8b-f86f588f2a73,Colors,The sky is the color ___,ท้องฟ้าเป็นสี ___,,
quiz_questions,25433a39-70e5-4077-be65-ed1c73493f46,Colors,A lemon is the color ___,มะนาวเป็นสี ___,,
quiz_questions,2d26fc50-c01f-40ec-9171-7d13ac4eefb3,Colors,A zebra is black and ___.,ม้าลายสีดำและสี ___,,
quiz_questions,312cdf6a-2456-421f-b392-f42469ca0848,Colors,A polar bear is ___.,หมีขั้วโลกสี ___,,
quiz_questions,312d84b9-d90d-46a4-a97f-71038d0fd799,Colors,A rock is often the color ___,หินมักจะเป็นสี ___,,
quiz_questions,37a1a25e-77d2-491e-806e-4b12545ad282,Colors,A flamingo is ___.,นกฟลามิงโกสี ___,,
quiz_questions,3cacc9bc-7ad2-4d08-82e8-bc003e985636,Colors,A dolphin is the color ___,โลมาเป็นสี ___,,
quiz_questions,41c5b2ca-f87a-4349-93b6-07a6be3e1f35,Colors,A pig is ___.,หมูสี ___,,
quiz_questions,42b01bea-d59d-4119-a7d1-ad019e18a437,Colors,"The Thai flag is red, ___, and blue.",ธงชาติไทยมีสีแดง สี ___ และสีน้ำเงิน,,
quiz_questions,445b1747-5122-488f-aa19-bf56dd163ae4,Colors,The sun looks ___.,ดวงอาทิตย์ดูเป็นสี ___,,
quiz_questions,51020dd1-8009-47cf-a51e-ab64b1c5eee3,Colors,An elephant is ___.,ช้างสี ___,,
quiz_questions,54c820bc-b04e-4fe0-91fd-34d1190af58e,Colors,A peach is the color ___,ลูกพีชเป็นสี ___,,
quiz_questions,5bd2830a-07b7-433a-8906-4ec67168d194,Colors,An eggplant is the color ___,มะเขือม่วงเป็นสี ___,,
quiz_questions,5c01becf-c44f-40fb-b7d7-0c85e8d313c6,Colors,The night sky is ___.,ท้องฟ้ายามค่ำคืนสี ___,,
quiz_questions,5d05392e-a31a-4378-a041-8e12334efab4,Colors,A banana is ___.,กล้วยสี ___,,
quiz_questions,6256eb79-f866-4056-88ae-5fbfc7380dab,Colors,Snow is ___.,หิมะสี ___,,
quiz_questions,62fe9906-c9c8-465b-a386-e60ce5e9c6ff,Colors,A mouse is often ___.,หนูมักเป็นสี ___,,
quiz_questions,6d1710c5-08b1-4500-8eac-f90d82643fe4,Colors,The sky is ___ on a sunny day.,ท้องฟ้าสี ___ ในวันที่แดดออก,,
quiz_questions,6e1b1dc3-6266-4bb3-b978-71071386cb39,Colors,Milk is the color ___,นมเป็นสี ___,,
quiz_questions,6f6d37f0-8205-47cb-89d2-1b645c11e06b,Colors,A tree trunk is ___.,ลำต้นของต้นไม้สี ___,,
quiz_questions,7ba3d009-ea6e-402b-aecb-df40ce7f05ed,Colors,Cotton candy is often ___.,สายไหมมักเป็นสี ___,,
quiz_questions,81a95ac0-61dd-45b4-ba80-10d412161a7d,Colors,A panda is black and ___.,แพนด้าสีดำและสี ___,,
quiz_questions,8583aa54-bed9-473e-af8c-d67797ed3efc,Colors,The ocean is ___.,มหาสมุทรสี ___,,
quiz_questions,866851a8-9893-4715-9bf7-008ad6a8f8cb,Colors,The middle of an egg is ___.,ไข่แดงตรงกลางสี ___,,
quiz_questions,8de7ea51-43b8-41ad-a044-01af2364f61b,Colors,Cotton candy is the color ___,สายไหมเป็นสี ___,,
quiz_questions,8eb426ae-74dc-4610-82e9-90cf11994e2c,Colors,An apple can be red or ___.,แอปเปิ้ลอาจเป็นสีแดงหรือสี ___,,
quiz_questions,99de4870-1382-45a7-adde-df704c333c4c,Colors,A panda is ___ and white,แพนด้าเป็นสี ___ และขาว,,
quiz_questions,9c23e4b8-40fa-434b-b847-74e3ff87bcd3,Colors,Grass is the color ___,หญ้าเป็นสี ___,,
quiz_questions,a42a9c52-81d0-4583-bc12-05946e0093b7,Colors,The ocean is the color ___,มหาสมุทรเป็นสี ___,,
quiz_questions,ab395534-3f60-4070-b6c2-1b15775ae1d4,Colors,Grape juice is ___.,น้ำองุ่นสี ___,,
quiz_questions,aff85f31-6eab-48d0-8ad6-2b42daf54954,Colors,A coconut inside is the color ___,เนื้อมะพร้าวเป็นสี ___,,
quiz_questions,b7036aeb-3cff-4819-8990-b4b7c8208504,Colors,Clouds are ___.,เมฆสี ___,,
quiz_questions,b9f2e245-02e4-4d38-9299-a6a0e1b67fc7,Colors,An eggplant is ___.,มะเขือม่วงสี ___,,
quiz_questions,bc2e073d-f9ba-4aeb-aa20-18ea8c6cd0d8,Colors,Leaves in spring are the color ___,ใบไม้ในฤดูใบไม้ผลิเป็นสี ___,,
quiz_questions,c8e8057d-c774-468f-8fce-300ab38d75d8,Colors,A strawberry is ___.,สตรอว์เบอร์รีสี ___,,
quiz_questions,cc233829-f891-48f2-86c8-c5e4f62d4d2a,Colors,A carrot is ___.,แครอทสี ___,,
quiz_questions,d23ede8e-c66b-40bd-9310-cf0e3c5424d7,Colors,Leaves are ___ in summer.,ใบไม้เป็นสี ___ ในฤดูร้อน,,
quiz_questions,d24a16f9-3e80-4473-a8db-7076985a19ac,Colors,A school bus is ___.,รถโรงเรียนสี ___,,
quiz_questions,d4f0b87d-bc1c-480c-b044-5b9e75118db0,Colors,A strawberry is the color ___,สตรอว์เบอร์รี่เป็นสี ___,,
quiz_questions,dbfb8586-ae8b-470c-acc9-33705b9b14cd,Colors,A carrot is the color ___,แครอทเป็นสี ___,,
quiz_questions,de78ec97-4468-4d54-8041-5581c3b8d741,Colors,Milk is ___.,นมสี ___,,
quiz_questions,e99e38fb-4c05-4fde-8334-0ca919637280,Colors,A sunflower is the color ___,ดอกทานตะวันเป็นสี ___,,
quiz_questions,eb99e068-99b5-44e5-bded-c02f221e262b,Colors,Mud is the color ___,โคลนเป็นสี ___,,
quiz_questions,eea3e93a-afcb-4d48-ab2a-b582ee94a04a,Colors,A rose is the color ___,กุหลาบเป็นสี ___,,
quiz_questions,f62cd6ec-d0f8-4987-acb4-18a361dd5645,Colors,An orange is ___.,ส้มสี ___,,
quiz_questions,f68584f0-5a93-4a78-b828-20573cff8f29,Colors,A rain cloud is ___.,เมฆฝนสี ___,,
quiz_questions,f79b6a62-9c6b-4dbf-9de3-4c5c2cc4b2f5,Colors,A tomato is ___.,มะเขือเทศสี ___,,
quiz_questions,fdd3c647-bf01-47a4-9758-fc8d0d52a2af,Colors,Night sky is the color ___,ท้องฟ้ากลางคืนเป็นสี ___,,
quiz_questions,fe38dd03-1eda-491e-830d-b08a8c06de4f,Colors,A frog is ___.,กบสี ___,,
quiz_questions,001ee30c-5c77-4d7a-a822-c9c96d1f1ec1,Plants,Put the ___ in the soil and water it.,ใส่ ___ ลงในดินแล้วรดน้ำ,,
quiz_questions,00988c73-78c9-47a4-b1a5-693704d4c277,Plants,A ___ does not need much water.,___ ไม่ต้องการน้ำมาก,,
quiz_questions,046ec8fb-f171-4b6e-878d-29927be2c3b3,Plants,"In spring, ___s bloom in the garden.",ในฤดูใบไม้ผลิ ___ บานในสวน,,
quiz_questions,09a7699f-25dc-44f8-b624-dce6bf431fe5,Plants,A flower has colourful ___,ดอกไม้มี___ที่มีสีสัน,,
quiz_questions,09be5ad2-ff79-4526-b57a-712e94bae667,Plants,A ___ is short and round with many leaves.,___ เตี้ย กลม และมีใบเยอะ,,
quiz_questions,0acded97-6845-4216-9cac-a3e0aeb10c8c,Plants,Cows eat green ___.,วัวกิน ___ สีเขียว,,
quiz_questions,19e1ea42-a3c0-4f78-83c0-039bed020471,Plants,A ___ smells nice and has petals.,___ หอมและมีกลีบดอก,,
quiz_questions,1bc4802b-3662-4e70-8348-21f17abf09cc,Plants,Be careful! The ___ has sharp thorns.,ระวัง! ___ มีหนามแหลมคม,,
quiz_questions,23ccc5ec-325f-46c1-be21-81a15e9542b4,Plants,A bee lands on the pretty ___.,ผึ้งบินมาเกาะ ___ แสนสวย,,
quiz_questions,24093b89-7bea-4e38-b318-e7039ccfe7aa,Plants,A rose is a type of ___,กุหลาบเป็น___ชนิดหนึ่ง,,
quiz_questions,2cfe036f-7b04-4f41-9f8a-1abd5cb370b5,Plants,Roses have sharp ___ on their stems,กุหลาบมี___แหลมบนก้าน,,
quiz_questions,2db2685a-2148-4f6c-8829-1c75d01c6505,Plants,We mow the ___ in the garden,เราตัด___ในสวน,,
quiz_questions,31115a75-c23a-472c-88d9-eb9f29389e7f,Plants,Cactus plants grow in ___ places,ต้นกระบองเพชรเติบโตในที่___,,
quiz_questions,3479eb4a-bb9c-4b29-8a5f-a00e2bec8787,Plants,I pick a ___ for my mom.,ฉันเก็บ ___ ให้แม่,,
quiz_questions,350788e1-9da1-401d-8f0f-8a7f8bc25fd4,Plants,A watermelon has many black ___s.,แตงโมมี ___ สีดำหลายเม็ด,,
quiz_questions,37d46049-73b7-4c54-b2e2-aedb16967771,Plants,A vine uses ___ to hold on to things,เถาวัลย์ใช้___เกาะสิ่งต่างๆ,,
quiz_questions,421961db-3ea1-4fea-b3f7-2ae889beeea3,Plants,A plant drinks water with its ___s.,พืชดื่มน้ำด้วย ___ ของมัน,,
quiz_questions,4441c771-820f-4d78-b3a9-e0fa94e3b938,Plants,A bird builds its nest in a ___.,นกสร้างรังบน ___,,
quiz_questions,44f1e533-002a-489d-949d-551262a77dc4,Plants,A big tree starts as a tiny ___.,ต้นไม้ใหญ่เริ่มจาก ___ เม็ดเล็กๆ,,
quiz_questions,500d08d2-f360-4c0c-a820-21dcd12c86da,Plants,We play soccer on the ___.,เราเล่นฟุตบอลบน ___,,
quiz_questions,5aa68b4d-afa7-4684-9079-f3630604d943,Plants,Leaves change ___ in autumn,ใบไม้เปลี่ยน___ในฤดูใบไม้ร่วง,,
quiz_questions,5b96f76b-ac1b-4f60-9501-c04d6849d693,Plants,A ___ is long and twisty.,___ ยาวและเลื้อยคดเคี้ยว,,
quiz_questions,62166eb7-b478-4456-8dc8-e7d643d9ae4e,Plants,A ___ is a beautiful flower with thorns.,___ เป็นดอกไม้สวยงามที่มีหนาม,,
quiz_questions,69e8f1e6-be63-483e-9db0-36bb6bc5706c,Plants,A ___ falls from the tree.,___ ร่วงจากต้นไม้,,
quiz_questions,6a5cbff0-fc22-43a0-8ff1-facafde39e0a,Plants,A ___ is a small tree with many branches,___คือต้นไม้เล็กที่มีกิ่งก้านมากมาย,,
quiz_questions,75fd74a5-6b6f-4ba5-ac74-c8d01709768b,Plants,Bushes are often trimmed into different ___,พุ่มไม้มักถูกตัดแต่งเป็น___ต่างๆ,,
quiz_questions,7c6f9931-ffda-4c50-80ac-08d69869f16b,Plants,"The ___ is short, green, and covers the ground.",___ เตี้ย สีเขียว และปกคลุมพื้นดิน,,
quiz_questions,8486f2e5-2989-46a9-9177-ed7a44f37444,Plants,A seed needs water and ___ to grow,เมล็ดพันธุ์ต้องการน้ำและ___เพื่อเติบโต,,
quiz_questions,85d22fd6-b015-4169-997a-727177433192,Plants,A vine ___ up walls and trees,เถาวัลย์___ขึ้นกำแพงและต้นไม้,,
quiz_questions,8dd5c1bd-f092-4923-90bf-b857e7f4cb2c,Plants,The caterpillar eats a ___.,หนอนผีเสื้อกิน ___,,
quiz_questions,90d601bb-7b14-430e-a104-2a0cdd0f9f63,Plants,The plant with sharp needles is a ___.,พืชที่มีหนามแหลมคือ ___,,
quiz_questions,9bae4e1d-5dcd-4cc9-b5ce-1218a0ecc8bb,Plants,A cactus stores ___ in its stem,กระบองเพชรเก็บ___ไว้ในลำต้น,,
quiz_questions,a2904525-583b-4129-9f81-069ef9c42ee8,Plants,The rabbit hides behind the ___.,กระต่ายซ่อนหลัง ___,,
quiz_questions,a3f30da1-4b36-4f79-a381-d78c990e34f1,Plants,The ___ of a tree keeps it standing tall,ส่วน___ของต้นไม้ทำให้มันยืนตรงสูง,,
quiz_questions,a4da7270-5de6-40d0-b7d3-924ba2eb7d32,Plants,Berries grow on a ___.,เบอร์รีเติบโตบน ___,,
quiz_questions,a666026d-4220-42ba-9cb0-33ae00dcf0f8,Plants,Dad gives Mom a red ___ on Valentine's Day.,พ่อให้ ___ สีแดงแก่แม่ในวันวาเลนไทน์,,
quiz_questions,aa0be872-bdea-4b10-8456-8bddaf44d1b4,Plants,You plant a ___ to grow a flower.,คุณปลูก ___ เพื่อให้ดอกไม้เติบโต,,
quiz_questions,ab39183e-204a-4376-a576-739339c54a4d,Plants,Grapes grow on a ___.,องุ่นเติบโตบน ___,,
quiz_questions,ac24a968-a439-4e97-b390-c792a61a9525,Plants,A ___ climbs up the wall.,___ เลื้อยขึ้นกำแพง,,
quiz_questions,ae52260f-3053-4523-81d8-ad46c0aa8418,Plants,A ___ is smaller than a tree.,___ เล็กกว่าต้นไม้,,
quiz_questions,be10e492-7d96-4eb5-b0f8-3a83afed80bf,Plants,Roots hold the plant in the ___,รากยึดพืชไว้ใน___,,
quiz_questions,be569e16-0db7-4a67-98e4-3c2090dfa71f,Plants,The part of the plant you cannot see is the ___.,ส่วนของพืชที่คุณมองไม่เห็นคือ ___,,
quiz_questions,bfd1c52c-d402-4daf-8e36-f4febd036ba4,Plants,A red ___ means love.,___ สีแดงหมายถึงความรัก,,
quiz_questions,c47724fa-6f48-481b-91bb-a4e5a4e3b4cf,Plants,The ___ grows under the ground.,___ เติบโตอยู่ใต้ดิน,,
quiz_questions,c7065f7b-e6d8-41ff-a284-2753f9f2fa6c,Plants,"In autumn, every ___ turns brown.",ในฤดูใบไม้ร่วง ___ ทุกใบเปลี่ยนเป็นสีน้ำตาล,,
quiz_questions,ca89de37-4bc8-456b-883f-0bce0363d428,Plants,The ___ holds the tree in the soil.,___ ยึดต้นไม้ไว้ในดิน,,
quiz_questions,cab20f57-f23c-4d39-af17-ed40a61139de,Plants,The monkey swings on a jungle ___.,ลิงโหน ___ ในป่า,,
quiz_questions,cfc693c9-de43-4ada-8696-55ee09705827,Plants,A ___ grows in the hot desert.,___ เติบโตในทะเลทรายร้อนๆ,,
quiz_questions,d03926f2-9d40-4d56-a5c3-64da5c4e01d9,Plants,Trees give us ___ to breathe,ต้นไม้ให้___สำหรับเราหายใจ,,
quiz_questions,d474492c-6add-4ae3-8d0d-e76c77095623,Plants,A ___ is tall and has a trunk.,___ สูงและมีลำต้น,,
quiz_questions,deb03f64-b725-49a3-bb75-1634c0f467a4,Plants,We can sit under a big ___ for shade,เราสามารถนั่งใต้___ใหญ่เพื่อหลบร้อน,,
quiz_questions,dfb723a0-1dfa-4ece-8f11-b2d74e421427,Plants,A ___ is green and flat.,___ สีเขียวและแบน,,
quiz_questions,dfebb3eb-3eb3-40b7-a68e-5585743a1c5c,Plants,Don't touch the ___! It is spiky.,อย่าจับ ___! มันมีหนามแหลม,,
quiz_questions,e020e309-bf7e-4850-9402-feb09cf9d66c,Plants,The ___ is the part of the plant that grows underground,ส่วน___เป็นส่วนของพืชที่เติบโตใต้ดิน,,
quiz_questions,e78c88d3-b34c-4b36-8ddb-3de832e34250,Plants,Monkeys climb the big ___.,ลิงปีน ___ ต้นใหญ่,,
quiz_questions,ecc7f320-4b9b-40ee-af13-a9aa0f316146,Plants,Plants need ___ to make their food,พืชต้องการ___ในการสร้างอาหาร,,
quiz_questions,edbc6871-3891-4fce-8bf4-12511c6a5ba4,Plants,Apples grow on a ___.,แอปเปิ้ลเติบโตบน ___,,
quiz_questions,f3656cc7-9af1-466b-a65e-2bb133fbb7ef,Plants,A plant grows from a ___,พืชเติบโตจาก___,,
quiz_questions,f409987a-e53d-4812-855e-d4592e008ac2,Plants,Dad cuts the ___ in the yard.,พ่อตัด ___ ในสนาม,,
quiz_questions,fffe4f71-f5c3-403b-a177-42e4abe4cbbc,Plants,The green colour of leaves comes from ___,สีเขียวของใบไม้มาจาก___,,
quiz_questions,00fdfe2d-899b-4060-8c6a-6d75c22c19e9,Body Parts,You have two ___ and two legs.,คุณมี ___ สองข้างและขาสองข้าง,,
quiz_questions,02bb7e28-e2e7-4c1f-8a1b-8f0188925843,Body Parts,Your brain is inside your ___.,สมองอยู่ใน ___ ของคุณ,,
quiz_questions,0deeb00c-306c-402c-9a77-bdee09ca6f15,Body Parts,You wash your ___ before eating.,คุณล้าง ___ ก่อนกินข้าว,,
quiz_questions,155d8dd1-64b3-4a4b-b642-5c72d5617ada,Body Parts,You talk with your ___.,คุณพูดด้วย ___,,
quiz_questions,2536b306-8be5-42e4-bcc2-eba4aed8f1e3,Body Parts,___ grows on top of your head.,___ ขึ้นอยู่บนศีรษะของคุณ,,
quiz_questions,2811b91d-e444-43c2-a055-12d2206ad289,Body Parts,Your ___ growls when you are hungry.,___ ของคุณร้องเวลาหิว,,
quiz_questions,30ac8154-0e74-4a17-95a4-7d64a4f01dbf,Body Parts,You see with your ___.,คุณมองเห็นด้วย ___,,
quiz_questions,327fc927-3e20-41f1-87db-b6514cfacb9c,Body Parts,You eat with your ___.,คุณกินด้วย ___,,
quiz_questions,3400ffb4-dccd-47d1-8dba-32e13614801d,Body Parts,You listen to music with your ___.,คุณฟังเพลงด้วย ___,,
quiz_questions,344e9630-20c0-4e8f-929b-8a6ae2b6d2c1,Body Parts,You shrug your ___ when you don't know.,คุณยัก ___ เวลาไม่รู้,,
quiz_questions,3582cbe9-30ae-46c7-81ff-e90452461982,Body Parts,You hear with your ___.,คุณได้ยินด้วย ___,,
quiz_questions,359c6cc4-2e04-4828-bf57-567fa199d74d,Body Parts,Rings go on your ___.,แหวนสวมที่ ___ ของคุณ,,
quiz_questions,359f17a6-f83a-4053-9fe2-16ba805b284a,Body Parts,You brush your ___ every morning.,คุณหวี ___ ทุกเช้า,,
quiz_questions,3b37e358-5fdf-41fe-9562-00764263ef1d,Body Parts,You nod your ___ to say yes.,คุณพยัก ___ เพื่อบอกว่าใช่,,
quiz_questions,493038c9-c721-4fc6-b0b5-c0778a7b746a,Body Parts,You have two ___ with five toes each.,คุณมี ___ สองข้าง แต่ละข้างมีห้านิ้ว,,
quiz_questions,49b20f08-1cf8-4306-8369-3f432562aa34,Body Parts,You clap with your ___.,คุณปรบ ___,,
quiz_questions,4cc9aae1-2c4f-4646-a38a-0f85b7bdcdcd,Body Parts,You stand on your ___.,คุณยืนบน ___ ของคุณ,,
quiz_questions,5b6b7f88-94f0-464e-ac71-2af77380096c,Body Parts,You carry a backpack on your ___.,คุณสะพายเป้บน ___,,
quiz_questions,5d8e8139-f316-4062-bf70-223b4f199a0c,Body Parts,Sit up straight — don't bend your ___!,นั่งตัวตรง — อย่าโค้ง ___!,,
quiz_questions,6300a953-fceb-409b-917d-e263f87534a3,Body Parts,Dad carries me on his ___.,พ่อให้ฉันขี่ ___ ของพ่อ,,
quiz_questions,641d768e-22d9-4650-aae2-f34887cc5912,Body Parts,You laugh so hard your ___ hurts!,คุณหัวเราะหนักจน ___ เจ็บ!,,
quiz_questions,6740e803-a693-4c3b-98c4-bf7b48ca7517,Body Parts,You have ten ___ on your hands.,คุณมี ___ สิบนิ้วบนมือ,,
quiz_questions,6ba69e8c-48b5-4878-b902-9600733a8ff6,Body Parts,You smell with your ___.,คุณดมกลิ่นด้วย ___,,
quiz_questions,7f35f940-d855-42e3-bdfb-b9e83ec25e98,Body Parts,Food goes into your ___.,อาหารลงไปใน ___ ของคุณ,,
quiz_questions,8001863f-d8ef-4ce5-97e9-34ee85803281,Body Parts,You have ten ___ on your feet.,คุณมี ___ สิบนิ้วบนเท้า,,
quiz_questions,85cb347e-1170-4409-865b-25492f4fc66d,Body Parts,The barber cuts your ___.,ช่างตัดผมตัด ___ ของคุณ,,
quiz_questions,92dc83c6-e836-4f90-b0c3-54d317589283,Body Parts,You have two ___ on the sides of your head.,คุณมี ___ สองข้างอยู่ข้างศีรษะ,,
quiz_questions,99dd8fb1-233e-42ae-bd9e-e58b0d68acd3,Body Parts,You have one ___ on your face.,คุณมี ___ หนึ่งอันบนใบหน้า,,
quiz_questions,9c3bc07c-6e68-41a3-8bd2-f5b7ee2af9b8,Body Parts,You wear shoes on your ___.,คุณสวมรองเท้าที่ ___,,
quiz_questions,ad8fe0b7-152a-48c3-a326-3b04446a0650,Body Parts,You carry your bag with your ___.,คุณถือกระเป๋าด้วย ___,,
quiz_questions,b12d27c1-d647-4edd-9986-12180fd00b62,Body Parts,Open your ___ and say ahh!,อ้า ___ แล้วพูดว่าอา!,,
quiz_questions,c20601b7-986c-4a9d-8d68-4f841d9c5bb5,Body Parts,You have two ___ for walking.,คุณมี ___ สองข้างไว้เดิน,,
quiz_questions,c21ae3ff-0274-4c41-8053-f4f4b25c2bbf,Body Parts,Wiggle your ___ in the sand!,กระดิก ___ ในทราย!,,
quiz_questions,c5b337aa-a7b2-4d63-88b6-701f7bada7ed,Body Parts,We blink our ___,เรากะพริบ___ของเรา,,
quiz_questions,c916e641-1625-4ead-a1fc-b587fa73faa1,Body Parts,We think with our ___,เราคิดด้วย___ของเรา,,
quiz_questions,c984232d-0128-4aa2-af1c-2e596707ec93,Body Parts,We smile with our ___,เรายิ้มด้วย___ของเรา,,
quiz_questions,cae62d7c-15b6-4ddc-99f2-ac3d91ccda6c,Body Parts,Socks keep your ___ warm.,ถุงเท้าทำให้ ___ ของคุณอบอุ่น,,
quiz_questions,cb03fe6f-f735-4527-bb50-8576d63a7309,Body Parts,You kick a ball with your ___.,คุณเตะบอลด้วย ___,,
quiz_questions,cc783ef6-e387-4c53-b080-bd762915737e,Body Parts,You stretch your ___ up high.,คุณยืด ___ ขึ้นสูง,,
quiz_questions,ce938f05-c125-4270-b957-f01967814728,Body Parts,We clap with our ___,เราปรบมือด้วย___ของเรา,,
quiz_questions,cefd160e-09da-4a57-a7fa-70265fa61e1e,Body Parts,Your toes are on your ___,นิ้วเท้าของคุณอยู่บน___ของคุณ,,
quiz_questions,d0b3ddef-4024-4500-8df4-9b6527bfecf6,Body Parts,You wear a hat on your ___.,คุณสวมหมวกบน ___,,
quiz_questions,d5fdf174-2cbe-4fbe-8399-5c6cb204f179,Body Parts,You close your ___ when you sleep.,คุณหลับ ___ เวลานอน,,
quiz_questions,d6267a14-3507-420b-b4b8-2386026ed5b2,Body Parts,We count on our ___,เรานับด้วย___ของเรา,,
quiz_questions,d7306115-4230-4262-a311-1186112e5426,Body Parts,You run with your ___.,คุณวิ่งด้วย ___,,
quiz_questions,db27e2ca-76f1-4d01-813d-3cc01a789299,Body Parts,We blow our ___ when we have a cold,เราสั่ง___เมื่อเราเป็นหวัด,,
quiz_questions,dec719bf-772b-478d-92ad-51e1d371526e,Body Parts,We throw a ball with our ___,เราขว้างลูกบอลด้วย___ของเรา,,
quiz_questions,e13f5771-cb0b-4b2f-b719-7f94be4e971c,Body Parts,We stand on our ___,เรายืนบน___ของเรา,,
quiz_questions,e2d4e08b-4a7b-484d-9f77-25be529b5147,Body Parts,We use our EYES to ___,เราใช้ตาของเราเพื่อ___,,
quiz_questions,e372efff-3693-45c5-9b71-1cf58023feb1,Body Parts,We jump using our ___,เรากระโดดโดยใช้___ของเรา,,
quiz_questions,e41938ea-94fc-4daf-b7b6-f96cf5dca549,Body Parts,You have two ___ to look at the world.,คุณมี ___ สองข้างไว้มองโลก,,
quiz_questions,e5a58baf-b42e-4cd6-9a0a-c9ad293dd773,Body Parts,Your hair grows on your ___,ผมของคุณขึ้นบน___ของคุณ,,
quiz_questions,e6678095-4d8f-40ef-9133-ab45a343c205,Body Parts,We wiggle our ___ inside our shoes,เราขยับ___ในรองเท้า,,
quiz_questions,e83f383d-8859-4d06-a54d-e7e9336d87a7,Body Parts,You count one to ten on your ___.,คุณนับหนึ่งถึงสิบด้วย ___,,
quiz_questions,e8739d2e-ed5e-43b8-95b9-11110d51220a,Body Parts,You sleep on your ___ or your side.,คุณนอนหงายบน ___ หรือนอนตะแคง,,
quiz_questions,ec92a422-e813-44ee-868a-89974560af2e,Body Parts,Flowers smell nice! Sniff with your ___.,ดอกไม้หอมจัง! ดมด้วย ___ ของคุณ,,
quiz_questions,f6afb086-ad4c-4ba6-8dbe-38fda09f6a3a,Body Parts,Where is your back?,หลังของคุณอยู่ตรงไหน?,,
quiz_questions,f7c0b919-9526-4936-8194-fecf4e117f73,Body Parts,We wear a watch on our ___,เราใส่นาฬิกาที่___ของเรา,,
quiz_questions,f7ce8425-ca0f-4f1c-961e-b58b18bbb718,Body Parts,We smell with our ___,เราดมกลิ่นด้วย___ของเรา,,
quiz_questions,f8a36e19-3474-453c-b6ce-6dc31c264760,Body Parts,You hug with your ___.,คุณกอดด้วย ___,,
quiz_questions,07e53f1d-8d74-452e-9e0f-ac2e43632c65,Past/Present/Future Tense,"Next Saturday, I ___ at the pool.",วันเสาร์หน้า ฉัน ___ ที่สระว่ายน้ำ,,
quiz_questions,089a05bd-6c4b-44d1-ae94-7179f275539c,Past/Present/Future Tense,"Tomorrow, we ___ pizza!",พรุ่งนี้ เรา ___ พิซซ่า!,,
quiz_questions,0aa3aa82-ed8e-4fce-a580-7ab987bc391a,Past/Present/Future Tense,"Tomorrow, she ___ at the concert.",พรุ่งนี้ เธอ ___ ที่คอนเสิร์ต,,
quiz_questions,14718994-b440-4580-aad7-662782c15abf,Past/Present/Future Tense,I ___ eight hours every night,ฉัน ___ แปดชั่วโมงทุกคืน,,
quiz_questions,17855363-6263-4966-a1dd-62c2a8b24137,Past/Present/Future Tense,"Tomorrow, I ___ to school.",พรุ่งนี้ ฉัน ___ ไปโรงเรียน,,
quiz_questions,1bab9583-a529-47d4-afe2-ff54d964f3f8,Past/Present/Future Tense,"Yesterday, I ___ to school.",เมื่อวาน ฉัน ___ ไปโรงเรียน,,
quiz_questions,1ccca80b-d88d-4cbb-98a2-8cb0dece5d16,Past/Present/Future Tense,Yesterday he ___ very fast,เมื่อวานเขา ___ เร็วมาก,,
quiz_questions,1ce6d72a-de5c-4e74-b4cd-e846408f39d6,Past/Present/Future Tense,He ___ in the choir every Sunday,เขา ___ ในคณะนักร้องทุกวันอาทิตย์,,
quiz_questions,24217720-79b7-47e1-a804-eb6036212bc4,Past/Present/Future Tense,Which sentence is about the PAST?,ประโยคไหนเกี่ยวกับ อดีต (PAST)?,,
quiz_questions,247642d0-d25a-47c9-8ec7-3f8cc6b6000b,Past/Present/Future Tense,"Last week, we ___ a song at school.",สัปดาห์ที่แล้ว เรา ___ เพลงที่โรงเรียน,,
quiz_questions,351fc1d9-e39c-4336-be03-b2fcc4408e3f,Past/Present/Future Tense,We ___ games every weekend.,เรา ___ เกมทุกสุดสัปดาห์,,
quiz_questions,40828f6d-3027-465b-bc1b-6e07a4729d31,Past/Present/Future Tense,Tomorrow I ___ a picture for Mom,พรุ่งนี้ฉัน ___ รูปให้แม่,,
quiz_questions,47089a87-0699-4b37-a19d-119b33867ac0,Past/Present/Future Tense,Next year I ___ how to draw better,ปีหน้าฉัน ___ วาดรูปให้เก่งขึ้น,,
quiz_questions,4d2a4627-0739-41e0-894d-b87985a4d249,Past/Present/Future Tense,Next week we ___ basketball,สัปดาห์หน้าพวกเรา ___ บาสเก็ตบอล,,
quiz_questions,4d41ae72-2955-4f5e-8f30-db767e3e7d66,Past/Present/Future Tense,We ___ games every weekend,พวกเรา ___ เกมทุกสุดสัปดาห์,,
quiz_questions,50166a6c-d75a-45c8-9a73-a94728f9e1a5,Past/Present/Future Tense,Last Monday she ___ a song at school,วันจันทร์ที่แล้วเธอ ___ เพลงที่โรงเรียน,,
quiz_questions,50b0d27a-67c4-4f26-8b7c-2a4ac7a1f7b6,Past/Present/Future Tense,Last year I ___ how to swim,ปีที่แล้วฉัน ___ ว่ายน้ำ,,
quiz_questions,545aca07-9555-4796-8d7d-6aeb7f26683d,Past/Present/Future Tense,Next Friday I ___ in the swimming race,วันศุกร์หน้าฉัน ___ ในการแข่งว่ายน้ำ,,
quiz_questions,571d42a6-30d4-4e26-9ff1-24e004090af4,Past/Present/Future Tense,Which sentence is about the PRESENT?,ประโยคไหนเกี่ยวกับ ปัจจุบัน (PRESENT)?,,
quiz_questions,57da7cc1-8a3f-4285-b155-c1c1fa252f3c,Past/Present/Future Tense,She ___ pictures in art class,เธอ ___ รูปในชั่วโมงศิลปะ,,
quiz_questions,58eea046-f879-49f5-8530-7785cfb7a211,Past/Present/Future Tense,Tomorrow we ___ to the beach,พรุ่งนี้พวกเรา ___ ไปชายหาด,,
quiz_questions,5c098df8-88c4-4775-b855-74de042cc9cb,Past/Present/Future Tense,Next month we ___ a new song,เดือนหน้าพวกเรา ___ เพลงใหม่,,
quiz_questions,5daf74f9-29cc-448d-8fc7-d84714a887ea,Past/Present/Future Tense,"Yesterday, she ___ in the race.",เมื่อวาน เธอ ___ ในการแข่งขัน,,
quiz_questions,6032f4a7-2ed4-4b3a-aed9-653bf2365051,Past/Present/Future Tense,He ___ very fast in yesterday's race,เขา ___ เร็วมากในการแข่งเมื่อวาน,,
quiz_questions,60e8e757-465a-48c3-b841-c3fe58a510b6,Past/Present/Future Tense,Two days ago they ___ to the store,สองวันก่อนพวกเขา ___ ไปร้านค้า,,
quiz_questions,6117ae4e-f58a-4e7f-a7a7-66ac44ef88fd,Past/Present/Future Tense,She ___ in the morning every day,เธอ ___ ตอนเช้าทุกวัน,,
quiz_questions,682f12fb-e876-4b8a-8879-044d215d1dde,Past/Present/Future Tense,I ___ breakfast every morning,ฉัน ___ อาหารเช้าทุกเช้า,,
quiz_questions,6aecbf15-4790-4e27-9c38-a0aa6132da4f,Past/Present/Future Tense,Which sentence talks about YESTERDAY?,ประโยคไหนพูดถึง เมื่อวาน (YESTERDAY)?,,
quiz_questions,6d72f3d2-c29d-4346-b5a7-ab090847cc06,Past/Present/Future Tense,Tomorrow I ___ to the park,พรุ่งนี้ฉัน ___ ไปสวน,,
quiz_questions,722c97c0-b139-497e-b165-fd97670c3e02,Past/Present/Future Tense,"Tomorrow, we ___ pictures in art class.",พรุ่งนี้ เรา ___ รูปในวิชาศิลปะ,,
quiz_questions,738d8506-0912-4c6b-9c7d-7b83cb08cc28,Past/Present/Future Tense,"Next week, I ___ with my cousins.",สัปดาห์หน้า ฉัน ___ กับลูกพี่ลูกน้อง,,
quiz_questions,7b495c66-ba1d-4eaf-a4bf-324e5480ca0c,Past/Present/Future Tense,"Tomorrow, he ___ in the big race.",พรุ่งนี้ เขา ___ ในการแข่งขันใหญ่,,
quiz_questions,8099ed72-3027-4c4a-af2f-eec55ec0af92,Past/Present/Future Tense,Yesterday she ___ a beautiful song,เมื่อวานเธอ ___ เพลงสวยๆ,,
quiz_questions,80cdc79d-fdde-4d73-a858-2aef57a142d7,Past/Present/Future Tense,"Every morning, the birds ___.",ทุกเช้า นก ___,,
quiz_questions,8cf2f591-7145-42a0-aa2c-4efa7be83827,Past/Present/Future Tense,Yesterday we ___ football,เมื่อวานพวกเรา ___ ฟุตบอล,,
quiz_questions,8db1b919-dd51-4cf1-babd-834fd989c1f7,Past/Present/Future Tense,"Last summer, we ___ in the sea.",ฤดูร้อนที่แล้ว เรา ___ ในทะเล,,
quiz_questions,904818da-681d-42aa-83fb-6cd1913f5d9d,Past/Present/Future Tense,I ___ rice for dinner last night,ฉัน ___ ข้าวเป็นอาหารเย็นเมื่อคืน,,
quiz_questions,909aff11-eb17-4e61-aa87-a63bd4ece106,Past/Present/Future Tense,Last night I ___ early,เมื่อคืนฉัน ___ เร็ว,,
quiz_questions,90e37859-1a8f-4c81-8158-d788fa42ee57,Past/Present/Future Tense,Tonight I ___ at my friend's house,คืนนี้ฉัน ___ ที่บ้านเพื่อน,,
quiz_questions,946b92f9-b8e3-46e1-ae1b-0d3e8c7ad80c,Past/Present/Future Tense,Right now he ___ a picture,ตอนนี้เขา ___ รูป,,
quiz_questions,95999e5f-dd79-4c40-8b21-ac6041c67666,Past/Present/Future Tense,Every day I ___ to school,ทุกวันฉัน ___ ไปโรงเรียน,,
quiz_questions,96ece7dd-b02b-48c5-95d3-762108488083,Past/Present/Future Tense,Tomorrow he ___ in the race,พรุ่งนี้เขา ___ ในการแข่ง,,
quiz_questions,9babbc55-37d8-40a6-9333-5a6e902c15aa,Past/Present/Future Tense,"Tonight, I ___ early.",คืนนี้ ฉัน ___ เร็ว,,
quiz_questions,af73fcc2-8b27-4ff0-8335-c850e57f5182,Past/Present/Future Tense,"Every day, we ___ lunch at noon.",ทุกวัน เรา ___ ข้าวเที่ยงตอนเที่ยง,,
quiz_questions,afc8b6fa-de89-4af1-9210-34e66e90285c,Past/Present/Future Tense,Last summer we ___ in the ocean,ฤดูร้อนที่แล้วพวกเรา ___ ในทะเล,,
quiz_questions,b192e023-d150-4ab9-af4d-a8e3f184cc8a,Past/Present/Future Tense,Yesterday I ___ to school,เมื่อวานฉัน ___ ไปโรงเรียน,,
quiz_questions,bb8b74c0-aaa8-4855-a2f2-42910b7d33e4,Past/Present/Future Tense,Yesterday I ___ a picture of my cat,เมื่อวานฉัน ___ รูปแมวของฉัน,,
quiz_questions,c2684798-4bb6-47e9-bcee-83b6e4087b2a,Past/Present/Future Tense,The fish ___ in the tank every day.,ปลา ___ ในตู้ทุกวัน,,
quiz_questions,c55de1e8-a3b4-4ab8-a25e-7c703438f9f2,Past/Present/Future Tense,Which sentence is about TOMORROW?,ประโยคไหนเกี่ยวกับ พรุ่งนี้ (TOMORROW)?,,
quiz_questions,c65873bd-a608-46af-82a1-3f4291771a4a,Past/Present/Future Tense,"Last night, we ___ rice and chicken.",เมื่อคืน เรา ___ ข้าวกับไก่,,
quiz_questions,c67f3b91-b49f-4e23-8cfa-f751cba6f297,Past/Present/Future Tense,I ___ in the pool every week,ฉัน ___ ในสระว่ายน้ำทุกสัปดาห์,,
quiz_questions,d30f3c98-19d7-47c8-ba06-eee8f269a04f,Past/Present/Future Tense,"Yesterday, they ___ football.",เมื่อวาน พวกเขา ___ ฟุตบอล,,
quiz_questions,d6683586-4574-4f99-860c-5e63eaa58fe4,Past/Present/Future Tense,I ___ to school every day,ฉัน ___ ไปโรงเรียนทุกวัน,,
quiz_questions,d9382d7e-b62f-4e87-b855-6356a7644cdb,Past/Present/Future Tense,"Yesterday, I ___ a picture of my dog.",เมื่อวาน ฉัน ___ รูปหมาของฉัน,,
quiz_questions,de12d748-4326-4af2-aa18-849b865078b3,Past/Present/Future Tense,Which sentence is about the FUTURE?,ประโยคไหนเกี่ยวกับ อนาคต (FUTURE)?,,
quiz_questions,de1c23e6-38bb-418f-b2e8-437bc82725dc,Past/Present/Future Tense,"Every day, I ___ to school.",ทุกวัน ฉัน ___ ไปโรงเรียน,,
quiz_questions,e211177d-1839-44fc-8336-38a1a018dc94,Past/Present/Future Tense,Tomorrow they ___ at the concert,พรุ่งนี้พวกเขา ___ ที่คอนเสิร์ต,,
quiz_questions,ebd5a0a1-254b-4aad-980a-ed08a52a6d58,Past/Present/Future Tense,"Last night, the baby ___ for ten hours.",เมื่อคืน เด็กทารก ___ สิบชั่วโมง,,
quiz_questions,f4b883e9-a190-482e-ab00-f88118118150,Past/Present/Future Tense,Tomorrow I ___ pizza for lunch,พรุ่งนี้ฉัน ___ พิซซ่าเป็นอาหารกลางวัน,,
quiz_questions,fd535256-fefd-45a7-bd59-c9a00eaf7846,Past/Present/Future Tense,She ___ a picture for her mom yesterday,เธอ ___ รูปให้แม่เมื่อวาน,,
quiz_questions,06ab1f1e-6f1c-4568-9309-fb7cd8b3b1c7,Comparisons,"After a bath, I am ___ than before.",หลังอาบน้ำ ฉัน ___ กว่าก่อนอาบ,,
quiz_questions,08b695a0-8a05-4c4e-b3ac-f7f39995d74f,Comparisons,Grandpa is ___ but the baby is young.,คุณปู่ ___ แต่ทารกยังเล็ก,,
quiz_questions,0a60550d-f582-4bec-99e1-591e3e89190d,Comparisons,"In the library, we must be ___.",ในห้องสมุด เราต้อง ___,,
quiz_questions,0b95442c-7113-4607-ac02-79745ff5fac2,Comparisons,A car is ___ than a bicycle.,รถยนต์ ___ กว่าจักรยาน,,
quiz_questions,104e5bf1-ce69-415e-8269-a40ff873586c,Comparisons,The blue whale is the ___ animal in the sea.,วาฬสีน้ำเงินเป็นสัตว์ที่ ___ ที่สุดในทะเล,,
quiz_questions,15a16633-ffe9-4da8-97af-ca16eba8b401,Comparisons,"When I lose my toy, I feel ___.",เมื่อฉันทำของเล่นหาย ฉันรู้สึก ___,,
quiz_questions,1c2cae65-e1ac-4264-a34a-e2d0b9f7f77e,Comparisons,A rock concert is ___ than a library.,คอนเสิร์ตร็อก ___ กว่าห้องสมุด,,
quiz_questions,1c804c76-6f45-4ac3-883d-28905a462e7f,Comparisons,An elephant is ___ than a feather.,ช้าง ___ กว่าขนนก,,
quiz_questions,26e57627-43da-48e9-bf96-ebfe083da666,Comparisons,Winter is ___ but summer is hot.,ฤดูหนาว ___ แต่ฤดูร้อนร้อน,,
quiz_questions,2ea527a4-4aef-4e9f-a46c-03494f47115c,Comparisons,Winter is the ___ season.,ฤดูหนาวเป็นฤดูที่ ___ ที่สุด,,
quiz_questions,2f615e08-c802-4472-8bd9-3fbbaa58bfa8,Comparisons,An elephant is ___ than a mouse.,ช้างตัว ___ กว่าหนู,,
quiz_questions,31a0cb74-a189-41a7-a864-277571de77f3,Comparisons,The box with many toys inside is ___.,กล่องที่มีของเล่นเยอะข้างในนั้น ___,,
quiz_questions,3b2c5c7a-ea03-4a74-aa87-e5e80a0c3774,Comparisons,The ant is one of the ___ animals.,มดเป็นหนึ่งในสัตว์ที่ ___ ที่สุด,,
quiz_questions,3c5fdf1d-3597-4598-864d-2fc1c6f7bd3f,Comparisons,A smiling face is ___. A crying face is ___.,หน้ายิ้มคือ ___ หน้าร้องไห้คือ ___,,
quiz_questions,3dd619b4-0893-4ccd-98ca-5a0b665d65ba,Comparisons,A rabbit is ___ than a turtle.,กระต่าย ___ กว่าเต่า,,
quiz_questions,3fc9ba57-4cfc-4491-b329-1abd9efd8edd,Comparisons,A glass with water to the top is ___. A glass with nothing is ___.,แก้วที่มีน้ำเต็มคือ ___ แก้วที่ไม่มีอะไรคือ ___,,
quiz_questions,4564fcc1-bd77-4ff6-8edc-9ed0fa2f2c29,Comparisons,Fire is ___ than ice.,ไฟ ___ กว่าน้ำแข็ง,,
quiz_questions,4638b71a-3b78-42f3-9d8c-ebab3d4539f7,Comparisons,The basket is ___ of apples.,ตะกร้า ___ ไปด้วยแอปเปิ้ล,,
quiz_questions,49a2dbeb-1a5f-4d46-8057-47f2d1c6b987,Comparisons,My backpack full of books is ___ than my empty backpack.,เป้ที่เต็มไปด้วยหนังสือ ___ กว่าเป้เปล่า,,
quiz_questions,579f65b4-5b89-4f24-b570-dd9292e7ff4c,Comparisons,A mouse is ___ than an elephant.,หนูตัว ___ กว่าช้าง,,
quiz_questions,58302692-fd0d-4e5f-b7ed-d1021df18c80,Comparisons,A race car is ___ than a bicycle.,รถแข่ง ___ กว่าจักรยาน,,
quiz_questions,6648c503-9629-4a66-9034-bdd35546e61a,Comparisons,The cheetah is the ___ animal on land.,เสือชีตาห์เป็นสัตว์ที่ ___ ที่สุดบนบก,,
quiz_questions,6ef7f4a0-dc42-4727-ba4b-6fdbba1e03b5,Comparisons,A balloon is ___ than a bowling ball.,ลูกโป่ง ___ กว่าลูกโบว์ลิ่ง,,
quiz_questions,7326fc35-f53e-4034-826f-8766e64d7174,Comparisons,An elephant is ___ but a butterfly is light.,ช้างตัว ___ แต่ผีเสื้อเบา,,
quiz_questions,73d70398-cc5f-4c4f-8340-cc67dd0b8d53,Comparisons,My shoes are ___. I just bought them yesterday.,รองเท้าของฉัน ___ ฉันเพิ่งซื้อเมื่อวาน,,
quiz_questions,74dc668b-9e49-41f3-bc3f-faeb21e3a187,Comparisons,A balloon is ___ than a bowling ball.,ลูกโป่ง ___ กว่าลูกโบว์ลิ่ง,,
quiz_questions,76c6e3b1-90f1-49c9-85b1-a1542e9627b7,Comparisons,Dad's truck is ___ than my toy car.,รถบรรทุกของพ่อ ___ กว่ารถของเล่นของฉัน,,
quiz_questions,7a9c7a1e-7323-4cb7-9678-8703a03c0838,Comparisons,A snail is ___ than a horse.,หอยทากตัว ___ กว่าม้า,,
quiz_questions,81449e97-2ca5-464c-a89f-c8484ca15707,Comparisons,"After eating all the food, the plate is ___.",หลังกินอาหารหมด จานก็ ___,,
quiz_questions,81b1d7fc-9fd4-49b2-af0d-94336748fbb5,Comparisons,An ant is ___ than a dog.,มดตัว ___ กว่าสุนัข,,
quiz_questions,84dd7c2a-23f4-4e84-9962-982053e7cb96,Comparisons,Great-grandma is the ___ person in our family.,คุณทวดเป็นคนที่ ___ ที่สุดในครอบครัว,,
quiz_questions,88ddc341-4ed1-4cc4-9f07-1c3b6b1c5ff1,Comparisons,A library is ___ than a party.,ห้องสมุด ___ กว่างานปาร์ตี้,,
quiz_questions,8d09fd08-439a-4520-8fff-a66f0881e487,Comparisons,A washed shirt is ___ than a muddy shirt.,เสื้อที่ซักแล้ว ___ กว่าเสื้อเปื้อนโคลน,,
quiz_questions,8fd5d847-e4fe-47d4-861d-eaccac84e9c9,Comparisons,"After washing, the shirt is ___.",หลังซัก เสื้อก็ ___,,
quiz_questions,9052dd0f-d1a3-4923-b76f-7a1337d97816,Comparisons,A brand-new phone is ___ than Grandpa's old phone.,โทรศัพท์เครื่องใหม่เอี่ยม ___ กว่าเครื่องเก่าของคุณปู่,,
quiz_questions,951f691a-bbbd-42f1-bede-468cf58e5904,Comparisons,A drum is ___ than a whisper.,กลอง ___ กว่าเสียงกระซิบ,,
quiz_questions,952342d2-1ca7-47e8-a431-51e22488cba3,Comparisons,A lion roar is very ___.,เสียงคำรามของสิงโต ___ มาก,,
quiz_questions,9bd9a322-1295-40c8-8d3a-f0a342374af2,Comparisons,A pig in mud is ___. A washed plate is ___.,หมูในโคลนคือ ___ จานที่ล้างแล้วคือ ___,,
quiz_questions,9c555dc8-7948-4b0e-aa1c-859831a8e80a,Comparisons,"After playing in the rain, my clothes are ___.",หลังเล่นกลางฝน เสื้อผ้าของฉัน ___,,
quiz_questions,9cda1272-47e7-4ab9-a5b9-3363249b6b30,Comparisons,My birthday is the ___ day of the year!,วันเกิดของฉันเป็นวันที่ ___ ที่สุดของปี!,,
quiz_questions,9e4e630d-5837-4f67-9a26-af9eb9b7f62b,Comparisons,I am ___ on my birthday than on a normal day.,ฉัน ___ ในวันเกิดมากกว่าวันธรรมดา,,
quiz_questions,a2c88bf9-81b4-48f3-a02e-f8b3f0e67363,Comparisons,A feather is ___ than a rock.,ขนนก ___ กว่าก้อนหิน,,
quiz_questions,a4406492-1cc6-45ce-9137-5d167837259e,Comparisons,Ice cream is ___ than soup.,ไอศกรีม ___ กว่าซุป,,
quiz_questions,a5fd2e9c-5f12-4ba1-8d32-4c3f5175193d,Comparisons,Summer is the ___ season in Thailand.,ฤดูร้อนเป็นฤดูที่ ___ ที่สุดในประเทศไทย,,
quiz_questions,b751429d-62d7-4984-aee2-f1749a22df67,Comparisons,I am ___ when my toy breaks than when I play.,ฉัน ___ เวลาของเล่นพังมากกว่าเวลาเล่น,,
quiz_questions,bb3aa09b-10e7-4580-b11c-f7fef9085969,Comparisons,A cat is ___ than a giraffe.,แมว ___ กว่ายีราฟ,,
quiz_questions,bbaf0254-608b-4820-9b0b-18f81a17b000,Comparisons,My new shoes are ___ than my old shoes.,รองเท้าคู่ใหม่ ___ กว่าคู่เก่า,,
quiz_questions,bd3aa713-a20e-4141-bb56-531a18c8a622,Comparisons,A mountain is ___ than a hill.,ภูเขา ___ กว่าเนินเขา,,
quiz_questions,c25e7bf5-b91a-44e6-88c3-0b9a4001fbf2,Comparisons,"When I get a present, I feel ___.",เมื่อฉันได้ของขวัญ ฉันรู้สึก ___,,
quiz_questions,c27a0c45-2e37-4557-8622-34b67c7a1d86,Comparisons,A giraffe is ___ than a cat.,ยีราฟ ___ กว่าแมว,,
quiz_questions,c9be69ce-0978-414a-8f1b-7499e7fe842a,Comparisons,A turtle is ___ than a rabbit.,เต่า ___ กว่ากระต่าย,,
quiz_questions,d578afcc-f4fd-4148-822e-ffa580be0f05,Comparisons,The summer sun makes the day ___.,แดดหน้าร้อนทำให้วัน ___,,
quiz_questions,dafad0ad-36c3-4fd0-965d-e30fea1150b5,Comparisons,Soup is ___ than ice cream.,ซุป ___ กว่าไอศกรีม,,
quiz_questions,df723139-e976-4882-ade5-9ee2a836bd0f,Comparisons,The giraffe is the ___ animal in the zoo.,ยีราฟเป็นสัตว์ที่ ___ ที่สุดในสวนสัตว์,,
quiz_questions,e4665975-ba31-49df-abad-6b2534c6c694,Comparisons,The snail is the ___ of all.,หอยทาก ___ ที่สุดในบรรดาทั้งหมด,,
quiz_questions,ea1d3915-9f64-479d-9a0d-18758bfa172b,Comparisons,A bag full of books is ___.,กระเป๋าที่เต็มไปด้วยหนังสือ ___,,
quiz_questions,f0f1ed5f-fcbc-496e-b36c-8ad09692b6bd,Comparisons,Grandpa is ___ than my brother.,คุณปู่ ___ กว่าน้องชายของฉัน,,
quiz_questions,f53f5256-9fee-46ef-93ef-5c257e284443,Comparisons,Pigs playing in mud get ___ than cats.,หมูเล่นโคลนตัว ___ กว่าแมว,,
quiz_questions,f559f79a-0962-45d3-8b24-7abf47f66f0b,Comparisons,The glass with no juice is ___.,แก้วที่ไม่มีน้ำผลไม้นั้น ___,,
quiz_questions,f954b0d0-11e3-4410-be2b-f99a15317ad3,Comparisons,Ice is ___ than fire.,น้ำแข็ง ___ กว่าไฟ,,
quiz_questions,03216fe3-47e7-44f9-bed5-50855b8fa76f,Prepositions,"The shop is ___ the school, just a short walk.",ร้านค้าอยู่ ___ โรงเรียน เดินแป๊บเดียวถึง,,
quiz_questions,060c2fbf-5ed0-4a1e-be2b-910599eba33f,Prepositions,The teacher stands ___ the class.,คุณครูยืน ___ ห้องเรียน,,
quiz_questions,0b5b3ead-6aa2-4bb9-b45e-b02350de14a8,Prepositions,The lamp is ___ the bed.,โคมไฟอยู่ ___ เตียง,,
quiz_questions,0c104eab-31b7-4b7d-9b23-b5a04de8f925,Prepositions,The sun is ___ the clouds.,ดวงอาทิตย์อยู่ ___ เมฆ,,
quiz_questions,0ea4881f-097e-4dcd-945c-14b30cd0b861,Prepositions,The submarine goes ___ the water.,เรือดำน้ำไปอยู่ ___ น้ำ,,
quiz_questions,12da3a95-051e-4845-8b36-1d3b04037bea,Prepositions,The rug is ___ the floor.,พรมอยู่ ___ พื้น,,
quiz_questions,163829b5-2659-44c5-b81c-1348bd84dcd6,Prepositions,The picture is ___ the wall.,รูปภาพอยู่ ___ กำแพง,,
quiz_questions,19ea0c7a-5fce-45ad-b6d3-f10bc162d22d,Prepositions,The picture hangs ___ the sofa.,ภาพแขวนอยู่ ___ โซฟา,,
quiz_questions,2217ac19-4663-412e-ac4b-6516b058de52,Prepositions,The bird is flying ___ the tree.,นกกำลังบินอยู่ ___ ต้นไม้,,
quiz_questions,22c01f18-6056-4e63-b713-a90a4c8dca17,Prepositions,"It is cold ___, so wear your coat.",___ อากาศหนาว ใส่เสื้อโค้ทด้วย,,
quiz_questions,2e9778d8-dc56-48e5-8703-45f81e25b989,Prepositions,The fish swim ___ the boat.,ปลาว่ายอยู่ ___ เรือ,,
quiz_questions,2fabd4bf-831d-4456-aa69-d6bcc8092f8f,Prepositions,The ball rolled ___ the car.,ลูกบอลกลิ้งไป ___ รถ,,
quiz_questions,30982bfa-cd9d-42fb-b0c3-13ea93a9e029,Prepositions,We eat ___ the kitchen.,เรากินข้าว ___ ครัว,,
quiz_questions,30d6935c-2db7-4b1e-8bfe-536c5751c922,Prepositions,B comes ___ A and C.,B อยู่ ___ A กับ C,,
quiz_questions,3af1056b-a047-47a9-9224-871cdc5a5947,Prepositions,The cookies are ___ the jar.,คุกกี้อยู่ ___ ขวดโหล,,
quiz_questions,4733d3e8-8879-4deb-96a3-496e64f24409,Prepositions,Stand ___ the mirror to see yourself.,ยืน ___ กระจกเพื่อดูตัวเอง,,
quiz_questions,4a79ea7b-9a32-4c83-a288-ce2c2cb0b818,Prepositions,The clouds are high ___ the mountains.,เมฆอยู่สูง ___ ภูเขา,,
quiz_questions,51f960bf-bc02-42ab-8da9-d5fca41e8cac,Prepositions,The sun goes down ___ the mountains.,ดวงอาทิตย์ตกลง ___ ภูเขา,,
quiz_questions,5a94ed14-f105-49ac-a73c-3a788cbab0e1,Prepositions,I put my hand ___ my pocket.,ฉันเอามือใส่ ___ กระเป๋า,,
quiz_questions,5eff5ad5-5f4b-4217-80d4-13de408a8f7e,Prepositions,The dog waits ___ the door for its walk.,หมารอ ___ ประตูเพื่อไปเดินเล่น,,
quiz_questions,64912b28-9282-4065-8f7e-6b9a145e098a,Prepositions,The dog is waiting ___ the gate.,สุนัขรออยู่ ___ ประตูรั้ว,,
quiz_questions,7c8ec39d-9b2a-4202-8396-b7183968745b,Prepositions,It is raining! Let's play ___ the house.,ฝนตก! เล่น ___ บ้านกันเถอะ,,
quiz_questions,8083b5bf-9257-4faa-9af9-56c0fca488f3,Prepositions,The moon is ___ us in the sky.,ดวงจันทร์อยู่ ___ เราบนท้องฟ้า,,
quiz_questions,8303284d-9444-4092-ab61-b99d52f9a238,Prepositions,The dog sleeps ___ in the garden.,หมานอน ___ ในสวน,,
quiz_questions,86d7943f-3ed2-4a7e-8714-f440c1cc0258,Prepositions,The toys are ___ the toy box.,ของเล่นอยู่ ___ กล่องของเล่น,,
quiz_questions,8a61f6ed-f7c3-485b-afd0-46a990f5253d,Prepositions,The flowers are ___ the vase.,ดอกไม้อยู่ ___ แจกัน,,
quiz_questions,9472bb00-8148-4f2f-b252-020d071df6a2,Prepositions,I sit ___ my best friend.,ฉันนั่ง ___ เพื่อนสนิท,,
quiz_questions,9914f95c-ccd0-411c-bb02-ee3899de9454,Prepositions,Let us play ___ in the garden.,ไปเล่น ___ ในสวน,,
quiz_questions,a3f3f56d-3a95-4ad5-a8e2-195da3aeafb0,Prepositions,The fish swims ___ the water.,ปลาว่าย ___ น้ำ,,
quiz_questions,a4696498-6f8e-4c11-a822-52a2dab17e2e,Prepositions,"My grandma lives ___ us, so we visit every day.",คุณยายอยู่ ___ บ้านเรา เราเลยไปเยี่ยมทุกวัน,,
quiz_questions,a4ddf169-738e-425a-90e5-4d8bfc398d25,Prepositions,The book is ___ the table.,หนังสืออยู่ ___ โต๊ะ,,
quiz_questions,ab6312a3-eb32-4bd6-8490-073404ce12a8,Prepositions,Sit ___ me on the bench.,นั่ง ___ ฉันบนม้านั่ง,,
quiz_questions,ab79e64d-b248-4e41-a74a-86ddca14f6b0,Prepositions,Put the milk ___ the fridge.,ใส่นมไว้ ___ ตู้เย็น,,
quiz_questions,b1ff7c18-cd74-4718-8187-2829d755ef2a,Prepositions,The birds fly ___ the trees.,นกบิน ___ ต้นไม้,,
quiz_questions,b37f2832-2417-4724-b992-73dbae726890,Prepositions,Put your hat ___ your head.,ใส่หมวก ___ หัวของคุณ,,
quiz_questions,b66e756d-f323-4d21-8c9e-15b746e15dca,Prepositions,The dog hides ___ the bed.,หมาซ่อนตัว ___ เตียง,,
quiz_questions,b6fd9e94-e748-4cb5-b754-f0c1cb4488a6,Prepositions,The boy hides ___ the tree.,เด็กผู้ชายซ่อนตัว ___ ต้นไม้,,
quiz_questions,b9466c90-e5f1-46a7-91b1-6a3cfff32afc,Prepositions,The garden is ___ the house.,สวนอยู่ ___ บ้าน,,
quiz_questions,b976495e-fcbc-480e-8561-06751a9205cd,Prepositions,Don't go ___ the fire! It is hot.,อย่าเข้า ___ กองไฟ! มันร้อน,,
quiz_questions,b9bbe508-7fc9-4a19-bc5b-fa04f25143c5,Prepositions,The fork is ___ the plate.,ส้อมอยู่ ___ จาน,,
quiz_questions,bad085d9-b215-4308-a6f6-c0594aaee48d,Prepositions,The kite is flying ___ in the sky.,ว่าวกำลังบินอยู่ ___ ในท้องฟ้า,,
quiz_questions,bba37925-5b29-4c3c-b43d-ea7b0709b95f,Prepositions,Look down! Your shoes are ___ the chair.,มองลงไปสิ! รองเท้าของคุณอยู่ ___ เก้าอี้,,
quiz_questions,bdd53335-f5ff-4d04-b7ae-d0ffa8cf7f7e,Prepositions,Line up! Stand ___ the person in front of you.,เข้าแถว! ยืน ___ คนข้างหน้า,,
quiz_questions,c5bf3754-1591-4629-acd6-670a76ea7195,Prepositions,The bird lives ___ the birdhouse.,นกอาศัยอยู่ ___ บ้านนก,,
quiz_questions,c695b455-17ec-4e69-a7b8-973cce7fe960,Prepositions,The hospital is ___ the school.,โรงพยาบาลอยู่ ___ โรงเรียน,,
quiz_questions,c844c7fe-1001-459e-86ca-616e2320fb23,Prepositions,Look forward! The blackboard is ___ you.,มองไปข้างหน้า! กระดานดำอยู่ ___ คุณ,,
quiz_questions,cf4b3806-b709-4f92-81b7-ff80d6bc3641,Prepositions,The basement is ___ the house.,ห้องใต้ดินอยู่ ___ บ้าน,,
quiz_questions,d131ffd0-8762-4b9b-b105-b97a4ef776e8,Prepositions,I sit ___ my mom and my dad.,ฉันนั่ง ___ แม่กับพ่อ,,
quiz_questions,d437253c-53a7-49dc-b5b1-be7aac033d4f,Prepositions,The school is ___ my house. I walk there.,โรงเรียนอยู่ ___ บ้านฉัน ฉันเดินไปได้,,
quiz_questions,d5c619a9-a95b-4123-83ee-5d7a556cfded,Prepositions,The shoes are ___ the bed.,รองเท้าอยู่ ___ เตียง,,
quiz_questions,d9479bc9-6000-4784-a2e7-d67d459f0a59,Prepositions,The park is ___ the school and the library.,สวนสาธารณะอยู่ ___ โรงเรียนและห้องสมุด,,
quiz_questions,d959adf0-ff0c-4f99-a703-617582eebda1,Prepositions,Stand ___ the door.,ยืนอยู่ ___ ประตู,,
quiz_questions,ec61a05c-c6c8-4b4c-adfd-4fc29eefcf73,Prepositions,The sun is shining! Let's play ___.,แดดออกแล้ว! ไปเล่น ___ กันเถอะ,,
quiz_questions,f3232332-bfe6-4d00-a2a8-eadb93c8231c,Prepositions,Put the toys ___ the basket.,เอาของเล่นใส่ ___ ตะกร้า,,
quiz_questions,f533b8f7-f139-4e52-83a7-9fcd0132710d,Prepositions,The ball is ___ the two boxes.,ลูกบอลอยู่ ___ กล่องสองใบ,,
quiz_questions,f73f4228-6eba-467f-ac5d-f6e8e627986c,Prepositions,The cat jumped ___ the table.,แมวกระโดดขึ้นไป ___ โต๊ะ,,
quiz_questions,f8017b2a-ce17-4ff1-8a93-b9ba70485047,Prepositions,The cat sleeps ___ the sofa.,แมวนอน ___ โซฟา,,
quiz_questions,f9a6f754-5652-445b-bc02-7e6add1eb8a7,Prepositions,The hamster lives ___ the cage.,หนูแฮมสเตอร์อาศัยอยู่ ___ กรง,,
quiz_questions,fc088e91-1129-4df4-962a-dd676d77d404,Prepositions,My house is ___ the river.,บ้านของฉันอยู่ ___ แม่น้ำ,,
quiz_questions,fcc6671c-8a1c-4e0a-bc52-e492a21e3c6d,Prepositions,Your chin is ___ your mouth.,คางของคุณอยู่ ___ ปาก,,
quiz_questions,00b21a84-bfbb-4bce-9274-6f2e93fb04f8,Feelings & Emotions,My birthday party makes me ___.,งานวันเกิดทำให้ฉัน ___,,
quiz_questions,04031301-20b4-41d5-b89e-b4a3a6f39013,Feelings & Emotions,The thunder is loud! I am ___.,ฟ้าร้องดังมาก! ฉัน ___,,
quiz_questions,07b85edf-b345-49ae-a11f-dfdc80aad757,Feelings & Emotions,I make funny faces when I am ___.,ฉันทำหน้าตลกเวลาที่ฉัน ___,,
quiz_questions,0db866a4-4ad0-4583-8095-d9d66f46d1a2,Feelings & Emotions,"No games, no friends, no fun. I feel ___.",ไม่มีเกม ไม่มีเพื่อน ไม่สนุกเลย ฉันรู้สึก ___,,
quiz_questions,12eb5413-7d05-437b-8759-3c4d7d820a75,Feelings & Emotions,There is nothing to do. I am ___.,ไม่มีอะไรทำเลย ฉัน ___,,
quiz_questions,19114550-5b54-426a-9dfe-3fd7d513b432,Feelings & Emotions,I want to sleep because I am ___.,ฉันอยากนอนเพราะฉัน ___,,
quiz_questions,1ea6be54-6a7c-4b15-98e2-b780bfdfda33,Feelings & Emotions,I yell when I am very ___.,ฉันตะโกนเวลาที่ฉัน ___ มาก,,
quiz_questions,318f29bb-7a50-4d58-afec-6eac5c6185ea,Feelings & Emotions,I hide under my blanket when I am ___.,ฉันซ่อนใต้ผ้าห่มเวลาที่ฉัน ___,,
quiz_questions,39db0517-88f7-4a25-b701-0fdcb67ecc4d,Feelings & Emotions,My mouth opened wide. I was ___!,ปากของฉันอ้ากว้าง ฉัน ___!,,
quiz_questions,3b8d5571-8353-46d1-b245-17274685fc90,Feelings & Emotions,"After running all day, I feel ___.",หลังวิ่งมาทั้งวัน ฉันรู้สึก ___,,
quiz_questions,56eee417-6f14-4a9c-9044-d4daf0ee9ac0,Feelings & Emotions,The rollercoaster is coming! I am so ___!,รถไฟเหาะกำลังมา! ฉัน ___ มาก!,,
quiz_questions,5e4a7ef1-c65a-4484-915d-3bd16116c0eb,Feelings & Emotions,We are going to the zoo tomorrow! I am ___!,พรุ่งนี้เราจะไปสวนสัตว์! ฉัน ___!,,
quiz_questions,6e98775e-c9e8-4316-94f4-637d1f9f8986,Feelings & Emotions,I yawn when I am ___.,ฉันหาวเวลาที่ฉัน ___,,
quiz_questions,70b42b59-bd73-4f96-b37f-394637f61b0f,Feelings & Emotions,I want to eat! I am so ___.,ฉันอยากกิน! ฉัน ___ มาก,,
quiz_questions,7296ecd1-b13e-476f-8360-cf9005d3b980,Feelings & Emotions,"I skipped breakfast, so now I am ___.",ฉันไม่ได้กินข้าวเช้า ตอนนี้ฉันเลย ___,,
quiz_questions,7b0fb7bf-52a1-404e-a21d-f4c297a788e8,Feelings & Emotions,The dark room makes me ___.,ห้องมืดทำให้ฉัน ___,,
quiz_questions,83f96061-323c-4e12-a8df-30eeebb25860,Feelings & Emotions,I jump up and down when I am ___.,ฉันกระโดดขึ้นลงเวลาที่ฉัน ___,,
quiz_questions,8d7ad2f5-e680-4f45-b5a4-bdf3e7d88de4,Feelings & Emotions,Grandma visits today. I am so ___!,วันนี้คุณยายมาเยี่ยม ฉัน ___ มาก!,,
quiz_questions,93344fdf-9381-4fa6-b632-a827be995a89,Feelings & Emotions,We smile when we are ___.,เรายิ้มเวลาที่เรา ___,,
quiz_questions,9335c524-45cc-47a5-8c82-7beb5230341f,Feelings & Emotions,"""Boo!"" My friend jumped out. I was ___!","""บู!"" เพื่อนกระโดดออกมา ฉัน ___!",,
quiz_questions,93f3acc3-a21b-4dcb-9976-c8617e523ddf,Feelings & Emotions,Lunch time! Everyone is ___.,ถึงเวลาอาหารกลางวัน! ทุกคน ___,,
quiz_questions,958cb6e6-9e6f-4725-8d07-104b16ba1524,Feelings & Emotions,It is late at night. I am ___.,ดึกมากแล้ว ฉัน ___,,
quiz_questions,9bccb1a7-7da8-4c7a-8fe8-9d53b26acc0e,Feelings & Emotions,School trip today! The kids are ___!,วันนี้ไปทัศนศึกษา! เด็กๆ ___!,,
quiz_questions,a397915f-dc17-4cdd-af04-f94e654525c5,Feelings & Emotions,"When you get a gold star at school, you feel ___",เมื่อคุณได้ดาวทองที่โรงเรียน คุณรู้สึก___,,
quiz_questions,a769b690-a5f2-4b31-84b2-180e0079d217,Feelings & Emotions,Hearing a scary noise at night makes you feel ___,การได้ยินเสียงน่ากลัวตอนกลางคืนทำให้คุณรู้สึก___,,
quiz_questions,a862b939-9e35-40c8-a071-2851f13dea49,Feelings & Emotions,The clown is very ___.,ตัวตลก ___ มาก,,
quiz_questions,a9c79d87-41e8-4b8b-814b-88bd3b18b135,Feelings & Emotions,"When you have to wait a long time, you feel ___",เมื่อคุณต้องรอนาน คุณรู้สึก___,,
quiz_questions,b0b2b297-f4d4-4ac9-8780-1d7310c6e79a,Feelings & Emotions,"When you fall down and get hurt, you feel ___",เมื่อคุณล้มและเจ็บ คุณรู้สึก___,,
quiz_questions,b476cd04-562a-430c-a4b7-f2dd266b659f,Feelings & Emotions,"When class is very long, you feel ___",เมื่อคาบเรียนนานมาก คุณรู้สึก___,,
quiz_questions,b79a5af7-9c17-4c2e-9c64-41dd1ee175a7,Feelings & Emotions,The bully took my ball. I feel ___.,เด็กเกเรเอาลูกบอลของฉันไป ฉันรู้สึก ___,,
quiz_questions,bac75be8-cac3-4227-8238-5cbe34a5945b,Feelings & Emotions,"When you need a nap, you are ___",เมื่อคุณต้องงีบหลับ คุณกำลัง___,,
quiz_questions,bb4646de-c84e-486d-9d14-47a5587adc10,Feelings & Emotions,Waiting in a long line makes you feel ___,การรอคิวยาวทำให้คุณรู้สึก___,,
quiz_questions,bd5ec74e-dbae-47d1-983b-09835036b28b,Feelings & Emotions,"""Are we there yet?"" I am so ___.","""ถึงหรือยัง?"" ฉัน ___ มาก",,
quiz_questions,bdafa3bb-7dd0-45da-b88f-093c1e10df12,Feelings & Emotions,We cry when we are ___.,เราร้องไห้เวลาที่เรา ___,,
quiz_questions,c0f9034a-e3c1-4e73-8e89-af37724a3a55,Feelings & Emotions,Wearing a banana hat is ___!,ใส่หมวกกล้วยมัน ___!,,
quiz_questions,c24fe058-baa8-4cd3-a768-cf9d188f8b99,Feelings & Emotions,Walking in the dark makes you feel ___,การเดินในความมืดทำให้คุณรู้สึก___,,
quiz_questions,c3ca4562-4242-421d-9b66-f9e7ee2393cf,Feelings & Emotions,"When you can't find something, you feel ___",เมื่อคุณหาอะไรไม่เจอ คุณรู้สึก___,,
quiz_questions,c40a77f0-6bc5-43c0-9f59-f725a3203aa7,Feelings & Emotions,A gift for me? I am so ___!,ของขวัญสำหรับฉันเหรอ? ฉัน ___ มาก!,,
quiz_questions,c45bcb81-17c6-452d-b516-dc1a3e378a7e,Feelings & Emotions,"When you win a game, you feel ___",เมื่อคุณชนะเกม คุณรู้สึก___,,
quiz_questions,cace69c2-9df4-46b2-9bd8-2185f6f33bee,Feelings & Emotions,Dad frowns and stomps when he is ___.,พ่อขมวดคิ้วและกระทืบเท้าเวลาที่พ่อ ___,,
quiz_questions,cbaeae3d-ba3c-4ddf-ae69-35f1ac6f3666,Feelings & Emotions,"When you miss your mom, you feel ___",เมื่อคุณคิดถึงแม่ คุณรู้สึก___,,
quiz_questions,d09d1d24-72b7-4f1d-a777-01b924e45196,Feelings & Emotions,I saw a big spider. I was ___!,ฉันเห็นแมงมุมตัวใหญ่ ฉัน ___!,,
quiz_questions,d7f09c4c-e608-4dd0-bf00-095e30eb2d09,Feelings & Emotions,"When you tickle someone, they feel ___",เมื่อคุณจั๊กจี้ใครบางคน พวกเขารู้สึก___,,
quiz_questions,dcb2a749-5715-418a-88c3-9b85655c119e,Feelings & Emotions,"When your tummy rumbles, you feel ___",เมื่อท้องคุณร้อง คุณรู้สึก___,,
quiz_questions,dd033b9e-0ce1-44c2-8b42-9534282e439b,Feelings & Emotions,My brother broke my toy! I am ___.,น้องชายทำของเล่นฉันพัง! ฉัน ___,,
quiz_questions,debf00ea-300f-48b8-9b11-0b58cc20e983,Feelings & Emotions,"When your ice cream falls on the ground, you feel ___",เมื่อไอศกรีมคุณตกพื้น คุณรู้สึก___,,
quiz_questions,e1599071-341d-4af0-8658-1e43e2ad777f,Feelings & Emotions,My friend moved away. I am ___.,เพื่อนของฉันย้ายไปที่อื่น ฉัน ___,,
quiz_questions,e1750508-17d5-4b75-b4b0-a7aeb144ad28,Feelings & Emotions,"When you yawn, you are feeling ___",เมื่อคุณหาว คุณกำลังรู้สึก___,,
quiz_questions,e1d02b8a-e779-4120-9e21-b52318bf5646,Feelings & Emotions,The movie made me cry. It was ___.,หนังทำให้ฉันร้องไห้ มัน ___,,
quiz_questions,e331f282-7671-4a09-943b-ace9c58dc852,Feelings & Emotions,Waiting for Christmas makes you feel ___,การรอวันคริสต์มาสทำให้คุณรู้สึก___,,
quiz_questions,e39afbac-d47b-406f-8673-02a3f2ea28c4,Feelings & Emotions,The long car ride made me ___.,นั่งรถนานๆ ทำให้ฉัน ___,,
quiz_questions,e414c6bb-c2b5-4420-914c-5f535f2460eb,Feelings & Emotions,My tummy growls. I am ___.,ท้องของฉันร้อง ฉัน ___,,
quiz_questions,e53388f1-1ab9-4870-952e-9674168c4746,Feelings & Emotions,We tell funny jokes and act ___.,เราเล่าเรื่องตลกและทำท่า ___,,
quiz_questions,e9848e6e-6dab-4e7c-ae72-1289bb77d358,Feelings & Emotions,"When someone pops a balloon behind you, you feel ___",เมื่อใครบางคนเป่าลูกโป่งแตกข้างหลังคุณ คุณรู้สึก___,,
quiz_questions,eaa27d05-bb54-497e-bee0-8dd6398881ef,Feelings & Emotions,The party was a secret! Everyone was ___.,งานปาร์ตี้เป็นความลับ! ทุกคน ___,,
quiz_questions,ef3297f9-c927-4ccf-ada2-87d2b954d70c,Feelings & Emotions,Finding a hidden treasure makes you feel ___,การหาสมบัติที่ซ่อนไว้เจอทำให้คุณรู้สึก___,,
quiz_questions,f1c2c2a4-fd4a-4769-b62c-963fb3ce87b4,Feelings & Emotions,"When someone takes your toy, you feel ___",เมื่อใครบางคนเอาของเล่นคุณไป คุณรู้สึก___,,
quiz_questions,f62fa3a0-bd15-44e5-99a7-c8051284f732,Feelings & Emotions,"When you make people laugh, you are being ___",เมื่อคุณทำให้คนหัวเราะ คุณกำลัง___,,
quiz_questions,f7ef02a4-cc73-4744-924a-3957bbf37746,Feelings & Emotions,I got a new puppy! I feel ___.,ฉันได้ลูกหมาตัวใหม่! ฉันรู้สึก ___,,
quiz_questions,f963a98f-ce2b-4c22-9be6-4c211b310db3,Feelings & Emotions,My balloon flew away. I feel ___.,ลูกโป่งของฉันลอยหายไป ฉันรู้สึก ___,,
quiz_questions,016fb3ff-c2c9-4485-9af4-f26748e91d6e,Phonics Blending,___ + ING = SWING,___ + ING = SWING,,
quiz_questions,0b2f7906-99d3-4aec-a16d-88c5b23d285c,Phonics Blending,DRUM starts with which blend?,DRUM เริ่มต้นด้วยเสียงผสมใด?,,
quiz_questions,0c6d2af6-25f9-4d60-8bcc-de11f62316c6,Phonics Blending,___ + IDE = SLIDE,___ + IDE = SLIDE,,
quiz_questions,0cf3c7a2-cb0a-40aa-9e8d-430101a939b7,Phonics Blending,PRINCE starts with which blend?,PRINCE เริ่มต้นด้วยเสียงผสมใด?,,
quiz_questions,1c6a3452-153d-41a1-90e6-3ad3bfe53d08,Phonics Blending,Which picture starts with the SL blend?,ภาพใดเริ่มต้นด้วยเสียงผสม SL?,,
quiz_questions,1d1ed258-9d36-4422-9272-53c1206dbfb9,Phonics Blending,Which picture starts with the CR blend?,ภาพใดเริ่มต้นด้วยเสียงผสม CR?,,
quiz_questions,222f7b60-d6ce-4063-8b1d-f1690ace59b3,Phonics Blending,SWIM starts with which blend?,SWIM เริ่มต้นด้วยเสียงผสมใด?,,
quiz_questions,25da1e27-eb13-490b-8b3f-6bbadb6e41ec,Phonics Blending,Which picture shows a word with the FL blend?,ภาพใดแสดงคำที่มีเสียงผสม FL?,,
quiz_questions,2a94a379-41d8-414c-9560-66ee16344bb5,Phonics Blending,___ + EET = SWEET,___ + EET = SWEET,,
quiz_questions,2ebba1fb-5980-4fa8-9aa2-7b78d65606d3,Phonics Blending,___ + EAM = DREAM,___ + EAM = DREAM,,
quiz_questions,2fd293d6-4baa-4f41-81ea-55bdf1852060,Phonics Blending,Which picture shows a word with the TR blend?,ภาพใดแสดงคำที่มีเสียงผสม TR?,,
quiz_questions,3561582a-451a-4291-8e8b-a21f561db183,Phonics Blending,___ + AG = FLAG,___ + AG = FLAG,,
quiz_questions,35831de2-1e4a-4d7d-b983-dd0a870633ac,Phonics Blending,SNAKE starts with which blend?,SNAKE เริ่มต้นด้วยเสียงผสมใด?,,
quiz_questions,42828db1-1151-4393-8808-92851cce2161,Phonics Blending,___ + AMP = STAMP,___ + AMP = STAMP,,
quiz_questions,4671a48c-57a4-4faf-a82f-e012e3bb0d95,Phonics Blending,Which picture starts with the FL blend?,ภาพใดเริ่มต้นด้วยเสียงผสม FL?,,
quiz_questions,48bcc348-0c9a-4f2c-9d1f-42f03a57cf81,Phonics Blending,Which picture starts with the SP blend?,ภาพใดเริ่มต้นด้วยเสียงผสม SP?,,
quiz_questions,4a466ee9-7972-41c3-a3de-360353b98a7f,Phonics Blending,___ + OWN = BROWN,___ + OWN = BROWN,,
quiz_questions,4e57cc4a-dd6f-453b-9385-c044c01a26a2,Phonics Blending,___ + OON = SPOON,___ + OON = SPOON,,
quiz_questions,570ea54a-4f2c-4270-a68d-56a529ede7bf,Phonics Blending,___ + OWN = CROWN,___ + OWN = CROWN,,
quiz_questions,5b854cbf-369c-4cf7-b8db-e859ca09935b,Phonics Blending,___ + AIN = TRAIN,___ + AIN = TRAIN,,
quiz_questions,5ed4ef82-2461-4297-a326-53e405bb4e38,Phonics Blending,Which picture starts with the SW blend?,ภาพใดเริ่มต้นด้วยเสียงผสม SW?,,
quiz_questions,5ffd2963-13ac-403e-a28d-621b16a77b16,Phonics Blending,Which picture starts with the SK blend?,ภาพใดเริ่มต้นด้วยเสียงผสม SK?,,
quiz_questions,666f45c1-e411-412c-b9eb-84903203b992,Phonics Blending,FLOWER starts with which blend?,FLOWER เริ่มต้นด้วยเสียงผสมใด?,,
quiz_questions,680e5501-c189-4d52-8f23-6c847f187579,Phonics Blending,Which picture starts with the TR blend?,ภาพใดเริ่มต้นด้วยเสียงผสม TR?,,
quiz_questions,692b91d9-a107-4d16-97a3-356af9481b4d,Phonics Blending,Which picture starts with the DR blend?,ภาพใดเริ่มต้นด้วยเสียงผสม DR?,,
quiz_questions,6f935ca6-0001-4994-b276-4cbb42e4497c,Phonics Blending,TRAIN starts with which blend?,TRAIN เริ่มต้นด้วยเสียงผสมใด?,,
quiz_questions,70147e79-bf58-4a6f-b3f4-477010c26df8,Phonics Blending,___ + UE = BLUE,___ + UE = BLUE,,
quiz_questions,7383a1b0-5697-4535-8bf7-95c5d9963071,Phonics Blending,Which picture starts with the PL blend?,ภาพใดเริ่มต้นด้วยเสียงผสม PL?,,
quiz_questions,7c918fda-53f4-48d4-bf70-c11c5fb9dad0,Phonics Blending,___ + IN = SKIN,___ + IN = SKIN,,
quiz_questions,805e1bb7-0d77-4545-9e23-015a7537341c,Phonics Blending,BLACK starts with which blend?,BLACK เริ่มต้นด้วยเสียงผสมใด?,,
quiz_questions,8385dbd6-af90-4230-9eaa-cc6abc1cfce7,Phonics Blending,SPOON starts with which blend?,SPOON เริ่มต้นด้วยเสียงผสมใด?,,
quiz_questions,861ba680-b580-4298-b465-1bb7becb3aca,Phonics Blending,Which picture starts with the GR blend?,ภาพใดเริ่มต้นด้วยเสียงผสม GR?,,
quiz_questions,866b8013-870c-40f9-ba98-0306aa51bb99,Phonics Blending,Which picture starts with the ST blend?,ภาพใดเริ่มต้นด้วยเสียงผสม ST?,,
quiz_questions,949a31fe-08a1-47a1-b69f-02538acf8461,Phonics Blending,___ + AY = PLAY,___ + AY = PLAY,,
quiz_questions,9b2c50b7-cbd4-4794-8e28-f23dba3be55c,Phonics Blending,Which picture shows a word with the CR blend?,ภาพใดแสดงคำที่มีเสียงผสม CR?,,
quiz_questions,9f98544f-e0b6-4966-a51c-13dce4842baf,Phonics Blending,GREEN starts with which blend?,GREEN เริ่มต้นด้วยเสียงผสมใด?,,
quiz_questions,a3d2e26c-b0e4-42aa-917b-ecfe3697c809,Phonics Blending,BROWN starts with which blend?,BROWN เริ่มต้นด้วยเสียงผสมใด?,,
quiz_questions,ab3c6549-ffb9-4633-80a7-c0fde1d4af84,Phonics Blending,___ + IZE = PRIZE,___ + IZE = PRIZE,,
quiz_questions,add3c790-cab7-48a4-b79a-e83027870a68,Phonics Blending,Which picture shows a word with the SN blend?,ภาพใดแสดงคำที่มีเสียงผสม SN?,,
quiz_questions,af4c7afb-2138-4183-b39f-f647972353a7,Phonics Blending,___ + OW = SNOW,___ + OW = SNOW,,
quiz_questions,b7a6d2cd-71da-42a5-abbd-4660cf91ae53,Phonics Blending,Which picture starts with the BL blend?,ภาพใดเริ่มต้นด้วยเสียงผสม BL?,,
quiz_questions,ba352d01-e4c1-4296-92ca-d60c1fc87feb,Phonics Blending,SNOWMAN starts with which blend?,SNOWMAN เริ่มต้นด้วยเสียงผสมใด?,,
quiz_questions,be7aa19b-989c-427c-8c31-1a446818a1dd,Phonics Blending,GRAPE starts with which blend?,GRAPE เริ่มต้นด้วยเสียงผสมใด?,,
quiz_questions,c3318d39-5c79-4fc2-8022-19f8035fdc1c,Phonics Blending,Which picture starts with the BR blend?,ภาพใดเริ่มต้นด้วยเสียงผสม BR?,,
quiz_questions,c51a31fa-0c63-4753-98ef-552eff438f28,Phonics Blending,SKIP starts with which blend?,SKIP เริ่มต้นด้วยเสียงผสมใด?,,
quiz_questions,c75c52e5-aab8-44c9-a94c-f3d43012044c,Phonics Blending,___ + OG = FROG,___ + OG = FROG,,
quiz_questions,c87919ca-051a-4163-93b4-44e7c0496e71,Phonics Blending,CRAB starts with which blend?,CRAB เริ่มต้นด้วยเสียงผสมใด?,,
quiz_questions,d0cea396-de39-4575-b0be-33e160bd0ecc,Phonics Blending,SLEEP starts with which blend?,SLEEP เริ่มต้นด้วยเสียงผสมใด?,,
quiz_questions,d7d99ac3-52ec-44ef-adc2-5276b703f69f,Phonics Blending,STOP starts with which blend?,STOP เริ่มต้นด้วยเสียงผสมใด?,,
quiz_questions,d8d33aec-51ab-47b2-a3cf-fa1795cd56f6,Phonics Blending,Which picture starts with the PR blend?,ภาพใดเริ่มต้นด้วยเสียงผสม PR?,,
quiz_questions,d8e5bec0-5a27-4c89-a873-5d1ebac6f70c,Phonics Blending,Which picture starts with the SN blend?,ภาพใดเริ่มต้นด้วยเสียงผสม SN?,,
quiz_questions,dc50e214-fcbf-4494-b399-2f2ff9424490,Phonics Blending,TREE starts with which blend?,TREE เริ่มต้นด้วยเสียงผสมใด?,,
quiz_questions,df8a9d66-797c-4d62-b9e0-35b6cdcfcd5f,Phonics Blending,Which picture starts with the FR blend?,ภาพใดเริ่มต้นด้วยเสียงผสม FR?,,
quiz_questions,e475c8bd-9c63-465f-b7be-ac30f565bb9a,Phonics Blending,___ + ASS = GRASS,___ + ASS = GRASS,,
quiz_questions,e6f76aed-c629-488d-9e46-61b05150d20d,Phonics Blending,PLANE starts with which blend?,PLANE เริ่มต้นด้วยเสียงผสมใด?,,
quiz_questions,e9ab8b76-2e1b-47a9-8a2a-dc24a227d914,Phonics Blending,FROG starts with which blend?,FROG เริ่มต้นด้วยเสียงผสมใด?,,
quiz_questions,eba712c7-0a23-4ba8-82a5-939984b5beba,Phonics Blending,___ + AR = STAR,___ + AR = STAR,,
quiz_questions,f2b88525-9b59-44fd-85aa-38bb9fe81c56,Phonics Blending,___ + UM = DRUM,___ + UM = DRUM,,
quiz_questions,f7c01f9f-731c-4d23-a994-124877898b2b,Phonics Blending,BRIDGE starts with which blend?,BRIDGE เริ่มต้นด้วยเสียงผสมใด?,,
quiz_questions,fb24d2ba-e21a-4046-9d9a-2b24b9f6bfee,Phonics Blending,___ + OCK = BLOCK,___ + OCK = BLOCK,,
quiz_questions,02a25f42-00cc-4706-b44f-e22e7346d5fa,Jobs & Careers,The ___ flies an airplane.,___ ขับเครื่องบิน,,
quiz_questions,05c57cf8-e3ea-40cb-948c-976293bac1cf,Jobs & Careers,The ___ takes us high into the sky.,___ พาเราขึ้นสูงบนท้องฟ้า,,
quiz_questions,083c3e63-6592-4b9f-a2da-3c62aac51a74,Jobs & Careers,The kind ___ takes care of patients.,___ ใจดีดูแลคนไข้,,
quiz_questions,0a9cc08f-2d89-42c4-b0f9-dcfbd92fdd5d,Jobs & Careers,The ___ writes on the board.,___ เขียนบนกระดาน,,
quiz_questions,0be0954f-4b82-4b5b-9621-54a8e36aa96c,Jobs & Careers,We raise our hands to ask the ___.,เรายกมือเพื่อถาม ___,,
quiz_questions,0cbd4da8-2886-4bd5-9501-d3f6ff02fcbc,Jobs & Careers,The ___ rides a big red truck.,___ นั่งรถบรรทุกสีแดงคันใหญ่,,
quiz_questions,13580255-92b3-4554-afea-111539eb10af,Jobs & Careers,The ___ keeps us safe.,___ ทำให้เราปลอดภัย,,
quiz_questions,18861490-4b89-48b6-8978-acc4527ba0c3,Jobs & Careers,The ___ helps sick people get better.,___ ช่วยให้คนป่วยหายดี,,
quiz_questions,1c7e9e5b-47d6-4465-82f9-eab3e1016e8b,Jobs & Careers,The ___ works in the field.,___ ทำงานในทุ่งนา,,
quiz_questions,20cc07fa-0151-41b7-a7d2-66fde3a90635,Jobs & Careers,The ___ stops bad guys.,___ จับคนร้าย,,
quiz_questions,21ee5f3f-fa9c-4869-9f30-e4dbd7fd70a8,Jobs & Careers,The ___ wears a badge and a uniform.,___ ติดตราและใส่เครื่องแบบ,,
quiz_questions,22db787e-0bcd-4f34-9d90-d639d2ed1ee0,Jobs & Careers,The ___ paints beautiful pictures.,___ วาดภาพสวยงาม,,
quiz_questions,24a26ca2-b96d-4ea9-8ac1-0e202d0ee50c,Jobs & Careers,I see the ___ when I am sick.,ฉันไปหา ___ เวลาป่วย,,
quiz_questions,2bbc9492-426a-4166-8b11-5b1a9813f401,Jobs & Careers,The ___ feeds the cows and chickens.,___ ให้อาหารวัวและไก่,,
quiz_questions,3a969371-6686-43c7-afb9-54aae6653024,Jobs & Careers,The ___ helps the doctor at the hospital.,___ ช่วยคุณหมอที่โรงพยาบาล,,
quiz_questions,3b7081b6-b3af-48b8-ae34-d97e01935fd1,Jobs & Careers,"""Welcome aboard!"" says the ___.","""ยินดีต้อนรับขึ้นเครื่อง!"" ___ พูด",,
quiz_questions,4497a112-4cf7-4525-b27b-de527baad5d0,Jobs & Careers,The ___ helps us learn at school.,___ ช่วยให้เราเรียนรู้ที่โรงเรียน,,
quiz_questions,4e785803-b98d-4cc6-9ff8-95ea3710d898,Jobs & Careers,The ___ makes yummy soup in the kitchen.,___ ทำซุปแสนอร่อยในครัว,,
quiz_questions,5c9d4d78-1c66-43df-a10e-226eb3a3ef09,Jobs & Careers,The ___ puts out fires.,___ ดับไฟ,,
quiz_questions,5fcdc33c-ac1e-48e4-a859-131d0a9f1ac1,Jobs & Careers,The ___ reads a story to the class.,___ อ่านนิทานให้ห้องเรียนฟัง,,
quiz_questions,631dca64-b2aa-4e22-be85-27bb37e6f813,Jobs & Careers,The ___ grows rice and vegetables.,___ ปลูกข้าวและผัก,,
quiz_questions,65bf2ab7-9607-49e5-a244-ed9e4a3756bd,Jobs & Careers,The ___ helps us cross the street safely.,___ ช่วยให้เราข้ามถนนอย่างปลอดภัย,,
quiz_questions,6fb4fdc3-6138-4fc9-bc9f-72d22da1d684,Jobs & Careers,The ___ drives a tractor.,___ ขับรถแทรกเตอร์,,
quiz_questions,74907672-5412-4f7c-896e-4f0f81420045,Jobs & Careers,The ___ checks my temperature.,___ วัดไข้ให้ฉัน,,
quiz_questions,778aead8-4011-4c96-8360-c1282e0fb8da,Jobs & Careers,The ___ draws plans for a new road.,___ เขียนแบบถนนสายใหม่,,
quiz_questions,86f9e0f3-924d-4178-a767-fc2c4eabf286,Jobs & Careers,The ___ sits in the front of the plane.,___ นั่งอยู่ด้านหน้าของเครื่องบิน,,
quiz_questions,8b11ba94-ef55-4575-9a5a-c6b78aa55e38,Jobs & Careers,The ___ uses brushes and colors.,___ ใช้พู่กันและสี,,
quiz_questions,92790595-370f-4d01-9ad1-a0b7adb159af,Jobs & Careers,The ___ designs bridges and buildings.,___ ออกแบบสะพานและอาคาร,,
quiz_questions,929c317b-e206-4b14-91ea-ac7ccce31963,Jobs & Careers,The ___ chops vegetables for dinner.,___ หั่นผักสำหรับมื้อเย็น,,
quiz_questions,96b54290-322f-4231-9112-25614f3bf3e0,Jobs & Careers,Who wears a white coat and uses a stethoscope?,ใครใส่เสื้อกาวน์สีขาวและใช้หูฟัง?,,
quiz_questions,971fb151-fdff-4f2c-a4a5-e8680d45957b,Jobs & Careers,A ___ makes soup and noodles.,___ ทำซุปและก๋วยเตี๋ยว,,
quiz_questions,9ae01a22-4234-4f33-9aeb-f8ce01495317,Jobs & Careers,The ___ gives me medicine to feel better.,___ ให้ยาฉันเพื่อให้รู้สึกดีขึ้น,,
quiz_questions,9e446422-1194-40d0-8344-ea8931268ac2,Jobs & Careers,The ___ cooks food in a restaurant.,___ ทำอาหารในร้านอาหาร,,
quiz_questions,a2195610-3da5-46d5-bd85-8ea8379805bb,Jobs & Careers,A ___ works in a hospital and helps babies.,___ ทำงานในโรงพยาบาลและช่วยดูแลทารก,,
quiz_questions,ab3a73b0-eb74-4eb9-a9b6-2197facef14c,Jobs & Careers,The ___ fixes the robot.,___ ซ่อมหุ่นยนต์,,
quiz_questions,abc37cd6-0bb4-4fd1-8f9e-940dce383a08,Jobs & Careers,The brave ___ saves the cat from the tree.,___ ผู้กล้าหาญช่วยแมวลงจากต้นไม้,,
quiz_questions,ac61816b-a152-4703-aedd-95ca7db9dd5b,Jobs & Careers,Who plants trees?,ใครปลูกต้นไม้?,,
quiz_questions,ad9bca81-9ea3-4557-8da8-72e303e57c12,Jobs & Careers,The ___ makes art in a studio.,___ สร้างงานศิลปะในสตูดิโอ,,
quiz_questions,b5bb0248-f8f5-47b3-8f83-f57083d3820e,Jobs & Careers,A ___ takes care of patients in the hospital.,___ ดูแลผู้ป่วยในโรงพยาบาล,,
quiz_questions,b6af77b7-fd29-43aa-94be-054f10547c1c,Jobs & Careers,A ___ drives a fire truck.,___ ขับรถดับเพลิง,,
quiz_questions,b70a76c3-1341-4350-891d-ade4d7623ff8,Jobs & Careers,A ___ wears a uniform and flies in the sky.,___ ใส่เครื่องแบบและบินบนท้องฟ้า,,
quiz_questions,b892d6c0-8cb3-4c10-ac0e-a32e23f0f279,Jobs & Careers,Who gives homework to students?,ใครให้การบ้านนักเรียน?,,
quiz_questions,b9b765e7-40c5-4389-a352-f6dd1e88eb65,Jobs & Careers,An ___ builds robots.,___ สร้างหุ่นยนต์,,
quiz_questions,c059ce1f-b4ed-45b3-8b1f-538836038113,Jobs & Careers,The ___ checks my heart at the hospital.,___ ตรวจหัวใจของฉันที่โรงพยาบาล,,
quiz_questions,c253742e-ed0a-4d05-8731-495ea635c1b5,Jobs & Careers,A ___ cooks food in a restaurant.,___ ทำอาหารในร้านอาหาร,,
quiz_questions,c50e19b9-49c1-4406-bd0b-2b05fce52fe8,Jobs & Careers,Who wears a helmet and fights fires?,ใครสวมหมวกนิรภัยและดับไฟ?,,
quiz_questions,dcd11414-6165-4b4d-af96-6ca34633b5ff,Jobs & Careers,The ___ draws with pencils and crayons.,___ วาดด้วยดินสอและสีเทียน,,
quiz_questions,dec1993c-4057-4d99-bd0b-d14fb0759172,Jobs & Careers,The ___ wears a tall white hat.,___ ใส่หมวกสีขาวทรงสูง,,
quiz_questions,e606db02-35fb-41b0-baaa-8543a849c1dc,Jobs & Careers,The ___ uses water to stop the fire.,___ ใช้น้ำเพื่อหยุดไฟ,,
quiz_questions,e8944ea3-7ba4-4a1b-8254-d6ee75f28a98,Jobs & Careers,Who directs traffic?,ใครโบกรถจราจร?,,
quiz_questions,e929e4b4-ccde-468b-83ec-d92555adb880,Jobs & Careers,Who rescues people from burning buildings?,ใครช่วยคนจากอาคารที่ไฟไหม้?,,
quiz_questions,e97491ac-344f-4002-ab36-20bfcb49c4e7,Jobs & Careers,Who uses a fire hose?,ใครใช้สายฉีดน้ำดับเพลิง?,,
quiz_questions,e9e2ae7e-6e27-4092-97dc-541b445c0af8,Jobs & Careers,An ___ tests if a bridge is safe.,___ ทดสอบว่าสะพานปลอดภัยหรือไม่,,
quiz_questions,ef644913-f17f-409a-88a6-5d3d37143862,Jobs & Careers,The ___ puts a bandage on my arm.,___ พันผ้าพันแผลที่แขนของฉัน,,
quiz_questions,f3a84ac5-74ac-488b-b384-98df80297c95,Jobs & Careers,"Who tells you to open your mouth and say ""Ahh""?","ใครบอกให้คุณอ้าปากแล้วพูด ""อา""?",,
quiz_questions,f7f90d16-a681-47ed-975a-386646950baa,Jobs & Careers,A ___ milks the cows every morning.,___ รีดนมวัวทุกเช้า,,
quiz_questions,fbae0067-095a-40aa-bec9-4561e01c1b0b,Jobs & Careers,An ___ designs buildings.,___ ออกแบบอาคาร,,
quiz_questions,fc252d0c-0735-45f0-b67f-d5a7efe36eea,Jobs & Careers,Who feeds the animals on the farm?,ใครให้อาหารสัตว์ในฟาร์ม?,,
quiz_questions,fd580b6e-6104-4bf2-b13f-11723250d27c,Jobs & Careers,The ___ builds machines.,___ สร้างเครื่องจักร,,
quiz_questions,fda975fe-855c-45f6-99e5-75119bfbbee1,Jobs & Careers,Who teaches you the alphabet?,ใครสอนตัวอักษรให้คุณ?,,
quiz_questions,02eb98d6-fb24-43ad-914b-808472f47d96,Synonyms & Antonyms,I got ___ shoes for my birthday.,ฉันได้รองเท้า ___ ในวันเกิด,,
quiz_questions,03efb92d-aedc-4151-aced-f610d59a75d5,Synonyms & Antonyms,The race car is quick. It is ___.,รถแข่งเร็วมาก มัน ___,,
quiz_questions,05672d96-5768-4cf6-8d23-10209d509a07,Synonyms & Antonyms,The thunder is very ___.,เสียงฟ้าร้อง ___ มาก,,
quiz_questions,071347b4-22f9-48d3-8ed5-df4737f08c20,Synonyms & Antonyms,My grandpa's radio is very ___.,วิทยุของคุณปู่ ___ มาก,,
quiz_questions,11904c84-0e19-40d2-8b3e-64477dc12e82,Synonyms & Antonyms,My ice cream fell. I am ___.,ไอศกรีมของฉันตกพื้น ฉัน ___,,
quiz_questions,19787c5a-77c9-4a30-baa3-bcb7bb1221b5,Synonyms & Antonyms,Silent means the same as ___.,Silent มีความหมายเหมือนกับ ___,,
quiz_questions,1e953875-ed96-4374-b062-ebf3ae8d4c3b,Synonyms & Antonyms,Speedy means the same as ___.,Speedy มีความหมายเหมือนกับ ___,,
quiz_questions,1ec72ee0-edfc-413b-bcbc-618249fdc94b,Synonyms & Antonyms,"The elephant is big, but the mouse is ___.",ช้างตัวใหญ่ แต่หนูตัว ___,,
quiz_questions,21895edf-2a02-4ad8-bc52-0d2cb641a915,Synonyms & Antonyms,The opposite of happy is ___.,คำตรงข้ามของ happy คือ ___,,
quiz_questions,25a8fa31-b7b7-47eb-8a40-a10e8076f180,Synonyms & Antonyms,A giant lives in a ___ castle.,ยักษ์อาศัยอยู่ในปราสาท ___,,
quiz_questions,27403866-5012-4882-b949-ddf47a77c69c,Synonyms & Antonyms,The opposite of hot is ___.,คำตรงข้ามของ hot คือ ___,,
quiz_questions,2741b487-05cf-4995-8217-9222b968f649,Synonyms & Antonyms,"My tea is hot, so I add ice to make it ___.",ชาของฉันร้อน ฉันจึงใส่น้ำแข็งให้มัน ___,,
quiz_questions,2beeaa4f-9f85-4070-a4b6-09fc5864c602,Synonyms & Antonyms,The classroom is silent. It is ___.,ห้องเรียนเงียบสนิท มัน ___,,
quiz_questions,3008f1ff-ab5a-4431-8dcf-839723f51ab3,Synonyms & Antonyms,The opposite of cold is ___.,คำตรงข้ามของ cold คือ ___,,
quiz_questions,321f6450-9802-4fff-b934-3851cf037c50,Synonyms & Antonyms,Brand-new means the same as ___.,Brand-new มีความหมายเหมือนกับ ___,,
quiz_questions,3284fddb-1091-4608-8504-7b9a1c4dfbe0,Synonyms & Antonyms,The music is too loud! Please make it ___.,เพลงดังเกินไป! ช่วยทำให้ ___ หน่อย,,
quiz_questions,347df303-e415-48e1-9fbb-b7ba0e4f29cd,Synonyms & Antonyms,The ant is tiny. It is very ___.,มดตัวจิ๋ว มันตัว ___ มาก,,
quiz_questions,370f4d33-4813-4558-9c8e-f7475b267ace,Synonyms & Antonyms,Big means the same as ___.,Big มีความหมายเหมือนกับ ___,,
quiz_questions,3ca826d7-ea49-4fd2-8e6b-5b9d8763f240,Synonyms & Antonyms,The baby bird is very ___. It fits in my hand.,ลูกนกตัว ___ มาก มันอยู่ในมือฉันได้,,
quiz_questions,425b9721-f7e3-4ed1-9530-9b25f00d9582,Synonyms & Antonyms,We laughed and played. It was a ___ day.,เราหัวเราะและเล่นกัน มันเป็นวันที่ ___,,
quiz_questions,481fa761-9f62-480f-a5b8-fe97aeeeb5a8,Synonyms & Antonyms,An elephant is not small. It is ___.,ช้างไม่เล็ก มันตัว ___,,
quiz_questions,4dd3b750-dad5-4435-8478-959e9bb74370,Synonyms & Antonyms,The race car is not slow. It is ___.,รถแข่งไม่ช้า มัน ___,,
quiz_questions,57481c26-caeb-4643-8ed4-964ce326c9bd,Synonyms & Antonyms,Put on your coat. It is ___ outside.,ใส่เสื้อโค้ท ข้างนอก ___,,
quiz_questions,621acc2c-be92-4f75-8ce3-37371d7abcf2,Synonyms & Antonyms,Joyful means the same as ___.,Joyful มีความหมายเหมือนกับ ___,,
quiz_questions,632bce5f-5613-4201-9e79-be59d720aaab,Synonyms & Antonyms,The snow is freezing. It is very ___.,หิมะเย็นจัด มัน ___ มาก,,
quiz_questions,6e91b2ab-7e03-499d-ab73-9dcaaf10a319,Synonyms & Antonyms,"My shoes are old, but my hat is ___.",รองเท้าของฉันเก่า แต่หมวกของฉัน ___,,
quiz_questions,74164504-4b10-4964-bcf3-9f629b6bebd4,Synonyms & Antonyms,"The drum is loud, but the library is ___.",กลองเสียงดัง แต่ห้องสมุด ___,,
quiz_questions,78bbab7c-47ed-48ea-861e-9372148508e2,Synonyms & Antonyms,A snail is very ___.,หอยทาก ___ มาก,,
quiz_questions,78db1850-394a-48a6-977d-bb68a7cd10f9,Synonyms & Antonyms,The opposite of sad is ___.,คำตรงข้ามของ sad คือ ___,,
quiz_questions,7a1f4969-7816-4958-b21e-227e7432c979,Synonyms & Antonyms,Chilly means the same as ___.,Chilly มีความหมายเหมือนกับ ___,,
quiz_questions,7c1547c8-ec8a-4e46-acf0-55d7c5437148,Synonyms & Antonyms,The opposite of fast is ___.,คำตรงข้ามของ fast คือ ___,,
quiz_questions,7fa1b518-fea2-41d0-8c30-327105792764,Synonyms & Antonyms,Little means the same as ___.,Little มีความหมายเหมือนกับ ___,,
quiz_questions,8114600a-e50b-4c50-a55c-3cd6542f5b60,Synonyms & Antonyms,A cheetah is very ___.,เสือชีตาห์ ___ มาก,,
quiz_questions,82f99f1f-4c5d-4f7e-951b-3144980ddce8,Synonyms & Antonyms,This shirt is not new. It is ___.,เสื้อตัวนี้ไม่ใหม่ มัน ___,,
quiz_questions,84460041-8196-464f-a3dd-56ce8aadfb81,Synonyms & Antonyms,Be careful! The fire is ___.,ระวัง! ไฟ ___,,
quiz_questions,869979d7-74fc-463b-8ef2-4b4907f2ff9f,Synonyms & Antonyms,Glad means the same as ___.,Glad มีความหมายเหมือนกับ ___,,
quiz_questions,8aa0304e-bf90-4b61-895a-9f46f0a945a8,Synonyms & Antonyms,Please be ___ in the library.,กรุณา ___ ในห้องสมุด,,
quiz_questions,8fa4462b-8a0b-4837-b831-5b384289ea27,Synonyms & Antonyms,A mouse is not big. It is ___.,หนูไม่ใหญ่ มันตัว ___,,
quiz_questions,908cd363-8d74-4a2f-a372-d764a768624f,Synonyms & Antonyms,The opposite of small is ___.,คำตรงข้ามของ small คือ ___,,
quiz_questions,9546a052-f647-463d-b357-2795c5e62553,Synonyms & Antonyms,The opposite of old is ___.,คำตรงข้ามของ old คือ ___,,
quiz_questions,9e56a10d-40da-4a50-9715-562381af375a,Synonyms & Antonyms,The opposite of new is ___.,คำตรงข้ามของ new คือ ___,,
quiz_questions,9f2f3777-a445-4e60-9472-fc9cc984fb35,Synonyms & Antonyms,Noisy means the same as ___.,Noisy มีความหมายเหมือนกับ ___,,
quiz_questions,a86a6673-0c6e-4c15-bab5-f10f741ff07d,Synonyms & Antonyms,The opposite of loud is ___.,คำตรงข้ามของ loud คือ ___,,
quiz_questions,b2c0033f-44b1-459c-95c2-9941f92350b6,Synonyms & Antonyms,Quick means the same as ___.,Quick มีความหมายเหมือนกับ ___,,
quiz_questions,b35acc8a-fcbb-4205-8016-4151820f7116,Synonyms & Antonyms,Don't be sad! Smile and be ___!,อย่าเศร้า! ยิ้มและ ___ เข้าไว้!,,
quiz_questions,b9d9eb9f-0ace-48ef-8d17-52d5406b560d,Synonyms & Antonyms,Tiny means the same as ___.,Tiny มีความหมายเหมือนกับ ___,,
quiz_questions,bdba6a20-c636-4591-a27c-c220ff77a328,Synonyms & Antonyms,The opposite of big is ___.,คำตรงข้ามของ big คือ ___,,
quiz_questions,c8f24085-ad1d-4524-883a-51b363672480,Synonyms & Antonyms,I am glad. I feel ___.,ฉันดีใจ ฉันรู้สึก ___,,
quiz_questions,c97193d1-f8e0-4f4e-a5ae-102322ec24ec,Synonyms & Antonyms,The turtle is not fast. It is ___.,เต่าไม่เร็ว มัน ___,,
quiz_questions,ca8f2ad6-56bc-4dc0-85b9-c6d11ac302b8,Synonyms & Antonyms,"Ice cream is cold, but soup is ___.",ไอศกรีมเย็น แต่ซุป ___,,
quiz_questions,d08c650c-b6ef-4e82-90d6-e08eaee17c53,Synonyms & Antonyms,The sun is boiling today. It is very ___.,วันนี้แดดร้อนจัด มัน ___ มาก,,
quiz_questions,dd36e263-8aba-4706-8c60-3928fb076f2e,Synonyms & Antonyms,"The rabbit is fast, but the turtle is ___.",กระต่ายวิ่งเร็ว แต่เต่าเดิน ___,,
quiz_questions,e1dcd24c-1e17-4366-b2b6-136fe41322e2,Synonyms & Antonyms,The opposite of quiet is ___.,คำตรงข้ามของ quiet คือ ___,,
quiz_questions,e8260b72-ab4c-47e4-a2cd-4554c75e737c,Synonyms & Antonyms,Huge means the same as ___.,Huge มีความหมายเหมือนกับ ___,,
quiz_questions,e9d412a2-2358-4fad-86c9-b8781a1a8388,Synonyms & Antonyms,The opposite of slow is ___.,คำตรงข้ามของ slow คือ ___,,
quiz_questions,ebce0cf1-be12-4d73-a269-6e82f32a258b,Synonyms & Antonyms,Unhappy means the same as ___.,Unhappy มีความหมายเหมือนกับ ___,,
quiz_questions,f6e424ec-3f01-44d4-ab84-e877e047cd9c,Synonyms & Antonyms,"The girl is happy, but the boy is ___.",เด็กผู้หญิงมีความสุข แต่เด็กผู้ชาย ___,,
quiz_questions,f7857077-0e9f-4b33-ad7b-364331742d19,Synonyms & Antonyms,A whale is huge. It is very ___.,ปลาวาฬตัวมหึมา มันตัว ___ มาก,,
quiz_questions,fb2896ea-061d-419f-a9d5-cbfc4681f9ee,Synonyms & Antonyms,The music is noisy. It is too ___.,เพลงเสียงดังมาก มัน ___ เกินไป,,
quiz_questions,fde735b0-4365-42b3-b6fe-34e7f9ecf133,Synonyms & Antonyms,Freezing means the same as ___.,Freezing มีความหมายเหมือนกับ ___,,
quiz_questions,00a17872-81db-4a4f-89b7-41528b293248,Rhyming Words,Which word rhymes with CAT?,คำไหนคล้องจองกับ CAT?,,
quiz_questions,02369392-6ab5-449f-9057-5919220df0ed,Rhyming Words,We baked a ___ by the lake. (rhymes with LAKE),We baked a ___ by the lake (คล้องจองกับ LAKE),,
quiz_questions,0245c0a3-e68c-42f1-b837-56b699d416ef,Rhyming Words,STAR and ___ rhyme.,STAR และ ___ คล้องจองกัน,,
quiz_questions,0260fa40-66d4-45ef-9e64-5b909520e4d9,Rhyming Words,Which pair of words rhyme?,คู่คำไหนคล้องจองกัน?,,
quiz_questions,0377bf8b-3c64-438d-b444-9a8beba883dd,Rhyming Words,DOG and LOG both end with which letters?,DOG และ LOG ลงท้ายด้วยตัวอักษรอะไร?,,
quiz_questions,07c9ea82-eb44-47f2-895e-18f783770a8d,Rhyming Words,Look at the bright ___ in the sky. (rhymes with CAR),Look at the bright ___ in the sky (คล้องจองกับ CAR),,
quiz_questions,0c84393a-e71b-4dab-b5a0-4080f05f06fa,Rhyming Words,Which pair of words rhyme?,คู่คำไหนคล้องจองกัน?,,
quiz_questions,103e3330-1aaa-4c39-894d-331983227469,Rhyming Words,CAT starts with what letter?,CAT ขึ้นต้นด้วยตัวอักษรอะไร?,,
quiz_questions,12a22225-a046-4dde-9960-1647a3627619,Rhyming Words,SUN and RUN both end with which letters?,SUN และ RUN ลงท้ายด้วยตัวอักษรอะไร?,,
quiz_questions,1469a83c-8d7b-4e0d-b8f8-eff80eb62d60,Rhyming Words,BEE and ___ rhyme.,BEE และ ___ คล้องจองกัน,,
quiz_questions,26df670f-eacb-4cea-b679-7551f37b9154,Rhyming Words,Which pair of words rhyme?,คู่คำไหนคล้องจองกัน?,,
quiz_questions,292e4baf-0409-4c17-8f49-f801a58ef034,Rhyming Words,FISH and ___ rhyme.,FISH และ ___ คล้องจองกัน,,
quiz_questions,2ad92539-7f49-4708-94b5-7b3d6f221d2b,Rhyming Words,Which word rhymes with CAKE?,คำไหนคล้องจองกับ CAKE?,,
quiz_questions,2b27231e-4b44-45b5-8eb5-d3dcfdc1579f,Rhyming Words,CAT and HAT both end with which letters?,CAT และ HAT ลงท้ายด้วยตัวอักษรอะไร?,,
quiz_questions,2ccaebf9-d55d-4752-9bfd-50b1fc9e118c,Rhyming Words,STAR starts with what letter?,STAR ขึ้นต้นด้วยตัวอักษรอะไร?,,
quiz_questions,2d36cc49-0ab8-4faa-9a8d-41910d46b568,Rhyming Words,The ___ sat on a log. (rhymes with LOG),The ___ sat on a log (คล้องจองกับ LOG),,
quiz_questions,2e9668d8-143d-4bb5-88bb-d58236d739cc,Rhyming Words,I see a ___ up in the tree. (rhymes with TREE),I see a ___ up in the tree (คล้องจองกับ TREE),,
quiz_questions,2f4e5385-4cd1-4d26-84f0-422bc709fa39,Rhyming Words,Which word rhymes with LAKE?,คำไหนคล้องจองกับ LAKE?,,
quiz_questions,2ff1c6e2-868a-4250-ace7-5d21aa268a42,Rhyming Words,Which word rhymes with BEAR?,คำไหนคล้องจองกับ BEAR?,,
quiz_questions,382759db-c8ed-4f7c-bcb2-82f466052a1d,Rhyming Words,BOAT starts with what letter?,BOAT ขึ้นต้นด้วยตัวอักษรอะไร?,,
quiz_questions,3a729612-8d84-4e5b-9048-fbe3f46e3e43,Rhyming Words,I drove my ___ very far. (rhymes with FAR),I drove my ___ very far (คล้องจองกับ FAR),,
quiz_questions,3ce169bb-f9bd-4b66-b6a5-cde800f0e352,Rhyming Words,Which word rhymes with KING?,คำไหนคล้องจองกับ KING?,,
quiz_questions,44b57bac-0d4e-498c-8c30-4fae693f3f9c,Rhyming Words,The ___ wore a golden ring. (rhymes with RING),The ___ wore a golden ring (คล้องจองกับ RING),,
quiz_questions,47e7cb8a-2385-49f7-a39e-c227bae0a603,Rhyming Words,CAKE and ___ rhyme.,CAKE และ ___ คล้องจองกัน,,
quiz_questions,5169313a-19f3-4767-a245-ab1c7cf5e6f7,Rhyming Words,Which word rhymes with RUN?,คำไหนคล้องจองกับ RUN?,,
quiz_questions,517dd85e-5ece-4d63-93f1-7a66119a997c,Rhyming Words,BEAR and ___ rhyme.,BEAR และ ___ คล้องจองกัน,,
quiz_questions,5d477e02-488e-429e-b124-c1f2009f2cc3,Rhyming Words,Which word rhymes with BEE?,คำไหนคล้องจองกับ BEE?,,
quiz_questions,5db05bbb-149c-4d25-960a-7dc44fda3629,Rhyming Words,Which word rhymes with STAR?,คำไหนคล้องจองกับ STAR?,,
quiz_questions,65fae8e6-8ed1-468b-9a65-b2b2674340c4,Rhyming Words,The ___ sat on my hat. (rhymes with HAT),The ___ sat on my hat (คล้องจองกับ HAT),,
quiz_questions,68b71d79-a3f0-4e4f-9bf4-95cd452ddfb3,Rhyming Words,Which word rhymes with SUN?,คำไหนคล้องจองกับ SUN?,,
quiz_questions,6dfbfb14-bc8a-48cc-a0a0-cb672c5304a9,Rhyming Words,I can ___ in the sun. (rhymes with SUN),I can ___ in the sun (คล้องจองกับ SUN),,
quiz_questions,70332aed-55b5-4e84-b31d-7bdbe2c3ee19,Rhyming Words,KING and RING both end with which letters?,KING และ RING ลงท้ายด้วยตัวอักษรอะไร?,,
quiz_questions,75961c26-9c1a-4f32-b171-c0f54a40755c,Rhyming Words,BOAT and COAT both end with which letters?,BOAT และ COAT ลงท้ายด้วยตัวอักษรอะไร?,,
quiz_questions,7719a9d6-fd1f-4e61-a07c-a355900001e5,Rhyming Words,DOG and ___ rhyme.,DOG และ ___ คล้องจองกัน,,
quiz_questions,7afa76f4-2d50-4499-8e7a-d389ce0c4826,Rhyming Words,Which word rhymes with FISH?,คำไหนคล้องจองกับ FISH?,,
quiz_questions,843e7bab-6108-4846-8b7c-1b81295a1a6b,Rhyming Words,Which word rhymes with DOG?,คำไหนคล้องจองกับ DOG?,,
quiz_questions,8705c2a0-cbef-4fdc-a74c-6aebeb03d81b,Rhyming Words,TREE has how many letters?,TREE มีกี่ตัวอักษร?,,
quiz_questions,89fda9e2-ba7a-4d58-a0d2-41204e4528e5,Rhyming Words,FISH and DISH both end with which letters?,FISH และ DISH ลงท้ายด้วยตัวอักษรอะไร?,,
quiz_questions,8aafe761-9cf7-480b-b478-5485586a82ac,Rhyming Words,I sat on the ___ next to the bear. (rhymes with BEAR),I sat on the ___ next to the bear (คล้องจองกับ BEAR),,
quiz_questions,90001ff3-fc63-408f-b9ad-a9a52311b74f,Rhyming Words,BEE and TREE both end with which letters?,BEE และ TREE ลงท้ายด้วยตัวอักษรอะไร?,,
quiz_questions,91c62924-5048-4d7b-9f79-df032799db55,Rhyming Words,CAKE and LAKE both end with which letters?,CAKE และ LAKE ลงท้ายด้วยตัวอักษรอะไร?,,
quiz_questions,9f23efea-79c4-41e1-9120-226f8c097151,Rhyming Words,The ___ put food in a dish. (rhymes with DISH),The ___ put food in a dish (คล้องจองกับ DISH),,
quiz_questions,a661c805-5f4b-43b1-8d81-a27479c6f93b,Rhyming Words,Which word rhymes with COAT?,คำไหนคล้องจองกับ COAT?,,
quiz_questions,b0a49ea0-c88b-4e72-a40d-f6e1887bd692,Rhyming Words,KING starts with what letter?,KING ขึ้นต้นด้วยตัวอักษรอะไร?,,
quiz_questions,b2eb64e0-b61c-4671-80ca-e48efd81074b,Rhyming Words,DOG starts with what letter?,DOG ขึ้นต้นด้วยตัวอักษรอะไร?,,
quiz_questions,bd770132-079e-4cf1-b62c-95efbf6df683,Rhyming Words,FISH starts with what letter?,FISH ขึ้นต้นด้วยตัวอักษรอะไร?,,
quiz_questions,bdeece36-fad5-4fb7-8e8e-5c7087863e68,Rhyming Words,STAR and CAR both end with which letters?,STAR และ CAR ลงท้ายด้วยตัวอักษรอะไร?,,
quiz_questions,be0d1785-5645-4c34-94dd-e5f57a2c22da,Rhyming Words,SUN and ___ rhyme.,SUN และ ___ คล้องจองกัน,,
quiz_questions,be74df66-9aae-4c72-8dde-cdc31e600230,Rhyming Words,I wore my ___ on the boat. (rhymes with BOAT),I wore my ___ on the boat (คล้องจองกับ BOAT),,
quiz_questions,d25cda16-cb37-4cb6-9ecb-8b9e13da8672,Rhyming Words,RING starts with what letter?,RING ขึ้นต้นด้วยตัวอักษรอะไร?,,
quiz_questions,deca5999-66de-4fbe-8bcb-7232ccfff835,Rhyming Words,Which word rhymes with BOAT?,คำไหนคล้องจองกับ BOAT?,,
quiz_questions,e13a387d-55ce-4fc4-8288-8982d085f117,Rhyming Words,BEAR and CHAIR both have what sound at the end?,BEAR และ CHAIR มีเสียงอะไรที่ท้ายคำ?,,
quiz_questions,e140cf8c-7d99-4deb-903b-9e9d593ee533,Rhyming Words,Which word does NOT rhyme with CAT?,คำไหนไม่คล้องจองกับ CAT?,,
quiz_questions,e16fbc3c-e56f-4417-9b74-744654c33b92,Rhyming Words,Which word rhymes with LOG?,คำไหนคล้องจองกับ LOG?,,
quiz_questions,e291d2f2-595f-4428-97d2-87dae3624861,Rhyming Words,Which word rhymes with CHAIR?,คำไหนคล้องจองกับ CHAIR?,,
quiz_questions,eb385b06-8db5-4ef3-b145-47423748a1f9,Rhyming Words,HAT has how many letters?,HAT มีกี่ตัวอักษร?,,
quiz_questions,eca895c3-9cf2-4138-9046-a277f4668406,Rhyming Words,KING and ___ rhyme.,KING และ ___ คล้องจองกัน,,
quiz_questions,f53ca71e-4270-49cb-8f78-a64d61d9c9da,Rhyming Words,Which pair of words rhyme?,คู่คำไหนคล้องจองกัน?,,
quiz_questions,f91dedbc-0744-4e66-b859-0bb3dc484b64,Rhyming Words,CAT and ___ rhyme.,CAT และ ___ คล้องจองกัน,,
quiz_questions,fe950f33-eed6-4fcc-ae50-a782a08f863e,Rhyming Words,BOAT and ___ rhyme.,BOAT และ ___ คล้องจองกัน,,
quiz_questions,01be5f01-4261-4e93-b330-a9378ed67519,Food & Drink,Babies drink ___.,เด็กทารกดื่ม ___,,
quiz_questions,09b40cc9-e75b-4d81-8c3a-d5ea192df592,Food & Drink,Eating ___ helps you grow strong and healthy,การทาน___ช่วยให้คุณแข็งแรงและมีสุขภาพดี,,
quiz_questions,09f7a232-6fba-4c01-9f8f-6404163c1601,Food & Drink,Apple ___ is a sweet drink made from apples,แอปเปิ้ล___เป็นเครื่องดื่มหวานที่ทำจากแอปเปิ้ล,,
quiz_questions,0cbb407e-c76e-4c5c-9aed-3a083adb0e41,Food & Drink,A ___ is sweet with frosting.,___ หวานและมีครีม,,
quiz_questions,138b3587-7e04-441b-9420-2c0739199312,Food & Drink,Orange ___ is a sweet drink.,___ ส้มเป็นเครื่องดื่มหวานๆ,,
quiz_questions,17aa0181-9d3d-4a07-9a77-2d0e983944f0,Food & Drink,Thai people eat ___ every day.,คนไทยกิน ___ ทุกวัน,,
quiz_questions,17aa1525-c922-41bd-becd-acae18b724bf,Food & Drink,Fried ___ is a yummy Thai food.,___ ผัดเป็นอาหารไทยแสนอร่อย,,
quiz_questions,1eec61da-2947-4023-a509-8ae94a95fae2,Food & Drink,A red ___ grows on a tree.,___ สีแดงเติบโตบนต้นไม้,,
quiz_questions,210b66c9-6e54-44fd-95b6-0d4cd76a3ee8,Food & Drink,You find ___ like mangoes at the market.,คุณพบ ___ อย่างมะม่วงที่ตลาด,,
quiz_questions,24d04b30-deed-4eda-9c65-1274ab944f81,Food & Drink,We pour ___ on cereal in the morning,เราเท___บนซีเรียลตอนเช้า,,
quiz_questions,2a3ea4aa-7213-4018-b8aa-cc63b5287826,Food & Drink,Carrots and beans are ___.,แครอทและถั่วคือ ___,,
quiz_questions,37663310-6993-47a2-918b-f8ac91ea2690,Food & Drink,Ollie dips his ___ in milk.,โอลลี่จุ่ม ___ ในนม,,
quiz_questions,39d1d825-ffa0-4538-a2db-81c509897bc4,Food & Drink,"___ is small, white, and we eat it with many dishes.",___ เม็ดเล็กสีขาว เรากินกับหลายเมนู,,
quiz_questions,3d049946-d6e9-4085-80d8-29113f378cdf,Food & Drink,Green ___ are good for you.,___ สีเขียวดีต่อสุขภาพ,,
quiz_questions,40f7accf-7f9d-45d1-ac1c-04c9c793dd46,Food & Drink,___ is a grain that many people in Asia eat,___เป็นธัญพืชที่คนในเอเชียหลายคนกิน,,
quiz_questions,4135fc8b-8543-41d8-9900-8f69769a0f02,Food & Drink,Cats love to eat ___.,แมวชอบกิน ___,,
quiz_questions,47e39478-e3a9-4c6a-a6b0-2ca437b9f73a,Food & Drink,We drink ___ from a cow,เราดื่ม___จากวัว,,
quiz_questions,48c7fa76-78c2-4ee8-84c5-c9f9d73b6c0c,Food & Drink,You squeeze an ___ to make juice.,คุณคั้น ___ เพื่อทำน้ำผลไม้,,
quiz_questions,49345d93-56f4-468d-b474-2c216784320d,Food & Drink,___ is meat from a bird.,___ เป็นเนื้อจากสัตว์ปีก,,
quiz_questions,57e8460f-23c0-47df-87fe-dd930010e0f6,Food & Drink,Fish live in ___.,ปลาอาศัยอยู่ใน ___,,
quiz_questions,5c944fb9-ba4b-41b6-9a52-23ad18d551f7,Food & Drink,We fry or boil an ___ for breakfast,เราทอดหรือต้ม___สำหรับอาหารเช้า,,
quiz_questions,60256ee2-dc0b-4676-abd2-4d19cac96ee6,Food & Drink,You eat ___ on your birthday.,คุณกิน ___ ในวันเกิด,,
quiz_questions,61fa717c-8a10-4efd-a066-c3212c9f9325,Food & Drink,An ___ has juicy slices inside.,___ มีกลีบฉ่ำน้ำอยู่ข้างใน,,
quiz_questions,63a0c282-ec66-46ac-adce-70a57620d024,Food & Drink,You crack an ___ to cook it.,คุณตอก ___ เพื่อทำอาหาร,,
quiz_questions,63e9b60a-4723-44fc-bdc6-24b2ea5e2b5c,Food & Drink,___ is sweet and grows on trees.,___ หวานและเติบโตบนต้นไม้,,
quiz_questions,6603d2c8-20a1-49c8-9082-cf457b85005f,Food & Drink,___ has no color and no taste.,___ ไม่มีสีและไม่มีรส,,
quiz_questions,6bf42a08-a854-4b1c-9dca-d32c1a852cbf,Food & Drink,Apples and bananas are types of ___,แอปเปิ้ลและกล้วยเป็น___ชนิดหนึ่ง,,
quiz_questions,6d6c3fe7-e7f0-415f-a4bb-3a2a2a766bb1,Food & Drink,___ swim in the water before we cook them,___ว่ายน้ำก่อนที่เราจะปรุง,,
quiz_questions,7441655c-c5a3-4a55-a144-addc573d09fb,Food & Drink,An ___ a day keeps the doctor away,___วันละลูกช่วยให้ห่างหมอ,,
quiz_questions,7695c3c4-cffb-47be-8168-64db386b80ff,Food & Drink,The ___ has candles on top.,___ มีเทียนอยู่ด้านบน,,
quiz_questions,80ddcfb7-bd28-47d8-8050-9232d7d40b15,Food & Drink,A boiled ___ is white outside and yellow inside.,___ ต้มข้างนอกสีขาวข้างในสีเหลือง,,
quiz_questions,8ba64bf4-f8c7-4fad-a9f7-2527f57533aa,Food & Drink,Monkeys love to eat ___s.,ลิงชอบกิน ___,,
quiz_questions,8d1309ab-fc57-448b-876c-b74572013c94,Food & Drink,___ is used to make sandwiches,___ใช้ทำแซนด์วิช,,
quiz_questions,975a6268-154d-4f9f-b666-a4f75c356658,Food & Drink,Apples and bananas are ___.,แอปเปิ้ลและกล้วยคือ ___,,
quiz_questions,9f1a3661-4913-4dad-b19e-bd4c6a1d0efc,Food & Drink,You drink ___ when you are thirsty.,คุณดื่ม ___ เวลากระหาย,,
quiz_questions,a66ed976-67b4-47b1-a895-48f2c0080cb3,Food & Drink,We eat ___ with chopsticks in Thailand,เราทาน___ด้วยตะเกียบในประเทศไทย,,
quiz_questions,a78a6935-d311-414c-9f56-1a99ca938e2a,Food & Drink,"A ___ is a small, sweet, round snack.",___ เป็นขนมชิ้นเล็ก หวาน และกลม,,
quiz_questions,b49a4afa-e399-46bf-a489-c06a56075db3,Food & Drink,You squeeze fruit to make ___.,คุณคั้นผลไม้เพื่อทำ ___,,
quiz_questions,b4c9a3d7-55f4-4889-8efa-cd121066d89d,Food & Drink,___ is food that comes from the sea.,___ เป็นอาหารที่มาจากทะเล,,
quiz_questions,b7c729fc-8f0c-4876-8965-540c9e56e81c,Food & Drink,"I eat a red, crunchy ___.",ฉันกิน ___ สีแดงกรอบๆ,,
quiz_questions,b9798958-2647-4af6-be70-b90ec8949e56,Food & Drink,We squeeze oranges to make ___,เราคั้นส้มเพื่อทำ___,,
quiz_questions,bed68ea7-8cf0-41c9-9fa9-a09eb87c69a9,Food & Drink,You drink white ___ for strong bones.,คุณดื่ม ___ สีขาวเพื่อกระดูกแข็งแรง,,
quiz_questions,bfbb22d5-b309-4c7d-adae-bb454adbe439,Food & Drink,Which food comes from a chicken?,___มีเนื้อสีขาวและเรามักจะย่าง,,
quiz_questions,c1c7f636-5b29-499f-aa05-54649cdfb2a5,Food & Drink,Cows give us ___.,วัวให้ ___ แก่เรา,,
quiz_questions,c4673265-f497-4858-83a1-600679fb8376,Food & Drink,An ___ is round and you peel it to eat,___เป็นทรงกลมและคุณปอกเปลือกเพื่อกิน,,
quiz_questions,c6ff5bb4-e251-49fe-8e5d-2ce6f011c1b1,Food & Drink,We put candles on a ___ for a birthday,เราปักเทียนบน___สำหรับวันเกิด,,
quiz_questions,cb7205eb-f68e-4184-bd9d-b40677830f16,Food & Drink,We need to drink ___ every day to stay healthy,เราต้องดื่ม___ทุกวันเพื่อสุขภาพที่ดี,,
quiz_questions,da90e374-2f20-43fe-bc10-9aebfa1f83f1,Food & Drink,You make a sandwich with ___.,คุณทำแซนด์วิชด้วย ___,,
quiz_questions,dc072280-edab-4443-9e5d-f2c4c7209494,Food & Drink,Fried ___ is a popular food in many countries,ทอด___เป็นอาหารยอดนิยมในหลายประเทศ,,
quiz_questions,e262810d-d9a4-4f57-a228-60f2d41cc131,Food & Drink,A hen lays an ___.,แม่ไก่ออก ___,,
quiz_questions,e68a6fc5-2d71-4430-9430-f9ec35622ae6,Food & Drink,We bake a ___ in the oven using flour,เราอบ___ในเตาโดยใช้แป้ง,,
quiz_questions,e7bdbb24-d023-49b2-a806-8e60e2320aa6,Food & Drink,You peel a ___ before eating it.,คุณปอก ___ ก่อนกิน,,
quiz_questions,eb07d5fa-df31-4e77-b4a5-a6394df2dc4d,Food & Drink,You wash your hands with soap and ___.,คุณล้างมือด้วยสบู่และ ___,,
quiz_questions,f15599ab-8854-4095-83eb-318e14d6aac6,Food & Drink,A ___ is a small sweet snack that we bake,___เป็นขนมหวานเล็กๆ ที่เราอบ,,
quiz_questions,f4da4202-f692-4406-a60a-cdcbd07230d3,Food & Drink,"___s can be red or green, and they are crunchy.",___ อาจเป็นสีแดงหรือสีเขียว และกรอบอร่อย,,
quiz_questions,f705bb12-552d-49b9-80b6-73d4fcd78bee,Food & Drink,A ___ is long and yellow.,___ ยาวและสีเหลือง,,
quiz_questions,f98c2af8-c62a-4268-8237-fe2994eef2b8,Food & Drink,Eat your ___ — they make you strong!,กิน ___ ของคุณ — มันทำให้คุณแข็งแรง!,,
quiz_questions,fd477399-6155-47fa-96a9-8a56a4215f25,Food & Drink,"___ is baked and soft, and you can toast it.",___ อบนุ่มๆ และปิ้งได้,,
quiz_questions,fe620d7c-b483-49a9-81cb-196f08852055,Food & Drink,A ___ has a peel and is yellow,___มีเปลือกและเป็นสีเหลือง,,
quiz_questions,ff528e97-1618-41c3-af1a-b6eadb1c47b9,Food & Drink,Fried ___ is crispy and yummy.,___ ทอดกรอบและอร่อย,,
quiz_questions,0022bbd6-3dee-4636-a785-62c11498f36f,Animals,The ___ climbs trees and makes funny faces.,___ ปีนต้นไม้และทำหน้าตลก,,
quiz_questions,032f305a-c0b6-4435-9c8a-d0f65a794769,Animals,"The ___ hisses: ""sss, sss.""","___ ขู่ฟ่อ ""ซซซ ซซซ""",,
quiz_questions,0b25f0af-89fe-4bf6-862d-54b611edb4a3,Animals,A ___ changes from a caterpillar,___ เปลี่ยนมาจากหนอน,,
quiz_questions,16ae92e7-c6a5-4589-8345-8c085e1eb976,Animals,"You can ride a ___. It says ""neigh.""","คุณขี่ ___ ได้ มันร้อง ""ฮี้""",,
quiz_questions,190e8f39-4f8d-4cf1-a583-5554ce7d7fcc,Animals,"The ___ says ""oink"" and is pink.","___ ร้อง ""อู๊ด"" และตัวสีชมพู",,
quiz_questions,1e454194-f8a9-4b07-a496-a574e9fd14c1,Animals,The ___ lives in very cold ice and snow.,___ อาศัยอยู่ในน้ำแข็งและหิมะที่หนาวมาก,,
quiz_questions,1f04ad79-341d-4b88-81e6-d7fadbb07ef9,Animals,A ___ is big and loves honey.,___ ตัวใหญ่และชอบน้ำผึ้ง,,
quiz_questions,23d88997-94da-44c1-a3b8-95029ca96558,Animals,A ___ is fluffy and gives us wool.,___ ขนฟูและให้ขนแกะแก่เรา,,
quiz_questions,26bda234-d389-4b22-8a65-8865533c85b4,Animals,A baby ___ is called a puppy.,ลูก ___ เรียกว่า puppy,,
quiz_questions,2c5400c2-d9b9-4962-9521-a66c3e6d89fc,Animals,A ___ builds a nest in a tree,___ สร้างรังบนต้นไม้,,
quiz_questions,2cd89330-62d8-4971-8e35-b2e4144355c3,Animals,A ___ hops and has long ears.,___ กระโดดและมีหูยาว,,
quiz_questions,2d5d2f72-1aa2-430d-9a05-4be29391aca9,Animals,"The ___ says ""meow.""","เจ้า ___ ร้อง ""เหมียว""",,
quiz_questions,2de95563-fb1a-4966-9e50-56a573702b21,Animals,The ___ is big and gray with a long trunk.,___ ตัวใหญ่สีเทาและมีงวงยาว,,
quiz_questions,33075287-2d7a-4113-82a7-533b983b53f0,Animals,A ___ breathes underwater with gills,___ หายใจใต้น้ำด้วยเหงือก,,
quiz_questions,3790425c-8ce4-4b65-be06-ce0f5484d556,Animals,A ___ can fly and has feathers.,___ บินได้และมีขน,,
quiz_questions,382db0d9-0310-47fc-90f5-3c067e900011,Animals,A ___ is a black and white bird that cannot fly.,___ เป็นนกสีขาวดำที่บินไม่ได้,,
quiz_questions,3afeea93-8d33-4547-9938-2d187c0fd1b8,Animals,A ___ has fins and lives in water.,___ มีครีบและอาศัยอยู่ในน้ำ,,
quiz_questions,452e86e3-66c0-47b7-a6fc-800295536f0c,Animals,A ___ catches fish from rivers,___ จับปลาจากแม่น้ำ,,
quiz_questions,457d8634-177f-45e3-b492-63438b687ec1,Animals,The farmer milks the ___ every morning.,ชาวนารีดนม ___ ทุกเช้า,,
quiz_questions,478d9f51-f9e9-4394-9fa7-1c99f92607a1,Animals,A ___ lays eggs and swims in ponds,___ ออกไข่และว่ายน้ำในสระ,,
quiz_questions,53c19473-5310-4ae4-9486-f99c6ab384bf,Animals,A ___ rolls in the mud,___ กลิ้งในโคลน,,
quiz_questions,5c7a8507-6859-4f0a-b588-6717de1a4254,Animals,"The ___ eats grass and says ""baa.""","___ กินหญ้าและร้อง ""แบะ""",,
quiz_questions,5d316875-b652-4fc4-bdd6-6dffd9ba1f7f,Animals,The ___ is the biggest land animal.,___ เป็นสัตว์บกที่ใหญ่ที่สุด,,
quiz_questions,5d349360-cf8a-4d96-9726-0f4bda414f6e,Animals,A ___ says BAA,___ ร้อง แบะ,,
quiz_questions,61fefe03-e20b-4b67-a85e-e15ca26b35b1,Animals,"The ___ says ""quack quack.""","เจ้า ___ ร้อง ""ก้าบ ก้าบ""",,
quiz_questions,66ed4b07-b6bb-4a39-b154-acd3c8958fe6,Animals,A ___ sheds its skin,___ ลอกคราบ,,
quiz_questions,6d34b59a-025d-40e0-afe7-bbaa3d651e6d,Animals,A ___ chases mice around the house,___ ไล่จับหนูรอบบ้าน,,
quiz_questions,6e14be25-0bb6-41ad-9097-5189e209ab8e,Animals,The ___ hunts in the jungle with its stripes.,___ ล่าเหยื่อในป่าด้วยลายทางของมัน,,
quiz_questions,6e633c13-6df4-4904-be5b-3ad2b29c020e,Animals,A ___ has a big mane around its head,___ มีแผงขนใหญ่รอบหัว,,
quiz_questions,797e4b92-3c85-4198-8a64-49d253803d14,Animals,The ___ catches flies with its long tongue.,___ จับแมลงวันด้วยลิ้นยาว,,
quiz_questions,7f4c6e20-c578-46b9-ad06-c18b4675c4fa,Animals,The ___ gallops and jumps over fences.,___ ควบและกระโดดข้ามรั้ว,,
quiz_questions,835717ad-d08c-45b0-a3c2-7727946dbb05,Animals,"The ___ says ""ribbit"" and jumps.","___ ร้อง ""อ๊บ อ๊บ"" และกระโดด",,
quiz_questions,8c1fcaf0-d77d-4cff-8336-bb0bb98aa303,Animals,The ___ swims with fins and blows bubbles.,___ ว่ายน้ำด้วยครีบและเป่าฟองอากาศ,,
quiz_questions,94de3fde-eb01-4aa4-8547-3061cc3ceb3b,Animals,A ___ gallops very fast,___ วิ่งควบเร็วมาก,,
quiz_questions,963b92a0-2a92-4ffe-85f4-a0fe7063c919,Animals,A ___ waddles on ice,___ เดินเตาะแตะบนน้ำแข็ง,,
quiz_questions,96b5f73c-8297-4976-a997-515f9ad535e8,Animals,The ___ swims in the pond with its babies.,___ ว่ายน้ำในสระกับลูกๆ,,
quiz_questions,982e8f6c-4f24-4691-9cbc-f62b2c123732,Animals,A ___ says MOO,___ ร้อง มอ,,
quiz_questions,ac46823e-3383-4480-b879-200e702d860b,Animals,A ___ sings in the morning from the trees.,___ ร้องเพลงตอนเช้าบนต้นไม้,,
quiz_questions,b4e7db1a-0ef9-43c2-8f59-f6aa8d91fe65,Animals,"The ___ says ""woof woof.""","เจ้า ___ ร้อง ""โฮ่ง โฮ่ง""",,
quiz_questions,b5ec6097-61ee-49b8-b45d-3e75abae8056,Animals,A ___ is long and has no legs.,___ ตัวยาวและไม่มีขา,,
quiz_questions,b63a3351-260d-4c71-8f90-ab6c357ae74d,Animals,The ___ roars very loudly.,___ คำรามเสียงดังมาก,,
quiz_questions,b87bd649-9288-4aff-8565-7f15a34ff7e9,Animals,A ___ hops on lily pads,___ กระโดดบนใบบัว,,
quiz_questions,b9911768-2808-46e4-a573-429002e0a365,Animals,The ___ swings in trees and eats bananas.,___ โหนต้นไม้และกินกล้วย,,
quiz_questions,c20a8db8-5ae1-484f-b18e-eb4fbffd9ed9,Animals,A ___ has orange fur and black stripes.,___ มีขนสีส้มและลายทางสีดำ,,
quiz_questions,c419946b-a113-4a76-a87e-08a1bc0f247e,Animals,The ___ is the king of the jungle.,___ คือเจ้าป่า,,
quiz_questions,c56b6f91-2875-4c52-991c-bd4877ffe2fc,Animals,The ___ eats carrots and hops in the garden.,___ กินแครอทและกระโดดในสวน,,
quiz_questions,c6a480fb-f19d-4116-b741-e51bb5b3fb7c,Animals,The ___ is taller than all other animals.,___ สูงกว่าสัตว์อื่นทั้งหมด,,
quiz_questions,c71ffce7-936b-4455-bb9c-a719de935551,Animals,A ___ eats leaves from tall trees,___ กินใบไม้จากต้นไม้สูง,,
quiz_questions,c76d0d22-ef87-4e25-a816-7b0718074fa1,Animals,A baby ___ is called a kitten.,ลูก ___ เรียกว่า kitten,,
quiz_questions,c7e09b10-758e-4520-b109-3b7e0ca69710,Animals,A ___ fetches sticks and bones,___ คาบไม้และกระดูก,,
quiz_questions,c9edb84f-3369-4b8e-9bdc-c809227bcf89,Animals,The ___ sleeps all winter.,___ นอนหลับตลอดฤดูหนาว,,
quiz_questions,cf5b49d9-8d72-4d8f-8219-ebaba7f1ffb3,Animals,A ___ has colorful wings and was once a caterpillar.,___ มีปีกหลากสีและเคยเป็นหนอนผีเสื้อ,,
quiz_questions,d12d2a75-214a-4e35-85d8-c40827373346,Animals,A ___ sprays water from its trunk,___ พ่นน้ำจากงวง,,
quiz_questions,d8c857ef-e5e7-453c-9bb7-6e7a1bb3733f,Animals,The ___ has a very long neck and eats leaves from tall trees.,___ คอยาวมากและกินใบไม้จากต้นไม้สูง,,
quiz_questions,d90955a7-04b9-42f7-966c-3f783a5ceecd,Animals,The ___ has a curly tail and rolls in mud.,___ หางหยิกและชอบกลิ้งในโคลน,,
quiz_questions,dcf5a322-4a7f-4800-af37-55998285637b,Animals,A ___ swings from tree to tree,___ โหนจากต้นไม้ต้นหนึ่งไปอีกต้น,,
quiz_questions,f3ba70c6-0ad9-43ed-ae15-0f280e051f41,Animals,A ___ has black and white stripes,___ มีลายขาวดำ,,
quiz_questions,f560d2d5-b638-4d72-8542-ad2885b9d321,Animals,"The ___ says ""moo"" and gives us milk.","___ ร้อง ""มอ"" และให้นมเรา",,
quiz_questions,f93668c6-249a-48ec-9aa2-fa02bbcd1db2,Animals,A ___ flies from flower to flower.,___ บินจากดอกไม้ดอกหนึ่งไปอีกดอกหนึ่ง,,
quiz_questions,fb2b267b-5952-4ab7-a84e-60a9789a0013,Animals,A ___ has long ears and loves carrots,___ มีหูยาวและชอบแครอท,,
quiz_questions,013ddef2-ebf9-4f38-a3c5-75f359fac686,Hobbies,The team ___ football and won the match!,ทีม ___ ฟุตบอลและชนะการแข่งขัน!,,
quiz_questions,016d639f-835b-4ef2-8975-ee0b27ce1951,Hobbies,___ means planting and watering plants.,___ คือการปลูกและรดน้ำต้นไม้,,
quiz_questions,06906bd1-cf69-4ec5-88a8-82f01af30615,Hobbies,My hobby is ___ songs.,งานอดิเรกของฉันคือ ___ เพลง,,
quiz_questions,10b89965-d1b4-4ec9-9f0a-959b9e98f199,Hobbies,My hobby is ___ yummy food.,งานอดิเรกของฉันคือ ___ อาหารอร่อยๆ,,
quiz_questions,1ad2ef69-a696-40aa-99b1-375c33c6b995,Hobbies,The children ___ in the pool after school.,เด็กๆ ___ ในสระน้ำหลังเลิกเรียน,,
quiz_questions,1d28dd14-76b0-43f7-9712-f8fb03396ba3,Hobbies,I ___ a storybook from the library yesterday.,ฉัน ___ หนังสือนิทานจากห้องสมุดเมื่อวาน,,
quiz_questions,2272e490-5f4f-44fc-a581-2eb0c0505d34,Hobbies,The artist ___ a lovely sunset with oil colors.,ศิลปิน ___ พระอาทิตย์ตกสวยๆ ด้วยสีน้ำมัน,,
quiz_questions,29e1718e-8fad-47b4-bad2-448bec9ef0b8,Hobbies,My hobby is ___ — I kick the ball!,งานอดิเรกของฉันคือ ___ — ฉันเตะบอล!,,
quiz_questions,2e788214-8528-4ff2-8068-d70f911a7a1c,Hobbies,She is ___ dinner with a big pot.,เธอกำลัง ___ มื้อเย็นด้วยหม้อใบใหญ่,,
quiz_questions,31ecd771-7295-464f-b0a8-d412d740d41c,Hobbies,We love ___ at the party.,เราชอบ ___ ที่งานปาร์ตี้,,
quiz_questions,35797c92-e5ae-4c96-8d02-305b7f2a1f4f,Hobbies,He scores a goal when ___.,เขายิงประตูได้ตอน ___,,
quiz_questions,38a1a2c6-6acb-40fd-a912-02ab2a3ce967,Hobbies,I wear goggles when I go ___.,ฉันใส่แว่นตาว่ายน้ำเวลาไป ___,,
quiz_questions,3cc9bb1c-416c-4ad6-9d08-abdd63c48ae0,Hobbies,My hobby is ___ books.,งานอดิเรกของฉันคือ ___ หนังสือ,,
quiz_questions,3e44ff8b-b6e5-4a59-8840-e4166c4e8bcc,Hobbies,My brother ___ beautiful pictures with crayons.,พี่ชาย ___ รูปสวยๆ ด้วยสีเทียน,,
quiz_questions,3e8f6a9c-71ef-4985-ab2c-e1b859055caf,Hobbies,The band is ___ on stage.,วงดนตรีกำลัง ___ บนเวที,,
quiz_questions,41d613e0-d490-4b56-8448-0e80d53fe948,Hobbies,My sister ___ a pretty flower with colored pencils.,น้องสาว ___ ดอกไม้สวยด้วยดินสอสี,,
quiz_questions,427430b0-5181-40b2-a6ec-3d59c6749daf,Hobbies,Tom likes to ___ music on his guitar.,ทอมชอบ ___ เพลงด้วยกีตาร์ของเขา,,
quiz_questions,4314ea8e-88b4-43cd-abc3-981929b06473,Hobbies,I water my plants when I go ___.,ฉันรดน้ำต้นไม้เวลาไป ___,,
quiz_questions,45ab1c96-baec-4927-9b49-4bd7ef38b9c9,Hobbies,He is ___ a cat with his pencil.,เขากำลัง ___ รูปแมวด้วยดินสอ,,
quiz_questions,474fc32e-cc02-4bc8-9650-3353e51f1d08,Hobbies,The artist loves ___ with red and blue paint.,ศิลปินชอบ ___ ด้วยสีแดงและสีน้ำเงิน,,
quiz_questions,4a3a34c2-ba55-4fe0-bb17-af99b382dfb6,Hobbies,Grandma loves to ___ and grow beautiful roses.,คุณยายชอบ ___ และปลูกกุหลาบสวยๆ,,
quiz_questions,4be0e3bd-94db-4c1a-ad52-ca376b4a3491,Hobbies,I like ___ pictures with my pencil.,ฉันชอบ ___ รูปด้วยดินสอ,,
quiz_questions,56998da0-8ba1-463c-a3e8-d895bbfee45b,Hobbies,I like to ___ in the pool in summer.,ฉันชอบ ___ ในสระน้ำช่วงหน้าร้อน,,
quiz_questions,6592be27-cb68-43aa-b082-64880cb4d3c0,Hobbies,___ makes my body move to the beat.,___ ทำให้ร่างกายขยับตามจังหวะ,,
quiz_questions,6779e9aa-f605-4bbf-97aa-32d5aeeba239,Hobbies,My hobby is ___ — I grow flowers.,งานอดิเรกของฉันคือ ___ — ฉันปลูกดอกไม้,,
quiz_questions,67d844c9-7e63-4ff8-8417-56deffe030f8,Hobbies,___ needs a ball and two goals.,___ ต้องใช้ลูกบอลและประตูสองฝั่ง,,
quiz_questions,6cff1bfc-f888-4c93-ab14-51ca6d499e8b,Hobbies,___ with drums is loud and fun!,___ ด้วยกลองเสียงดังและสนุก!,,
quiz_questions,6daf8252-2ee5-4506-8b97-efaf346ecf27,Hobbies,___ in the sea is fun on hot days.,___ ในทะเลสนุกมากในวันที่อากาศร้อน,,
quiz_questions,7dc8f22b-4e81-4756-bd78-3bbdede0dedd,Hobbies,We like to ___ when we hear fun music.,เราชอบ ___ เมื่อได้ยินเพลงสนุกๆ,,
quiz_questions,80d4ec9b-ac0f-49e8-9148-e46c7edaca83,Hobbies,She loves ___ on her guitar.,เธอชอบ ___ ด้วยกีตาร์ของเธอ,,
quiz_questions,8308e443-e440-468f-9e5b-aeca54db3738,Hobbies,Grandpa loves ___ in his vegetable garden.,คุณปู่ชอบ ___ ในสวนผักของท่าน,,
quiz_questions,88ebb16a-b9ca-414b-974b-ab5f9751700c,Hobbies,My mom likes to ___ delicious cakes.,แม่ชอบ ___ เค้กอร่อยๆ,,
quiz_questions,908f6b63-9f53-42e6-80cc-f460573c8cfc,Hobbies,We ___ together at the dance class every Tuesday.,เรา ___ ด้วยกันที่คลาสเต้นทุกวันอังคาร,,
quiz_questions,92001316-48a1-4e7d-a280-b4d5f703d4f3,Hobbies,I love to ___ books before bedtime.,ฉันชอบ ___ หนังสือก่อนนอน,,
quiz_questions,921649c0-1cd6-443f-a3ff-f5cf7ce213ab,Hobbies,She likes to ___ pictures of animals with her pencil.,เธอชอบ ___ รูปสัตว์ด้วยดินสอ,,
quiz_questions,929167d1-a320-4d76-b850-5fdef20ad929,Hobbies,___ with crayons is my favorite hobby.,___ ด้วยสีเทียนคืองานอดิเรกโปรดของฉัน,,
quiz_questions,99691d45-d755-40cc-911c-2db2f91ee28d,Hobbies,___ shapes and animals on paper is my hobby.,___ รูปทรงและสัตว์บนกระดาษคืองานอดิเรกของฉัน,,
quiz_questions,9c454ce8-7034-46a6-924a-df9c857cbef4,Hobbies,My hobby is ___ in the pool.,งานอดิเรกของฉันคือ ___ ในสระ,,
quiz_questions,a4758467-216e-4fa8-b2d9-cb436751c159,Hobbies,Dad ___ the piano every evening after dinner.,พ่อ ___ เปียโนทุกเย็นหลังอาหาร,,
quiz_questions,a580e74b-e84c-4b89-b6c4-b7acf6fa0ee2,Hobbies,The boys ___ football every Saturday.,เด็กๆ ___ ฟุตบอลทุกวันเสาร์,,
quiz_questions,aec12e44-7056-4549-85e1-b8bcbc61d0d3,Hobbies,She ___ a song for her friends at the party.,เธอ ___ เพลงให้เพื่อนๆ ที่งานปาร์ตี้,,
quiz_questions,b3830c3d-add0-46d2-81e4-f472ced8fc5b,Hobbies,My hobby is ___ — I play the piano.,งานอดิเรกของฉันคือ ___ — ฉันเล่นเปียโน,,
quiz_questions,b4f840f5-f4f1-4f52-8c81-eae119673a7f,Hobbies,Dad loves ___ in the kitchen.,พ่อชอบ ___ ในครัว,,
quiz_questions,bcb95fa3-f727-4400-8994-a9cb24814a49,Hobbies,We love ___ on the field after school.,เราชอบ ___ ในสนามหลังเลิกเรียน,,
quiz_questions,bdef2a8d-cea9-449c-a449-c46aee558959,Hobbies,___ is fun — I finish one book every week!,___ สนุกมาก — ฉันอ่านจบสัปดาห์ละเล่ม!,,
quiz_questions,c0d9d2d6-2725-4618-ade3-63f3609fbb88,Hobbies,My hobby is ___ to music.,งานอดิเรกของฉันคือ ___ ตามเพลง,,
quiz_questions,c158a792-b160-49ce-956f-0e66ca50345b,Hobbies,___ a picture with a brush is fun.,___ รูปด้วยพู่กันสนุกมาก,,
quiz_questions,c9d3bae8-83b3-43f5-811c-59d46b14d631,Hobbies,Maria loves to ___ her favorite songs.,มาเรียชอบ ___ เพลงโปรดของเธอ,,
quiz_questions,caa0a229-9119-450d-a019-c84aa7cc2a45,Hobbies,She ___ a colorful flower in art class.,เธอ ___ ดอกไม้สีสันสดใสในชั่วโมงศิลปะ,,
quiz_questions,cbecf8cb-47a7-4dfb-886a-acc1dacc4b08,Hobbies,I love ___ stories at the library.,ฉันชอบ ___ นิทานที่ห้องสมุด,,
quiz_questions,ccad7220-8a77-4b3b-876b-dd67119647e5,Hobbies,She is ___ and spinning around.,เธอกำลัง ___ และหมุนตัวไปมา,,
quiz_questions,cd7766b6-be9e-4d87-a525-cc0b6cf4b70f,Hobbies,Every morning I ___ in the garden and water the plants.,ทุกเช้าฉัน ___ ในสวนและรดน้ำต้นไม้,,
quiz_questions,d4817767-7741-4a7c-a0b9-29ed446c447d,Hobbies,We are ___ a happy song together.,เรากำลัง ___ เพลงสนุกๆ ด้วยกัน,,
quiz_questions,e5818c8e-1f75-4ecc-ab74-dc25f43fa9a3,Hobbies,He is ___ a beautiful picture with watercolors.,เขากำลัง ___ รูปสวยๆ ด้วยสีน้ำ,,
quiz_questions,e5b86008-a6a7-490b-83af-d2c45f04d6ba,Hobbies,___ is a good exercise in the water.,___ เป็นการออกกำลังกายที่ดีในน้ำ,,
quiz_questions,e5dc0a08-d082-448b-82c5-0eb7108bd52f,Hobbies,___ in the shower is fun!,___ ในห้องอาบน้ำสนุกดี!,,
quiz_questions,eadc1b17-ed2a-4ab2-a0ed-601d10133519,Hobbies,___ soup and rice is fun!,___ ซุปและข้าวสนุกดี!,,
quiz_questions,eb14bbcf-1965-46af-8273-b90440a8cfc8,Hobbies,She loves ___ with her beautiful voice.,เธอชอบ ___ ด้วยเสียงอันไพเราะ,,
quiz_questions,f88b2ab9-71cf-4777-a57e-a0c604bafed1,Hobbies,Quiet please! Grandma is ___ her book.,เงียบหน่อยนะ! คุณยายกำลัง ___ หนังสือ,,
quiz_questions,fa021c8a-4006-493a-8037-a54f05f81b07,Hobbies,I use a brush and colors for ___.,ฉันใช้พู่กันและสีสำหรับ ___,,
quiz_questions,09312d4a-d673-4600-8eab-f10ef0585293,Common Verbs,The funny clown makes us ___.,ตัวตลกตลกทำให้เรา ___,,
quiz_questions,0bfc9c2c-2cc8-40c8-8d5a-bdc03aacfbc3,Common Verbs,I ___ the ball with my hands.,ฉัน ___ ลูกบอลด้วยมือ,,
quiz_questions,0d160655-013e-447b-b223-f88351a04061,Common Verbs,A kangaroo can ___ very high.,จิงโจ้สามารถ ___ ได้สูงมาก,,
quiz_questions,0debdc1c-8aed-4d9f-9018-420bca813eda,Common Verbs,I ___ my name with a pencil.,ฉัน ___ ชื่อด้วยดินสอ,,
quiz_questions,10d4803c-2587-438a-bfe8-d6761a4791cf,Common Verbs,I ___ the ladder to the slide.,ฉัน ___ บันไดขึ้นสไลเดอร์,,
quiz_questions,193cc36d-b2ca-4a4d-9622-f5e99ac91ce6,Common Verbs,I ___ fast in the race.,ฉัน ___ เร็วในการแข่งขัน,,
quiz_questions,22995720-68ad-47c3-9288-56faf65ac8ae,Common Verbs,I ___ water when I am thirsty.,ฉัน ___ น้ำเวลากระหาย,,
quiz_questions,263f7997-5299-4a1a-82cf-93b96d85108e,Common Verbs,We ___ circles and stars with crayons.,เรา ___ วงกลมและดาวด้วยสีเทียน,,
quiz_questions,271613da-7d5e-48b5-8121-6985f4ea1ef4,Common Verbs,We ___ with toys after school.,เรา ___ ของเล่นหลังเลิกเรียน,,
quiz_questions,2c53759a-c7db-42f4-802e-5c9092f5123c,Common Verbs,Use crayons to ___ a picture.,ใช้สีเทียนเพื่อ ___ รูปภาพ,,
quiz_questions,31ffe374-3f36-4f84-ae45-e95e08280bcd,Common Verbs,He can ___ the ball very far.,เขาสามารถ ___ ลูกบอลได้ไกลมาก,,
quiz_questions,326d6857-8b60-4090-9c84-60dbdd35e76d,Common Verbs,I ___ in line and wait.,ฉัน ___ เข้าแถวและรอ,,
quiz_questions,33efa4a0-4cc2-486b-8890-e649d8afcd0e,Common Verbs,We ___ water when we are thirsty.,เรา ___ น้ำเมื่อเรากระหาย,,
quiz_questions,3420d71d-9889-48b3-96fe-3a217a431477,Common Verbs,___ the paper into the trash can.,___ กระดาษลงถังขยะ,,
quiz_questions,357d64c3-60f2-4560-9394-daf216da2d11,Common Verbs,I ___ over the puddle.,ฉัน ___ ข้ามแอ่งน้ำ,,
quiz_questions,3c63f1d5-fc13-4861-a616-20ec23a5ce34,Common Verbs,The joke is funny! We ___.,เรื่องตลกจัง! เรา ___,,
quiz_questions,40b9b3f0-991f-44a2-b1fa-ce33b2593dad,Common Verbs,They love to ___ to music.,พวกเขาชอบ ___ ตามเพลง,,
quiz_questions,4228a41b-eb16-4eaa-b26e-95fa39586d88,Common Verbs,Please ___ up when the teacher comes.,กรุณา ___ ขึ้นเมื่อครูมา,,
quiz_questions,4496fb53-925a-416f-acf3-6c078c157f7d,Common Verbs,The birds ___ in the morning.,นก ___ ตอนเช้า,,
quiz_questions,571afe0d-b1dd-4ced-916d-ea9ea421597d,Common Verbs,We ___ stories in the library.,เรา ___ นิทานในห้องสมุด,,
quiz_questions,59611429-d9f4-4f44-bcc6-bc1e922d68ab,Common Verbs,The cats ___ milk.,แมว ___ นม,,
quiz_questions,5c4b67ae-e3c6-45fa-867d-fdb14e966e99,Common Verbs,We ___ at the funny clown.,เรา ___ ให้กับตัวตลกแสนขำ,,
quiz_questions,69951cb0-4c4d-4081-8800-4fd42aa585f0,Common Verbs,I ___ with my friends at the party.,ฉัน ___ กับเพื่อนๆ ที่งานปาร์ตี้,,
quiz_questions,6ca5a4ef-ff60-4a5e-93d4-99ef3f1fec76,Common Verbs,The baby learns to ___ step by step.,เด็กน้อยหัด ___ ทีละก้าว,,
quiz_questions,6f5751c6-8db0-4feb-b099-055ddd52c312,Common Verbs,We ___ lunch at noon.,เรา ___ อาหารกลางวันตอนเที่ยง,,
quiz_questions,7773cca3-126f-4dd0-a417-287c794591d0,Common Verbs,Babies ___ a lot every day.,เด็กทารก ___ เยอะมากทุกวัน,,
quiz_questions,7cd05b2b-5c8c-488f-99ea-2ca2a2718b9b,Common Verbs,I like to ___ books before bed.,ฉันชอบ ___ หนังสือก่อนนอน,,
quiz_questions,8522a85d-aa20-423d-85d5-30646c33222e,Common Verbs,Children love to ___ with toys.,เด็กๆ ชอบ ___ ของเล่น,,
quiz_questions,88f639b1-d92d-40ff-b527-9ed6c1b81c0d,Common Verbs,Please ___ down on the chair.,กรุณา ___ ลงบนเก้าอี้,,
quiz_questions,8acec481-e528-4ccf-ae3e-ac839904edec,Common Verbs,We ___ to school every morning.,เรา ___ ไปโรงเรียนทุกเช้า,,
quiz_questions,904bcde0-4789-40b1-a166-1fc7cf1b88b2,Common Verbs,I ___ in my bed at night.,ฉัน ___ บนเตียงตอนกลางคืน,,
quiz_questions,953ad4db-cc4d-47ac-9b63-9c6d694740d8,Common Verbs,Monkeys like to ___ trees.,ลิงชอบ ___ ต้นไม้,,
quiz_questions,973b01ea-1888-4c26-80d5-71cce500811a,Common Verbs,Open your hands and ___ the ball!,แบมือแล้ว ___ ลูกบอล!,,
quiz_questions,98d0eb3b-d109-47b9-965e-11323dd332dd,Common Verbs,Frogs ___ up and down.,กบ ___ ขึ้นลง,,
quiz_questions,9ab61884-327f-4a89-854c-f292149db302,Common Verbs,We ___ letters on the paper.,เรา ___ ตัวอักษรบนกระดาษ,,
quiz_questions,a4786bde-5585-4c7b-928b-e61b2e4f748b,Common Verbs,We ___ a song together.,เรา ___ เพลงด้วยกัน,,
quiz_questions,a66e8052-e540-4b76-9fc9-7f79c8805c19,Common Verbs,I ___ a book before bed.,ฉัน ___ หนังสือก่อนนอน,,
quiz_questions,a88f7f97-3e78-44b8-8e67-52bb83a1637a,Common Verbs,We use our legs to ___.,เราใช้ขาเพื่อ ___,,
quiz_questions,ad651f3a-9988-4aeb-8e8f-ef582eb1a986,Common Verbs,The dogs ___ after the ball.,หมา ___ ตามลูกบอล,,
quiz_questions,aec476a4-ed85-4721-a40f-284c22651729,Common Verbs,We ___ to the music.,เรา ___ ตามเพลง,,
quiz_questions,b11e606d-8f2e-494c-83cd-016bc93c3254,Common Verbs,Use a pencil to ___ your name.,ใช้ดินสอเพื่อ ___ ชื่อของคุณ,,
quiz_questions,b6edb009-ecce-4914-ac35-0a4bba470f48,Common Verbs,I ___ my mom clean the house.,ฉัน ___ แม่ทำความสะอาดบ้าน,,
quiz_questions,bf5243c7-0a44-4dcc-8cf3-538390396575,Common Verbs,Good friends ___ each other.,เพื่อนที่ดี ___ กัน,,
quiz_questions,c230dc15-b7a4-47b8-b4bb-239370af50ea,Common Verbs,We ___ our friends when they fall down.,เรา ___ เพื่อนเวลาพวกเขาล้ม,,
quiz_questions,c382a04a-00d5-4655-860b-ccf67c406528,Common Verbs,Please ___ down on your chair.,กรุณา ___ ลงบนเก้าอี้,,
quiz_questions,c496344d-7c33-4b97-9bf0-9e17343eb1da,Common Verbs,Try to ___ the ball with both hands.,พยายาม ___ ลูกบอลด้วยสองมือ,,
quiz_questions,c81852d4-83fd-4f51-9b27-6ee5a254b974,Common Verbs,She likes to ___ happy songs.,เธอชอบ ___ เพลงสนุกๆ,,
quiz_questions,cbf65860-5e44-4856-8350-a1507fd930f1,Common Verbs,I ___ a picture of my family.,ฉัน ___ รูปครอบครัวของฉัน,,
quiz_questions,cc201c6f-194f-4254-b01a-5b1df555a497,Common Verbs,The children ___ games at recess.,เด็กๆ ___ เกมตอนพัก,,
quiz_questions,cf5fc1a2-1de6-4779-9ab9-f644fc813e21,Common Verbs,Monkeys ___ up the trees.,ลิง ___ ขึ้นต้นไม้,,
quiz_questions,d08e3224-f42e-475b-9f96-f8b0a645bef7,Common Verbs,We ___ food when we are hungry.,เรา ___ อาหารเมื่อเราหิว,,
quiz_questions,d43c7edb-927a-4a55-9d7a-a88c6567bbd7,Common Verbs,I ___ the ball to my friend.,ฉัน ___ ลูกบอลให้เพื่อน,,
quiz_questions,e234e5f9-2e2d-4dff-b99c-acd8e60c064d,Common Verbs,I ___ rice with a spoon.,ฉัน ___ ข้าวด้วยช้อน,,
quiz_questions,e3605c26-ce05-4eb8-ab20-0c7fb3fd999d,Common Verbs,Fish can ___ in the water.,ปลาสามารถ ___ ในน้ำ,,
quiz_questions,e6b97c0d-4987-4920-bfa7-49506d16d73b,Common Verbs,Fish ___ in the water.,ปลา ___ ในน้ำ,,
quiz_questions,eac57c3a-48ce-436e-a3f2-d32ee91aff51,Common Verbs,We ___ on the floor to play games.,เรา ___ บนพื้นเพื่อเล่นเกม,,
quiz_questions,eea48b10-491f-4ae2-a9e5-b9cb3a693c04,Common Verbs,We ___ in the pool on hot days.,เรา ___ ในสระในวันที่อากาศร้อน,,
quiz_questions,f3453f33-9ad6-4aaa-90db-6b35efdfbec8,Common Verbs,I ___ to school every day.,ฉัน ___ ไปโรงเรียนทุกวัน,,
quiz_questions,f3f486cf-ed7d-432f-9bf1-50a83e663042,Common Verbs,We ___ at night in our beds.,เรา ___ ตอนกลางคืนบนเตียง,,
quiz_questions,f54687d3-bec4-463f-8b8f-f0f22c3c0f7c,Common Verbs,Please ___ up when the teacher comes in.,กรุณา ___ ขึ้นเมื่อคุณครูเข้ามา,,
quiz_questions,073f0459-6ed4-4855-bf44-439e0b41e0a4,Question Words,"___ shirt do you want, the red one or the blue one?",คุณต้องการเสื้อ ___ สีแดงหรือสีน้ำเงิน?,,
quiz_questions,099b9fde-a491-4644-b740-2df5473692fc,Question Words,"""_____ do you get to school?"" — Pick the right question word.","""_____ คุณไปโรงเรียน?"" — เลือกคำถามที่ถูกต้อง",,
quiz_questions,0bd3edd5-cb1a-4431-a95d-eb80d202eb28,Question Words,"""_____ is your favorite color?"" — Pick the right question word.","""_____ สีโปรดของคุณ?"" — เลือกคำถามที่ถูกต้อง",,
quiz_questions,0e57694d-a4fb-402e-97ec-cb96baf200c3,Question Words,"""_____ book do you want — this one or that one?"" — Pick the right question word.","""_____ หนังสือที่คุณต้องการ — เล่มนี้หรือเล่มนั้น?"" — เลือกคำถามที่ถูกต้อง",,
quiz_questions,1af424d7-527e-47f7-9422-09f830cbb106,Question Words,___ apples are in the basket?,มีแอปเปิ้ล ___ ลูกในตะกร้า?,,
quiz_questions,2995534e-6a69-4078-bb5c-2946f1783201,Question Words,"___ book is better, this one or that one?",หนังสือ ___ ดีกว่า เล่มนี้หรือเล่มนั้น?,,
quiz_questions,347900de-f436-4bd1-a1ca-8fb4d76da31c,Question Words,"""_____ is the library?"" — Pick the right question word.","""_____ ห้องสมุดอยู่ที่ไหน?"" — เลือกคำถามที่ถูกต้อง",,
quiz_questions,3657b96e-af21-4ffe-bcd6-82da16b49b40,Question Words,___ is your birthday?,วันเกิดของคุณคือ ___?,,
quiz_questions,503c84b1-89aa-4abd-a5d6-ef3bc05df7ba,Question Words,___ do you go to school?,คุณไปโรงเรียน ___?,,
quiz_questions,50ba6c9e-695f-4ca7-bbed-77f583dba24b,Question Words,___ does the movie start?,หนังเริ่ม ___?,,
quiz_questions,5233d2cc-73ee-42a8-a184-9fa9f0f2a951,Question Words,"""_____ are you sad?"" — You are asking for a reason.","""_____ คุณเศร้า?"" — คุณถามเหตุผล",,
quiz_questions,52656c72-5e3e-420c-a277-08f399cfd1e8,Question Words,___ do you brush your teeth?,คุณแปรงฟัน ___?,,
quiz_questions,52958c96-d9fc-4e76-b90b-7a15535605da,Question Words,___ is the sky blue?,___ ท้องฟ้าถึงเป็นสีฟ้า?,,
quiz_questions,531a55b0-055e-4fa8-988b-473f90d0679e,Question Words,___ do you live?,คุณอาศัยอยู่ ___?,,
quiz_questions,55aed167-8230-4058-927b-ca6e1d8906f5,Question Words,"""_____ books are on the shelf?"" — You want to count them.","""_____ หนังสืออยู่บนชั้น?"" — คุณอยากนับจำนวน",,
quiz_questions,5c35ffbb-aa49-4c0a-b3f8-285b649b0720,Question Words,"""_____ flavor do you want — chocolate or vanilla?"" — You are choosing between options.","""_____ รสที่คุณต้องการ — ช็อกโกแลตหรือวานิลลา?"" — คุณกำลังเลือก",,
quiz_questions,5f9625c4-49e9-4eba-b1eb-5ac229a81f90,Question Words,___ is this toy?,ของเล่นนี้ราคา ___?,,
quiz_questions,5fecee71-48c2-48a4-abcf-ca46f1daf99e,Question Words,___ is your name?,___ คือชื่อของคุณ?,,
quiz_questions,65082ae6-7d7f-4831-b4d5-3b7480783698,Question Words,"""_____ jacket is on the chair?"" — You want to know who it belongs to.","""_____ แจ็คเก็ตวางอยู่บนเก้าอี้?"" — คุณอยากรู้ว่าเป็นของใคร",,
quiz_questions,6630fdcd-9988-40c3-bd55-9c5de0d68341,Question Words,___ are my shoes?,รองเท้าของฉันอยู่ ___?,,
quiz_questions,67e431ba-7c65-420b-8374-d0dbbdf5af89,Question Words,"""_____ does it take to walk to school?"" — Pick the right question word.","""_____ ใช้เวลาเดินไปโรงเรียนนานเท่าไหร่?"" — เลือกคำถามที่ถูกต้อง",,
quiz_questions,70c61fdc-d4c9-4a67-9643-2d529456d4e5,Question Words,"""_____ is the sky blue?"" — You want a reason.","""_____ ท้องฟ้าเป็นสีฟ้า?"" — คุณอยากรู้เหตุผล",,
quiz_questions,7f14c97e-6c21-4c2d-b2c0-3b9a918e70a5,Question Words,___ time is it?,ตอนนี้เวลา ___?,,
quiz_questions,81101d0c-1cb0-4913-8c32-5b967146747c,Question Words,___ are you crying?,___ คุณถึงร้องไห้?,,
quiz_questions,85046430-4698-4ed9-91a9-0ce740783804,Question Words,___ pencils do you have?,คุณมีดินสอ ___ แท่ง?,,
quiz_questions,88bf472a-ad2b-498d-bde7-1c09e82fb1a3,Question Words,"""_____ does this toy cost?"" — Pick the right question word.","""_____ ของเล่นนี้ราคาเท่าไหร่?"" — เลือกคำถามที่ถูกต้อง",,
quiz_questions,8cdb0d46-4a5e-464a-bb72-ff7c710a307d,Question Words,___ is knocking on the door?,___ กำลังเคาะประตู?,,
quiz_questions,8da1bdc6-c670-4abc-abef-42e73fb5b653,Question Words,___ backpack is this?,นี่คือกระเป๋าเป้ ___?,,
quiz_questions,9500bae8-0ff4-40c7-9b5d-91ba256499f0,Question Words,___ is that girl over there?,___ คือเด็กผู้หญิงคนนั้น?,,
quiz_questions,977a0788-eeb4-4585-848d-cc31b86d583f,Question Words,"""_____ is your teacher?"" — You are asking about a person.","""_____ คือครูของคุณ?"" — คุณถามเกี่ยวกับคน",,
quiz_questions,a438420f-1ee6-4aff-87bd-9e5e4a15c3bd,Question Words,"""_____ is hiding under the table?"" — It is a thing, not a person.","""_____ ซ่อนอยู่ใต้โต๊ะ?"" — เป็นสิ่งของ ไม่ใช่คน",,
quiz_questions,ade2bfc2-58ea-470e-8d62-3b3cca17a3f2,Question Words,___ water do you drink every day?,คุณดื่มน้ำ ___ ทุกวัน?,,
quiz_questions,ae089ad3-c014-4a49-a1d6-3537ac391e3d,Question Words,"""_____ pencil is this?"" — It belongs to someone.","""_____ ดินสอแท่งนี้เป็นของใคร?"" — เป็นของใครบางคน",,
quiz_questions,b236addd-2221-43a7-afc2-67eb4ffb3b66,Question Words,___ dog is barking outside?,สุนัข ___ กำลังเห่าอยู่ข้างนอก?,,
quiz_questions,b39e6947-abf6-47d1-91f0-733a166e59ca,Question Words,"""_____ is the giraffe?"" — Pick the right question word.","""_____ ยีราฟสูงเท่าไหร่?"" — เลือกคำถามที่ถูกต้อง",,
quiz_questions,ba107f0f-ff2a-405c-b43b-f67cf51da02b,Question Words,"""_____ do you brush your teeth?"" — You want to know the frequency.","""_____ คุณแปรงฟัน?"" — คุณอยากรู้ความถี่",,
quiz_questions,bb2068d3-3149-462f-b82c-59c80de7dc93,Question Words,"""_____ is your birthday?"" — Pick the right question word.","""_____ วันเกิดของคุณ?"" — เลือกคำถามที่ถูกต้อง",,
quiz_questions,c16fec75-1bea-46f0-a0c3-5c0ee0d56b4d,Question Words,___ do you visit your grandmother?,คุณไปเยี่ยมคุณยาย ___?,,
quiz_questions,caf47a28-9fbc-441e-b163-e6afe27104b3,Question Words,"""_____ do you make a paper airplane?"" — You want to know the method.","""_____ คุณพับเครื่องบินกระดาษ?"" — คุณอยากรู้วิธี",,
quiz_questions,e636c352-eaa3-4e32-bbe0-7258abfbca19,Question Words,___ are you? I am one meter.,คุณ ___? ฉันสูงหนึ่งเมตร,,
quiz_questions,e867d59a-7d6c-4767-93f5-1fbb48e404b5,Question Words,___ did you sleep last night?,เมื่อคืนคุณนอน ___?,,
quiz_questions,ed109486-4609-48c3-9c4c-8ab5118c0f20,Question Words,___ old are you?,คุณอายุ ___?,,
quiz_questions,0602e1f0-9603-48a8-83b5-25bf58ed70cb,Numbers & Counting,"One, two, ___!",หนึ่ง สอง ___!,,
quiz_questions,0ccdbe1e-e748-4bd9-ade7-83fba78912e8,Numbers & Counting,___ comes after 11,___ มาหลังจาก 11,,
quiz_questions,1a464348-55f1-49c5-b868-9eb5fe390cca,Numbers & Counting,"9, ___, 11, 12","9, ___, 11, 12",,
quiz_questions,1bac6802-42fb-47d5-80e8-3ac47ba8242a,Numbers & Counting,"1, 2, ___, 4","1, 2, ___, 4",,
quiz_questions,1d6e2c44-a4c0-4404-be58-da6db9b48294,Numbers & Counting,A cat has ___ legs.,แมวมีขา ___ ขา,,
quiz_questions,22d273f4-b11f-405d-813a-f416019943fe,Numbers & Counting,4 + 4 = ___,4 + 4 = ___,,
quiz_questions,23732add-aef4-4734-a4b4-be21d669e028,Numbers & Counting,A spider has ___ legs.,แมงมุมมีขา ___ ขา,,
quiz_questions,269b6328-569f-4377-938d-efb817cb2cec,Numbers & Counting,___ comes after 7,___ มาหลังจาก 7,,
quiz_questions,337ff8ca-ab04-4b58-bff0-6df341ad334f,Numbers & Counting,___ comes after ten.,___ มาหลังสิบ,,
quiz_questions,33f6acec-9bde-46fa-9eb7-a916f8b04e06,Numbers & Counting,"Two, three, ___!",สอง สาม ___!,,
quiz_questions,373b432f-c20c-4748-8868-d9ab1e809083,Numbers & Counting,___ comes after 0,___ มาหลังจาก 0,,
quiz_questions,38441967-95fb-40d0-b5d9-88cd483debe6,Numbers & Counting,You have ___ mouth.,คุณมีปาก ___ ปาก,,
quiz_questions,3b4366e5-f3e0-428a-ad68-b58876713b2d,Numbers & Counting,"0, ___, 2, 3","0, ___, 2, 3",,
quiz_questions,448a38e6-fcb2-4024-8dff-aeaea64dc0b0,Numbers & Counting,6 + 3 = ___,6 + 3 = ___,,
quiz_questions,48c3bda0-6b2f-450b-bfda-091904e23ff3,Numbers & Counting,___ comes before 5,___ มาก่อน 5,,
quiz_questions,4987614f-3cc8-443f-8414-db90b6af8270,Numbers & Counting,Ten minus ten is ___.,สิบลบสิบเท่ากับ ___,,
quiz_questions,5022a688-731a-4bdc-a0fa-6b586f5c2cde,Numbers & Counting,An ant has ___ legs.,มดมีขา ___ ขา,,
quiz_questions,582003a3-d183-485f-a694-1642272859a6,Numbers & Counting,___ comes just before two.,___ มาก่อนสองพอดี,,
quiz_questions,5dc32369-7a27-49bf-8332-b916bddb1cf5,Numbers & Counting,A clock shows numbers one to ___.,นาฬิกาแสดงตัวเลขหนึ่งถึง ___,,
quiz_questions,6167c948-5d43-4774-9a26-f68281826c67,Numbers & Counting,An octopus has ___ arms.,ปลาหมึกยักษ์มีแขน ___ แขน,,
quiz_questions,64d6650e-2efa-422f-a9d9-64832a6310e3,Numbers & Counting,___ comes between five and seven.,___ อยู่ระหว่างห้ากับเจ็ด,,
quiz_questions,66836524-d3ff-4007-a6ef-f49a266fd225,Numbers & Counting,A dog has ___ ears.,หมามีหู ___ ข้าง,,
quiz_questions,68751773-30ae-49ab-b146-fd628fe1a77b,Numbers & Counting,An empty box has ___ toys inside.,กล่องเปล่ามีของเล่นข้างใน ___ ชิ้น,,
quiz_questions,690414b2-cc02-4a12-845e-c141447136b1,Numbers & Counting,"Five, six, ___!",ห้า หก ___!,,
quiz_questions,6ab11e2a-0cb5-4c58-bdde-1365f5785528,Numbers & Counting,A bicycle has ___ wheels.,จักรยานมีล้อ ___ ล้อ,,
quiz_questions,6d526dc9-009f-4d10-bb22-1701d55d11bb,Numbers & Counting,"Three, four, ___!",สาม สี่ ___!,,
quiz_questions,722af7a0-e3cc-417d-ae96-1e4ab7e69d0b,Numbers & Counting,You have ___ fingers on two hands.,มือสองข้างมีนิ้ว ___ นิ้ว,,
quiz_questions,7992f95b-424c-4584-bbfb-50736f988f36,Numbers & Counting,"3, 4, ___, 6","3, 4, ___, 6",,
quiz_questions,7dd94aa1-7b57-46a7-8399-bd0d0cb6e536,Numbers & Counting,Two plus two is ___.,สองบวกสองเท่ากับ ___,,
quiz_questions,7fc23091-71af-4964-a93d-5dea610d94fa,Numbers & Counting,Two plus three is ___.,สองบวกสามเท่ากับ ___,,
quiz_questions,7fdcf282-0c91-406d-8c1f-46ff80188370,Numbers & Counting,One plus two is ___.,หนึ่งบวกสองเท่ากับ ___,,
quiz_questions,87a212b4-2a97-4961-b0b4-f45d37ae2a74,Numbers & Counting,7 + 5 = ___,7 + 5 = ___,,
quiz_questions,8cc65d25-497a-467d-b259-fd8dc375a1fb,Numbers & Counting,3 + 2 = ___,3 + 2 = ___,,
quiz_questions,8cfb698f-cca1-425a-a33a-8c5b1950001b,Numbers & Counting,You have ___ toes on one foot.,เท้าหนึ่งข้างมีนิ้วเท้า ___ นิ้ว,,
quiz_questions,8ef114ac-a987-4ae0-a38e-8e5791129cbf,Numbers & Counting,5 + 1 = ___,5 + 1 = ___,,
quiz_questions,960fd275-eb0a-4b31-9721-9b3ce350ee4e,Numbers & Counting,"5, 6, ___, 8","5, 6, ___, 8",,
quiz_questions,98c776f6-6839-4006-838c-81d372a8a5d2,Numbers & Counting,"6, 7, 8, ___","6, 7, 8, ___",,
quiz_questions,9d0efc41-46ed-4557-a0d4-e5e20462a548,Numbers & Counting,You have ___ eyes.,คุณมีตา ___ ข้าง,,
quiz_questions,9d1df0f7-ddf6-4427-9931-bba48926e8d6,Numbers & Counting,"Nine, ten, ___!",เก้า สิบ ___!,,
quiz_questions,9e724c7f-eae7-438e-b815-e27ed23b23be,Numbers & Counting,___ comes after eleven.,___ มาหลังสิบเอ็ด,,
quiz_questions,ab264dc4-0359-4378-b1c7-eb1c467b0711,Numbers & Counting,"10, 11, ___","10, 11, ___",,
quiz_questions,b3af8b9f-9a07-4ea9-96ed-419f46f5ce6c,Numbers & Counting,"Seven, eight, ___!",เจ็ด แปด ___!,,
quiz_questions,b48d1ff5-d479-4a13-a885-45c46a906bca,Numbers & Counting,"Six, seven, ___!",หก เจ็ด ___!,,
quiz_questions,b51a77f4-3f0e-4578-90f9-fc1bb948785d,Numbers & Counting,Four plus four is ___.,สี่บวกสี่เท่ากับ ___,,
quiz_questions,b6641800-d00d-44c1-8985-e2ebca58d237,Numbers & Counting,2 + 1 = ___,2 + 1 = ___,,
quiz_questions,b7a24499-4d6f-4a37-8fc1-ce4582ec4139,Numbers & Counting,"Ten, eleven, ___!",สิบ สิบเอ็ด ___!,,
quiz_questions,bf022fcf-b324-4415-a6d2-582e89494583,Numbers & Counting,"8, 9, ___, 11","8, 9, ___, 11",,
quiz_questions,c20d2262-b439-4b37-9919-c539afd56f2a,Numbers & Counting,Five plus five is ___.,ห้าบวกห้าเท่ากับ ___,,
quiz_questions,c280ff50-53ed-4d14-9b93-341f1614ea71,Numbers & Counting,You have ___ fingers on one hand.,มือหนึ่งข้างมีนิ้ว ___ นิ้ว,,
quiz_questions,d1f8a982-7dc0-4fea-baca-8c8dc2215749,Numbers & Counting,One plus one is ___.,หนึ่งบวกหนึ่งเท่ากับ ___,,
quiz_questions,d41a58a5-1488-4fa0-b17f-dc8bbc3146ea,Numbers & Counting,___ comes after 3,___ มาหลังจาก 3,,
quiz_questions,e5ac57ca-ffde-49b4-96c6-d66ee79ebb29,Numbers & Counting,A year has ___ months.,หนึ่งปีมี ___ เดือน,,
quiz_questions,e5aeb811-8202-4041-9529-338a2f8a6093,Numbers & Counting,A week has ___ days.,หนึ่งสัปดาห์มี ___ วัน,,
quiz_questions,e9fb889f-ce21-4a93-b15d-1b3fd1121502,Numbers & Counting,___ comes before 10,___ มาก่อน 10,,
quiz_questions,ec57c52a-713b-4fad-8d75-95cceea09192,Numbers & Counting,A triangle has ___ sides.,สามเหลี่ยมมี ___ ด้าน,,
quiz_questions,ed18e651-0309-4d2d-a5e4-55690d1c6d69,Numbers & Counting,You have ___ nose.,คุณมีจมูก ___ จมูก,,
quiz_questions,edc77b0a-10f4-4d79-8548-f565425967e1,Numbers & Counting,Three plus three is ___.,สามบวกสามเท่ากับ ___,,
quiz_questions,efaae280-3671-4972-a4d5-0a00090e8626,Numbers & Counting,"Four, five, ___!",สี่ ห้า ___!,,
quiz_questions,f41361b5-9d32-4ddd-a9e4-46479f39d5c4,Numbers & Counting,A tricycle has ___ wheels.,จักรยานสามล้อมีล้อ ___ ล้อ,,
quiz_questions,f6c4a39a-5fab-4d9a-9fcb-dd07572d9c14,Numbers & Counting,A car has ___ wheels.,รถยนต์มีล้อ ___ ล้อ,,
quiz_questions,002d5ccd-fddc-4ec4-8b06-6822b70fac55,Phonics Sounds,Which picture has the Short E sound?,รูปใดมีเสียง Short E?,,
quiz_questions,01461397-5928-43f7-ba58-4198266ef3a0,Phonics Sounds,Which word has the OI sound?,คำใดมีเสียง OI?,,
quiz_questions,021c5e1f-625f-4ece-820f-7d92034f4d07,Phonics Sounds,ROPE has the long ___ sound,ROPE มีเสียงสระยาว ___,,
quiz_questions,02e10a86-b9a5-485e-9f7b-c0311a5618e2,Phonics Sounds,STAR has the ___ r-controlled vowel sound,STAR มีเสียงสระควบ ___,,
quiz_questions,0fedb5fa-0b26-4bc8-b5a4-2abe8bd278ed,Phonics Sounds,Which picture has the Long E sound?,รูปใดมีเสียง Long E?,,
quiz_questions,105f6821-b14c-4603-a6f6-d5383889ab01,Phonics Sounds,RUG has the short ___ sound,RUG มีเสียงสระสั้น ___,,
quiz_questions,17bda5e6-1e9c-4241-9674-11daae6a18bf,Phonics Sounds,The word WHALE starts with the ___ sound,คำว่า WHALE เริ่มต้นด้วยเสียง ___,,
quiz_questions,18784da9-0fb9-4445-9eac-a25ce3301214,Phonics Sounds,Which word has the LONG O sound?,คำใดมีเสียง LONG O?,,
quiz_questions,197c74a1-d612-4dd7-8004-9db2144cd720,Phonics Sounds,Which word has the SHORT E sound?,คำใดมีเสียง SHORT E?,,
quiz_questions,1d0408ef-187f-4987-81af-9eca06ba53e5,Phonics Sounds,Which picture has the Short I sound?,รูปใดมีเสียง Short I?,,
quiz_questions,1ea363e0-0662-4f8d-a486-2363598269b2,Phonics Sounds,Which word starts with the TH sound?,คำใดเริ่มต้นด้วยเสียง TH?,,
quiz_questions,28a64058-1acd-4ded-8642-1856d675ff59,Phonics Sounds,Which picture shows something with the OI sound?,รูปใดแสดงสิ่งที่มีเสียง OI?,,
quiz_questions,34e3b8d4-6c06-4d2b-9ff3-9d007040332c,Phonics Sounds,Which word has the SHORT I sound?,คำใดมีเสียง SHORT I?,,
quiz_questions,356020d6-b9e4-452c-b6cc-5370ac0442c6,Phonics Sounds,Which picture shows something with the CK sound?,รูปใดแสดงสิ่งที่มีเสียง CK?,,
quiz_questions,3c88262a-cd8e-4a87-b0b9-3c06c8ddd76c,Phonics Sounds,Which word has the SHORT U sound?,คำใดมีเสียง SHORT U?,,
quiz_questions,42e9d3fd-f3c2-4290-844d-71a24a8dc0d2,Phonics Sounds,Which picture has the Long U sound?,รูปใดมีเสียง Long U?,,
quiz_questions,466e1d70-3e58-494e-a03b-b2a559b363e0,Phonics Sounds,Which picture has the Long A sound?,รูปใดมีเสียง Long A?,,
quiz_questions,50e26f46-b3e9-4ac7-ae0b-d280a7bf75aa,Phonics Sounds,Which word starts with the PH sound (like F)?,คำใดเริ่มต้นด้วยเสียง PH (เหมือน F)?,,
quiz_questions,54116e10-3e8d-4120-b542-4b675edfe103,Phonics Sounds,Which word has the LONG U sound?,คำใดมีเสียง LONG U?,,
quiz_questions,5a1f018d-d952-4274-883c-e9a6b6942e3b,Phonics Sounds,Which word has the OR sound?,คำใดมีเสียง OR?,,
quiz_questions,65017828-431c-4822-8b99-5043039e662c,Phonics Sounds,Which word has the OW sound as in COW?,คำใดมีเสียง OW เหมือนคำว่า COW?,,
quiz_questions,65196d9b-57da-43ab-aba6-7add7ad5f4ac,Phonics Sounds,Which picture has the Short U sound?,รูปใดมีเสียง Short U?,,
quiz_questions,66087f13-94de-4ae2-9fbd-84e9ae2e07bb,Phonics Sounds,Which picture shows something with the SH sound?,รูปใดแสดงสิ่งที่มีเสียง SH?,,
quiz_questions,66dbaab1-4792-4764-a417-793985edb0ed,Phonics Sounds,Which picture shows something with the AR sound?,รูปใดแสดงสิ่งที่มีเสียง AR?,,
quiz_questions,6b020265-a746-41ad-a864-3702f91ab01b,Phonics Sounds,Which word has the LONG I sound?,คำใดมีเสียง LONG I?,,
quiz_questions,6d8f9750-6e56-4fe5-b30f-b6f8b731e60f,Phonics Sounds,BIKE has the long ___ sound,BIKE มีเสียงสระยาว ___,,
quiz_questions,710476f7-bd1d-49e4-8634-4748e6e3878f,Phonics Sounds,FORK has the ___ r-controlled vowel sound,FORK มีเสียงสระควบ ___,,
quiz_questions,73533c47-c049-4e42-b9d4-b0da801ee576,Phonics Sounds,Which picture shows something with the TH sound?,รูปใดแสดงสิ่งที่มีเสียง TH?,,
quiz_questions,74d81d45-a245-4d86-867b-63bb95276e8d,Phonics Sounds,RAIN has the long ___ sound,RAIN มีเสียงสระยาว ___,,
quiz_questions,76a9abcc-9e52-42dd-8e32-eab93600355c,Phonics Sounds,Which picture shows something with the OO sound as in MOON?,รูปใดแสดงสิ่งที่มีเสียง OO เหมือน MOON?,,
quiz_questions,84c5ab7e-1eef-4272-a601-9ff986f2bec7,Phonics Sounds,Which word has the LONG E sound?,คำใดมีเสียง LONG E?,,
quiz_questions,860fd92b-0973-4bfc-8ec7-6514c41f39d4,Phonics Sounds,PEN has the short ___ sound,PEN มีเสียงสระสั้น ___,,
quiz_questions,86987181-0ee4-4ef7-ae11-695b414b3655,Phonics Sounds,Which picture has the Short A sound?,รูปใดมีเสียง Short A?,,
quiz_questions,88563b88-6a76-4b81-86d8-c967b42183db,Phonics Sounds,GIRL has the ___ r-controlled vowel sound,GIRL มีเสียงสระควบ ___,,
quiz_questions,8897b082-ac67-4b87-9e32-8e4e920629ed,Phonics Sounds,Which word has the AR sound?,คำใดมีเสียง AR?,,
quiz_questions,a9e7c628-9e5e-4aab-9b0f-5228806c9e18,Phonics Sounds,The word DUCK ends with the ___ sound,คำว่า DUCK ลงท้ายด้วยเสียง ___,,
quiz_questions,af11d425-a29f-464a-8c65-96eca67f3bfb,Phonics Sounds,Which word has the LONG A sound?,คำใดมีเสียง LONG A?,,
quiz_questions,afa23609-074b-4300-a1c9-b9d18f33b8e4,Phonics Sounds,The word SHIP starts with the ___ sound,คำว่า SHIP เริ่มต้นด้วยเสียง ___,,
quiz_questions,b58da839-0d33-4015-8ac3-7e4981172544,Phonics Sounds,Which word has the IR sound?,คำใดมีเสียง IR?,,
quiz_questions,be28b6c0-3909-4b36-9bcf-bc5a8897f248,Phonics Sounds,Which picture has the Long O sound?,รูปใดมีเสียง Long O?,,
quiz_questions,c2bc45b2-6111-46b1-9d81-35c6c941d323,Phonics Sounds,Which picture shows something with the CH sound?,รูปใดแสดงสิ่งที่มีเสียง CH?,,
quiz_questions,c4af260b-50c2-44a0-8a0e-e9d200810f8b,Phonics Sounds,Which word starts with the SH sound?,คำใดเริ่มต้นด้วยเสียง SH?,,
quiz_questions,c78e34d5-588c-49bc-84cd-22ff44f571cf,Phonics Sounds,Which word has the SHORT O sound?,คำใดมีเสียง SHORT O?,,
quiz_questions,c7a66ee4-f98d-4846-9f97-6844b866c8be,Phonics Sounds,Which picture has the Long I sound?,รูปใดมีเสียง Long I?,,
quiz_questions,c827192b-de16-4f40-930b-db0ec925ef0f,Phonics Sounds,The word CHAIR starts with the ___ sound,คำว่า CHAIR เริ่มต้นด้วยเสียง ___,,
quiz_questions,cdc2332e-8ce3-481d-bce9-1f344b5fd9d2,Phonics Sounds,The word THINK starts with the ___ sound,คำว่า THINK เริ่มต้นด้วยเสียง ___,,
quiz_questions,d0d6077a-70d5-4dcd-bef3-c70b0e9cdf2f,Phonics Sounds,CAT has the short ___ sound,CAT มีเสียงสระสั้น ___,,
quiz_questions,d8106fb8-d0f9-4716-8359-30eb5279acc1,Phonics Sounds,SIT has the short ___ sound,SIT มีเสียงสระสั้น ___,,
quiz_questions,d9fdf4e7-2baa-4e6d-8b40-d331614ec6cc,Phonics Sounds,The word PHONE starts with the ___ sound,คำว่า PHONE เริ่มต้นด้วยเสียง ___,,
quiz_questions,dc4d0bdf-bab5-4d56-b4fb-c36ffbe46f4d,Phonics Sounds,Which word starts with the CH sound?,คำใดเริ่มต้นด้วยเสียง CH?,,
quiz_questions,dd36bab2-d158-4bfc-a258-3a0b4cba3a46,Phonics Sounds,BOY has the ___ diphthong sound,BOY มีเสียงสระประสม ___,,
quiz_questions,e04c75a6-f19c-4796-8eb1-59fc369fa6d6,Phonics Sounds,Which word has the SHORT A sound?,คำใดมีเสียง SHORT A?,,
quiz_questions,e34cc526-6ec2-46f6-9cb4-0b69f747fe27,Phonics Sounds,CLOUD has the ___ diphthong sound,CLOUD มีเสียงสระประสม ___,,
quiz_questions,e96bcb34-c58e-4f11-809d-9717b817905d,Phonics Sounds,DOG has the short ___ sound,DOG มีเสียงสระสั้น ___,,
quiz_questions,ed948f20-6042-4356-b78c-34752fc28939,Phonics Sounds,Which picture shows something with the ER sound?,รูปใดแสดงสิ่งที่มีเสียง ER?,,
quiz_questions,ede25e7d-cafc-4ba2-9f78-7c4c1ebcf748,Phonics Sounds,Which picture has the Short O sound?,รูปใดมีเสียง Short O?,,
quiz_questions,f18cd407-6aba-4efe-b414-bac943cccac9,Phonics Sounds,The word RING ends with the ___ sound,คำว่า RING ลงท้ายด้วยเสียง ___,,
quiz_questions,f3979b2b-c367-4da5-bb98-51e417bc6a5d,Phonics Sounds,Which picture shows something with the OW sound?,รูปใดแสดงสิ่งที่มีเสียง OW?,,
quiz_questions,f4e1cbab-f875-4d4b-a36d-95180c570d32,Phonics Sounds,Which word ends with the NG sound?,คำใดลงท้ายด้วยเสียง NG?,,
quiz_questions,fa086ecd-f162-47b9-bbbd-9be02e068c94,Phonics Sounds,Which picture shows something with the WH sound?,รูปใดแสดงสิ่งที่มีเสียง WH?,,
quiz_questions,042ea67b-8a81-48bb-94b3-35f8ab406bd4,At School,"Oops, a mistake! Use your ___.",อุ๊ปส์ เขียนผิด! ใช้ ___ ของคุณสิ,,
quiz_questions,13115090-e205-481c-9712-7e52ce3a9ee2,At School,The ___ makes pencil marks disappear.,___ ทำให้รอยดินสอหายไป,,
quiz_questions,16eba78c-c28d-42f9-b891-1e79c80190ff,At School,You stick paper together with ___.,คุณติดกระดาษเข้าด้วยกันด้วย ___,,
quiz_questions,18eaab15-518a-44f0-b28f-ac9f3f1a7bb0,At School,The school library has many ___s to read.,ห้องสมุดโรงเรียนมี ___ ให้อ่านมากมาย,,
quiz_questions,1b365373-43cb-455f-bdda-c155d47004b3,At School,Rub the ___ on the paper to fix your mistake.,ถู ___ บนกระดาษเพื่อแก้ที่ผิด,,
quiz_questions,271bb3a7-5df9-4952-9127-e63572215abe,At School,I carry my books in my ___.,ฉันใส่หนังสือใน ___,,
quiz_questions,3262b0eb-4c48-4935-8b5e-8b91b98187d0,At School,Zip up your ___ so nothing falls out.,รูดซิป ___ เพื่อไม่ให้ของหล่น,,
quiz_questions,390ecc17-efc7-4dad-8735-80494b24f438,At School,You draw a straight line with a ___.,คุณขีดเส้นตรงด้วย ___,,
quiz_questions,4667f0fd-c153-43e3-84d7-11a76a783bb5,At School,Put your lunch box in your ___.,ใส่กล่องข้าวใน ___ ของคุณ,,
quiz_questions,46de4ae0-e193-45d9-ad35-3b2078560882,At School,I read a ___ about animals.,ฉันอ่าน ___ เกี่ยวกับสัตว์,,
quiz_questions,57867b6f-68b7-4948-9104-83dbc3c6279a,At School,"The ___ is big, dark, and on the wall.",___ ใหญ่ สีเข้ม และอยู่บนผนัง,,
quiz_questions,63039feb-fb8e-4f7d-896a-75c5bdbc9e43,At School,The ___ writes with blue or black ink.,___ เขียนด้วยหมึกสีน้ำเงินหรือสีดำ,,
quiz_questions,6bf8ecf0-d541-420f-8bc4-99e855183d74,At School,Cut along the line with your ___.,ตัดตามเส้นด้วย ___ ของคุณ,,
quiz_questions,6c2657a8-a872-43ab-9e11-46851921fe64,At School,Open your ___ to page ten.,เปิด ___ ของคุณไปหน้าสิบ,,
quiz_questions,6d27f4a3-f1df-437c-bc2c-4f74fdcb7941,At School,Draw a picture on a piece of ___.,วาดภาพบนแผ่น ___,,
quiz_questions,6f9bdf66-ae39-4f80-bec5-47de0ec4ab06,At School,Put your pencil down on your ___.,วางดินสอลงบน ___ ของคุณ,,
quiz_questions,727a03ed-f150-4720-9a7b-984c01b39c14,At School,The ___ is sticky.,___ เหนียวมาก,,
quiz_questions,756792d4-244c-4910-a1ab-4220dcc8cf14,At School,I wear my ___ on my back to school.,ฉันสะพาย ___ บนหลังไปโรงเรียน,,
quiz_questions,7a1cfef6-f809-4029-88dd-f0d240567ab6,At School,You write and draw on ___.,คุณเขียนและวาดบน ___,,
quiz_questions,7a685b8d-fb2e-48bf-93cd-aa6d9a6ac2e1,At School,The teacher writes on the ___ with chalk.,คุณครูเขียนบน ___ ด้วยชอล์ก,,
quiz_questions,7aadbd5f-6bed-491a-8ff8-9901454ceaaa,At School,The ___ has many pages and a story.,___ มีหลายหน้าและมีเรื่องราว,,
quiz_questions,912b3191-f543-40a7-95d0-dea43258b439,At School,The ___ is white and thin.,___ สีขาวและบาง,,
quiz_questions,93f387ed-b7cd-4f38-a09d-f40785103261,At School,A ___ is made of wax and colors brightly.,___ ทำจากขี้ผึ้งและให้สีสดใส,,
quiz_questions,991fce26-a173-4b24-89ce-3ce120a01af5,At School,Use a ___ to see how many centimeters.,ใช้ ___ เพื่อดูว่ากี่เซนติเมตร,,
quiz_questions,99697fa2-8be5-456d-a370-704dea92e30f,At School,Sharpen your ___ when it gets dull.,เหลา ___ เมื่อมันทื่อ,,
quiz_questions,9a06ef22-797b-4491-94fd-1ce3bc6390d3,At School,Crayons come in many ___,สีเทียนมีหลาย___,,
quiz_questions,9c77a60e-4a64-4393-9f9c-341aeaf6e976,At School,You cut paper with ___.,คุณตัดกระดาษด้วย ___,,
quiz_questions,9d156e01-761f-4c07-b946-de15dbfb44b9,At School,We pack our ___ before school,เราจัด___ก่อนไปโรงเรียน,,
quiz_questions,a1ad1188-479b-4006-b973-be45528d9205,At School,I sit at my ___ in the classroom.,ฉันนั่งที่ ___ ในห้องเรียน,,
quiz_questions,a3f1787d-532b-42fe-986f-660a35ae8016,At School,A ___ writes in ink,___เขียนด้วยหมึก,,
quiz_questions,a3f9b762-6256-429b-a664-a79e1836d59f,At School,The teacher signs her name with a ___.,คุณครูเซ็นชื่อด้วย ___,,
quiz_questions,a70df85a-aa31-475c-9220-493152d63f42,At School,My favorite ___ is about animals,___เล่มโปรดของฉันเกี่ยวกับสัตว์,,
quiz_questions,a84cc99e-f74d-4c1b-803d-508c3b78fe63,At School,The ___ is at the front of the classroom,___อยู่ด้านหน้าห้องเรียน,,
quiz_questions,ab24c2ae-24cc-4d79-a969-e94338ed6e89,At School,Use ___ to make your art project stick.,ใช้ ___ เพื่อให้งานศิลปะติดกัน,,
quiz_questions,ba56dc98-2edf-4562-ae02-5a11250fb68f,At School,The teacher writes on the ___,ครูเขียนบน___,,
quiz_questions,bbcaf418-8af4-4b89-b94c-c189f5d1c008,At School,I write with a ___ and can erase my mistakes.,ฉันเขียนด้วย ___ และลบที่ผิดได้,,
quiz_questions,bfcc1cff-0ccd-4ccb-b4bf-1bd623d06081,At School,We learn new words from a ___,เราเรียนคำศัพท์ใหม่จาก___,,
quiz_questions,c69e650e-f17e-4714-ab73-bc4025039a89,At School,We hang our ___ on the hook,เราแขวน___ไว้ที่ตะขอ,,
quiz_questions,c7916f40-f75f-43fb-a34a-2e8e67661e4c,At School,The ___ comes in many colors like red and blue.,___ มีหลายสี เช่น แดงและน้ำเงิน,,
quiz_questions,ca3399a5-e695-4150-9d2c-0d6b5fd72ed2,At School,Open and close the ___ to cut.,อ้าและหุบ ___ เพื่อตัด,,
quiz_questions,d003e438-3b4d-43bf-9e6f-50863cfa43b3,At School,Look at the ___ to see today's lesson.,ดูที่ ___ เพื่อดูบทเรียนวันนี้,,
quiz_questions,d13ab4a4-2caa-4800-9e8e-bedd06ec31a0,At School,We draw a rainbow with ___,เราวาดสายรุ้งด้วย___,,
quiz_questions,d3323a9d-8f21-41ac-ae87-bd103782a159,At School,The teacher tells us to open our ___,ครูบอกให้เราเปิด___,,
quiz_questions,d430378b-a389-42bf-a0fc-71967deacb83,At School,I color my picture with a ___.,ฉันระบายสีภาพด้วย ___,,
quiz_questions,d4c05c13-6090-4a1e-beba-c5b9deec3acd,At School,You cannot erase ___ marks.,คุณลบรอย ___ ไม่ได้,,
quiz_questions,d720c17b-5f0e-4fb5-8078-e0c55b864f25,At School,We sharpen a ___ to make it pointy,เราเหลา___ให้แหลม,,
quiz_questions,d956c572-6d1d-4d25-8334-e717eca13e6d,At School,We write the alphabet with a ___,เราเขียนตัวอักษรด้วย___,,
quiz_questions,da186f30-5185-43d8-b2f7-27ac6dfdd06d,At School,Each student has a ___ and a chair.,นักเรียนแต่ละคนมี ___ และเก้าอี้,,
quiz_questions,de70d8a4-9262-4630-903b-53ccc4301aca,At School,We write and draw on ___,เราเขียนและวาดบน___,,
quiz_questions,ded4a029-25ef-43d4-8d35-dd4f3bee2088,At School,___ are sharp — be careful!,___ คมมาก — ระวังด้วย!,,
quiz_questions,df30f173-d0e4-4df0-9eab-695438bcf065,At School,The ___ writes in gray and has an eraser on top.,___ เขียนสีเทาและมียางลบอยู่ด้านบน,,
quiz_questions,e4039df8-2b44-4bcd-bf5d-be96c685909d,At School,The ___ measures how long things are.,___ ใช้วัดความยาวของสิ่งของ,,
quiz_questions,f47428e0-c6b8-4e7b-86ae-7c26320d7d4f,At School,Fold the ___ to make a paper airplane.,พับ ___ เพื่อทำเครื่องบินกระดาษ,,
quiz_questions,f6cf62d6-72de-4d09-8d10-882680912d10,At School,We stick things together with ___,เราติดของเข้าด้วยกันด้วย___,,
quiz_questions,f769418f-2285-4065-b345-2e8fbc36a3e3,At School,We keep our things inside the ___,เราเก็บของไว้ในนั้น___,,
quiz_questions,f9699274-0045-4177-bd90-a696d6876ac5,At School,We draw a circle with a ___,เราวาดวงกลมด้วย___,,
quiz_questions,fd87d81c-9c9e-473d-a91b-2c7ce16ceb5a,At School,A ___ has many pages to read,___มีหลายหน้าให้อ่าน,,
quiz_questions,fee8d111-5af9-48ee-a148-2039e89c192a,At School,The ___ makes pencil marks disappear,___ทำให้รอยดินสอหายไป,,
quiz_questions,fefe0548-b8fc-40e6-bdb3-753f1132bfa3,At School,We use a ___ to draw straight lines,เราใช้___วาดเส้นตรง,,
quiz_questions,ff5522d0-ecf2-4b95-ad06-9eafaeb1e5a3,At School,The math ___ has numbers in it,___คณิตศาสตร์มีตัวเลขอยู่ข้างใน,,
quiz_questions,01b5b76a-fd98-4a21-b44e-b464b690ef9e,Adjectives,The turtle's shell is ___.,กระดองเต่า ___,,
quiz_questions,0210bf5b-7151-4449-a842-01d69a65eb50,Adjectives,A rock is ___.,ก้อนหิน ___,,
quiz_questions,0442e904-fc6a-4823-ab59-2c7b368b09d5,Adjectives,That joke was so ___!,มุกนั้น ___ มาก!,,
quiz_questions,066cc67c-f7bd-4bb0-b4de-235932d6c41a,Adjectives,Paper is thin and ___.,กระดาษบางและ ___,,
quiz_questions,083a9438-1591-46c3-bdfa-9f5cef133cf5,Adjectives,The wall is ___ like a rock,กำแพงนั้น ___ เหมือนหิน,,
quiz_questions,09ef6680-3e20-4e65-8649-228087a8ccfb,Adjectives,A piece of paper is ___,กระดาษแผ่นหนึ่งนั้น ___,,
quiz_questions,0c3cf532-7107-4423-baca-e668cfb33ba8,Adjectives,He knows all the answers. He is ___.,เขารู้คำตอบทุกข้อ เขา ___,,
quiz_questions,1803a640-2574-46a0-b9dc-e47f11a48c32,Adjectives,Candy is ___.,ลูกอม ___,,
quiz_questions,1a8a2150-9d05-4eb3-a1c2-53231d0842c3,Adjectives,The table top is ___.,พื้นโต๊ะ ___,,
quiz_questions,1c868782-ec49-4577-9f4f-35c96c2d051a,Adjectives,Honey tastes ___.,น้ำผึ้งรส ___,,
quiz_questions,2180934e-af61-467e-ba5a-1eb01e35f76d,Adjectives,The soldier is very ___,ทหารนั้น ___ มาก,,
quiz_questions,2b8b9610-def7-4afe-baa4-89058b1d1a6c,Adjectives,The ___ movie made everyone laugh,หนัง ___ ทำให้ทุกคนหัวเราะ,,
quiz_questions,30d8b02d-2865-47a5-9bab-d4fa23573ff7,Adjectives,A diamond is very ___,เพชรนั้น ___ มาก,,
quiz_questions,38a08b9b-e4ce-451a-b820-d9afdbe672ff,Adjectives,The kitten's fur feels ___.,ขนลูกแมวรู้สึก ___,,
quiz_questions,39186ad2-ca7e-4879-a9e1-0dea7a5b23fa,Adjectives,The ice is ___ — we can slide on it!,น้ำแข็ง ___ — เราลื่นไถลบนมันได้!,,
quiz_questions,3aa358cb-19d8-4b7a-833d-e28286f92f3e,Adjectives,The baby's skin is very ___.,ผิวของเด็กทารก ___ มาก,,
quiz_questions,3e5c0cde-9d5b-4c87-8d19-a39bbb7ac139,Adjectives,The pillow is ___ and fluffy.,หมอน ___ และฟูนุ่ม,,
quiz_questions,4033228d-5326-4963-bd06-7d5c07072596,Adjectives,Wheels are ___ so they can roll.,ล้อ ___ มันเลยกลิ้งได้,,
quiz_questions,4549c2bb-628b-4cf0-8418-c66df7304e4c,Adjectives,The full moon is ___.,พระจันทร์เต็มดวง ___,,
quiz_questions,466f01e3-2dc7-45eb-9315-345d309bd96c,Adjectives,Sandpaper feels ___.,กระดาษทรายรู้สึก ___,,
quiz_questions,4a0e98f0-3b8e-4584-9aea-178534d588f9,Adjectives,The tree bark is ___ and bumpy.,เปลือกไม้ ___ และขรุขระ,,
quiz_questions,5126960b-27ef-418c-b278-fc3a19bd94b2,Adjectives,You cannot squeeze a brick — it is ___.,คุณบีบก้อนอิฐไม่ได้ — มัน ___,,
quiz_questions,51bf7a64-1f09-4161-86bf-9765a2d8ae51,Adjectives,A kitten's fur is very ___,ขนของลูกแมวนั้น ___ มาก,,
quiz_questions,57bc9d63-790a-4f91-8772-c6de0312951e,Adjectives,The birthday cake is ___ and yummy.,เค้กวันเกิด ___ และอร่อย,,
quiz_questions,5bf44c7c-7def-49c1-a218-84742595f253,Adjectives,The old road was very ___,ถนนเก่านั้น ___ มาก,,
quiz_questions,5d891931-6d5a-46a0-90f7-f15d4b77d254,Adjectives,The ice rink is very ___,ลานสเก็ตน้ำแข็งนั้น ___ มาก,,
quiz_questions,6a589789-709f-4508-947c-a9811d649afa,Adjectives,The Earth is ___,โลกนั้น ___,,
quiz_questions,6c3c4215-e277-4978-825f-9f09d13a2124,Adjectives,I am ___ — I am not afraid of the dark!,ฉัน ___ — ฉันไม่กลัวความมืด!,,
quiz_questions,71862a68-d78b-4012-a9de-86d37822a2bd,Adjectives,A ___ person says nice words.,คน ___ พูดจาไพเราะ,,
quiz_questions,7faa1a64-4258-4b93-ba3a-4a9ed27193d7,Adjectives,The knight fights the dragon. He is ___.,อัศวินสู้กับมังกร เขา ___,,
quiz_questions,827c7bf9-30e5-4a52-891a-7813e6a32fe2,Adjectives,She shares her toys and helps everyone. She is ___.,เธอแบ่งของเล่นและช่วยเหลือทุกคน เธอ ___,,
quiz_questions,83252ad2-9502-4fc5-9ab1-df5f85848c43,Adjectives,A ball is ___.,ลูกบอล ___,,
quiz_questions,88a9843f-7cd3-4ea1-9152-2f6d7210f8f1,Adjectives,The green mango tastes ___.,มะม่วงดิบรส ___,,
quiz_questions,89a15c3d-81e1-4c8c-ab79-4b1ca333691c,Adjectives,My teacher is very ___ to everyone,ครูของฉัน ___ กับทุกคนมาก,,
quiz_questions,8f5a49b7-fd07-4ec0-81ac-a9db83535845,Adjectives,A baby's skin is very ___,ผิวของทารกนั้น ___ มาก,,
quiz_questions,8fa3b426-1988-42ce-9a31-426b328af20d,Adjectives,Tree bark feels ___,เปลือกไม้สัมผัสได้ ___,,
quiz_questions,919dabb2-973c-4a79-a73b-5e2da745cc0a,Adjectives,Vinegar tastes very ___,น้ำส้มสายชูมีรสชาติ ___ มาก,,
quiz_questions,936d11de-455d-4e20-a7f8-007f2c24388e,Adjectives,The clown makes us laugh. He is ___.,ตัวตลกทำให้เราหัวเราะ เขา ___,,
quiz_questions,a05ccbda-f3bd-4169-be5a-494d6faa59d4,Adjectives,The firefighter runs into the fire to save people. He is ___.,นักดับเพลิงวิ่งเข้ากองไฟเพื่อช่วยคน เขา ___,,
quiz_questions,a4f8cb20-cfad-4fcc-82f7-d554b54d135f,Adjectives,Honey is very ___,น้ำผึ้งนั้น ___ มาก,,
quiz_questions,a74381ea-bf68-4738-9202-587d1e70719f,Adjectives,The ___ student reads many books.,นักเรียนที่ ___ อ่านหนังสือเยอะ,,
quiz_questions,ab572178-fee2-4849-af84-b4a08551d742,Adjectives,A marshmallow is ___ and squishy.,มาร์ชเมลโลว์ ___ และนุ่มหยุ่น,,
quiz_questions,abb679e7-8a20-4a67-b93f-175808fc8193,Adjectives,The teddy bear is ___ and cuddly,ตุ๊กตาหมีนั้น ___ และน่ากอด,,
quiz_questions,bbb85063-5ddf-4363-8444-2bc2b7201ce1,Adjectives,Ice cream tastes ___,ไอศกรีมมีรสชาติ ___,,
quiz_questions,bbe9fc32-3a2b-4f98-88f2-f12fc6103ba3,Adjectives,The ___ student answered all the questions,นักเรียนที่ ___ ตอบคำถามได้ทุกข้อ,,
quiz_questions,bcf1d050-69c5-4b4e-ac5e-cf44fd4492b6,Adjectives,He got 100 on the test because he is ___,เขาได้ 100 คะแนนในการสอบเพราะเขา ___,,
quiz_questions,c5a1bd10-3bdb-4acb-be26-bb887c05854f,Adjectives,A pancake is ___.,แพนเค้ก ___,,
quiz_questions,cdcab4ab-c4c8-4239-bab2-60d594fa2088,Adjectives,My joke is ___ — everyone laughs!,มุกของฉัน ___ — ทุกคนหัวเราะ!,,
quiz_questions,d5c85ca7-5ac4-4a5c-ab3e-b666e46c1fc9,Adjectives,The comedian is very ___,นักแสดงตลกนั้น ___ มาก,,
quiz_questions,d71827c7-bf35-4ff0-a37f-278ad3ca8b72,Adjectives,A ___ knight fights the dragon,อัศวินที่ ___ ต่อสู้กับมังกร,,
quiz_questions,d741cbf0-e6de-40db-8280-58c7ba03671d,Adjectives,Glass feels ___ and slippery.,กระจกรู้สึก ___ และลื่น,,
quiz_questions,d9b71de9-8ea7-4a46-9208-a25ed61a5709,Adjectives,The green apple tastes ___,แอปเปิ้ลเขียวมีรสชาติ ___,,
quiz_questions,dcdb52b6-3fcc-4833-a14c-a11f9e869845,Adjectives,Thank you for helping me! You are so ___.,ขอบคุณที่ช่วยฉัน! คุณ ___ มาก,,
quiz_questions,de257268-9694-44fa-baf2-762bf8de820d,Adjectives,The table top is ___ and smooth,หน้าโต๊ะนั้น ___ และเรียบ,,
quiz_questions,dedfdaad-ec8f-42f9-b6cd-15742440028e,Adjectives,An orange is ___ like a ball,ส้มนั้น ___ เหมือนลูกบอล,,
quiz_questions,e007da1a-d9c2-449c-a62b-4e869f892b5d,Adjectives,"The old road is ___, so the car bumps up and down.",ถนนเก่า ___ รถเลยกระเด้งขึ้นลง,,
quiz_questions,f2bc669b-cdf2-40c7-ad18-18637c9b7176,Adjectives,She helped her friend because she is ___,เธอช่วยเพื่อนเพราะเธอ ___,,
quiz_questions,f2e38f17-188b-42a5-a96d-37d48560dd9a,Adjectives,A lemon is ___.,มะนาว ___,,
quiz_questions,fa4bdc6d-cbd2-4037-b0d7-c552776a6dfb,Adjectives,Owls are ___ birds.,นกฮูกเป็นนกที่ ___,,
quiz_questions,ff16fdbd-3406-45db-9521-f295420f4627,Adjectives,I make a funny face when I eat something ___.,ฉันทำหน้าเหยเกเวลากินของ ___,,
quiz_questions,0177582f-eb23-4a8e-a961-a950fc5cd1da,Countable & Uncountable,Read ___ books — they are good for you!,อ่านหนังสือให้ ___ ขึ้น — มันดีต่อคุณ!,,
quiz_questions,032b957d-331b-40d7-800d-c0244f181c3d,Countable & Uncountable,There is ___ rice in the bowl.,มีข้าว ___ ในชาม,,
quiz_questions,05b7f1bc-1c55-4ade-986b-adee8c78f530,Countable & Uncountable,How ___ juice is in the bottle?,มีน้ำผลไม้ ___ ในขวด?,,
quiz_questions,0bcd8c39-0f37-4889-b4be-25b2a4bdb8b3,Countable & Uncountable,Please use ___ sugar.,กรุณาใช้น้ำตาล ___ ลง,,
quiz_questions,0e702aee-8276-48c9-84fc-1b0b4284f61b,Countable & Uncountable,Put ___ milk in my cereal — just a tiny bit.,ใส่นม ___ ในซีเรียลของฉัน — แค่นิดเดียว,,
quiz_questions,0eaa7c00-2e55-427b-ad7e-bce439a92bc2,Countable & Uncountable,He has ___ books than me.,เขามีหนังสือ ___ กว่าฉัน,,
quiz_questions,110ef3b9-4230-4838-8ff5-f3d7354bbc95,Countable & Uncountable,I drink ___ juice than my brother.,ฉันดื่มน้ำผลไม้ ___ กว่าพี่ชาย,,
quiz_questions,1243d706-3ba8-45d8-b989-e8c1390dcfb6,Countable & Uncountable,There is ___ sand on the beach — you cannot count it!,มีทราย ___ บนชายหาด — นับไม่ได้เลย!,,
quiz_questions,1aef87c6-79ca-49b6-ac48-7e722f239fc7,Countable & Uncountable,How ___ apples are there?,มีแอปเปิ้ล ___ ลูก?,,
quiz_questions,1b5df1bb-4676-472b-a3a0-3c139fbca9de,Countable & Uncountable,How ___ marbles are on the table?,มีลูกแก้ว ___ ลูกบนโต๊ะ?,,
quiz_questions,1c488c33-0de6-4605-9576-8742ca2436a8,Countable & Uncountable,How ___ milk do you want?,คุณต้องการนม ___?,,
quiz_questions,1db74539-887a-40ed-b37b-c92446694c40,Countable & Uncountable,There are a ___ of bananas at the market.,มีกล้วย ___ ที่ตลาด,,
quiz_questions,2303e35f-aceb-4a7d-88bb-2e3a7164450e,Countable & Uncountable,Would you like ___ milk?,คุณต้องการนม ___ ไหม?,,
quiz_questions,2714cd49-8887-4d1b-8260-d41cfc926fad,Countable & Uncountable,How ___ birds do you see?,คุณเห็นนก ___ ตัว?,,
quiz_questions,28f80ffc-0808-49f9-934d-c3a95fd94c3f,Countable & Uncountable,How ___ rain fell today?,วันนี้ฝนตก ___ แค่ไหน?,,
quiz_questions,296112cc-9545-486e-a65e-3f3deba4e84b,Countable & Uncountable,"I want ___ ice cream, please!",ฉันอยากได้ไอศกรีม ___ หน่อย!,,
quiz_questions,34f91b0a-75da-4d80-adf1-bd66c244f282,Countable & Uncountable,How many apples are in the empty basket? — ___.,ตะกร้าว่างมีแอปเปิ้ลกี่ลูก? — ___,,
quiz_questions,366405dc-c39e-484e-8583-e0ee4a681833,Countable & Uncountable,There is ___ juice — the bottle is full!,มีน้ำผลไม้ ___ — ขวดเต็มเลย!,,
quiz_questions,3adc5765-bbda-45e0-9d2e-5945656bd80d,Countable & Uncountable,How many cookies are left? — ___. The plate is empty.,เหลือคุกกี้กี่ชิ้น? — ___ จานว่างเปล่า,,
quiz_questions,3b6cb929-fd35-43f9-b9cd-fa85abed0ab1,Countable & Uncountable,There are ___ cookies on the plate.,มีคุกกี้ ___ บนจาน,,
quiz_questions,4514ff8a-9970-4ffb-8b61-e54f6c1d4247,Countable & Uncountable,There is too ___ sugar in my tea.,มีน้ำตาล ___ เกินไปในชาของฉัน,,
quiz_questions,452003a8-161c-425e-bc92-e7f0f30ff1a8,Countable & Uncountable,Dad bought ten more eggs. Now we have ___ eggs.,พ่อซื้อไข่มาอีกสิบฟอง ตอนนี้เรามีไข่ ___,,
quiz_questions,4730b64d-1327-4227-93f6-b5c4852935bd,Countable & Uncountable,There are ___ cookies on the plate now.,ตอนนี้มีคุกกี้ ___ ลงบนจาน,,
quiz_questions,4bc5a786-1d58-4201-9cbd-8f8508898143,Countable & Uncountable,There is ___ water in my glass than in yours.,แก้วของฉันมีน้ำ ___ กว่าแก้วของคุณ,,
quiz_questions,52d959bf-3f58-4bf0-b11b-77e6d2c07dba,Countable & Uncountable,Eat ___ candy — it is bad for your teeth!,กินขนมหวานให้ ___ ลง — มันไม่ดีต่อฟัน!,,
quiz_questions,67d4fc69-2991-49aa-945a-de2bb1305454,Countable & Uncountable,There is so ___ bread on the table.,มีขนมปัง ___ บนโต๊ะ,,
quiz_questions,75c163c2-ec05-40b2-bf7b-337806cca0b8,Countable & Uncountable,There is ___ juice in the glass.,มีน้ำผลไม้ ___ ในแก้ว,,
quiz_questions,77becabb-9df3-4f35-8e8d-0130f1808f18,Countable & Uncountable,Ten apples are ___ than two apples.,แอปเปิ้ลสิบลูก ___ กว่าแอปเปิ้ลสองลูก,,
quiz_questions,7af0eef9-20fe-4af4-99d9-16f0caa290a0,Countable & Uncountable,She has ___ cups in her bag.,เธอมีถ้วย ___ ใบในกระเป๋า,,
quiz_questions,8060b9f5-f0ee-45dd-8514-ec1e340a46b8,Countable & Uncountable,She ate ___ grapes.,เธอกินองุ่น ___ ลูก,,
quiz_questions,8349e4c5-629a-4e84-9191-d3ebf259662c,Countable & Uncountable,I have ___ strawberries.,ฉันมีสตรอว์เบอร์รี ___ ลูก,,
quiz_questions,851e6d82-43f1-4122-83d4-d4d1702223dc,Countable & Uncountable,How ___ cookies are on the plate?,มีคุกกี้ ___ ชิ้นบนจาน?,,
quiz_questions,85ea04cd-bd37-4fce-8854-5a8abcf202b0,Countable & Uncountable,He drank ___ tea.,เขาดื่มชา ___,,
quiz_questions,86697456-cac3-43f8-a7f1-600ec144edbf,Countable & Uncountable,Winter has ___ snow than summer.,ฤดูหนาวมีหิมะ ___ กว่าฤดูร้อน,,
quiz_questions,8786be7d-45be-49b6-aafc-c5589625736f,Countable & Uncountable,Can I have ___ cookies?,ขอคุกกี้ ___ ชิ้นได้ไหม?,,
quiz_questions,8e21ecf2-f7b4-4ef6-84b8-1491e40eb4d5,Countable & Uncountable,I have ___ money in my piggy bank.,ฉันมีเงิน ___ ในกระปุกออมสิน,,
quiz_questions,901e159f-a429-44d2-8a8e-0a511465f4ed,Countable & Uncountable,How ___ milk is in the pitcher?,มีนม ___ ในเหยือก?,,
quiz_questions,966793e5-ed9c-4f2a-aaa2-1a5ca0f20eaf,Countable & Uncountable,I ate five cookies. Now there are ___ cookies.,ฉันกินคุกกี้ไปห้าชิ้น ตอนนี้มีคุกกี้ ___,,
quiz_questions,97c80a44-73a2-475d-a13d-a08ea95a83f5,Countable & Uncountable,Half a glass is ___ than a full glass.,น้ำครึ่งแก้ว ___ กว่าน้ำเต็มแก้ว,,
quiz_questions,99434e37-0c24-40b8-a38f-258d8dbcd40b,Countable & Uncountable,I drink ___ milk every morning.,ฉันดื่มนม ___ ทุกเช้า,,
quiz_questions,995c6337-6d8d-4308-b0f5-2d2ecf692ab4,Countable & Uncountable,There is ___ bread than yesterday.,มีขนมปัง ___ กว่าเมื่อวาน,,
quiz_questions,99971419-a620-426e-ac3d-87b0e9ee84dc,Countable & Uncountable,"Can I have ___ apples, please? I only have two.",ขอแอปเปิ้ล ___ ได้ไหม? ฉันมีแค่สองลูก,,
quiz_questions,9b1b268d-c7b8-4000-825e-082216db1b31,Countable & Uncountable,Two apples are ___ than ten apples.,แอปเปิ้ลสองลูก ___ กว่าแอปเปิ้ลสิบลูก,,
quiz_questions,a23fc3f9-055a-40d4-9ecb-5c000e3af3d5,Countable & Uncountable,___ children like ice cream.,เด็ก ___ คนชอบไอศกรีม,,
quiz_questions,a6f8b328-8de3-4ecf-bfa1-8901432830c7,Countable & Uncountable,How ___ fingers do you have?,คุณมีนิ้ว ___ นิ้ว?,,
quiz_questions,a94e49a4-86c2-4b99-9673-324bdcee27ee,Countable & Uncountable,There are ___ eggs in this box.,กล่องนี้มีไข่ ___ ฟองกว่า,,
quiz_questions,b0cb0922-8420-422b-98bb-7250efd2c629,Countable & Uncountable,There are ___ books on the shelf.,มีหนังสือ ___ เล่มบนชั้น,,
quiz_questions,c83d8f77-55c7-4e70-ae1a-a2b799f4a724,Countable & Uncountable,How ___ eggs do we need?,เราต้องการไข่ ___ ฟอง?,,
quiz_questions,d070a23e-9485-4960-9866-1d0773910e2f,Countable & Uncountable,Add ___ sugar to the tea.,เติมน้ำตาล ___ ลงในชา,,
quiz_questions,d36d2e30-1853-4a08-9a35-d1e430ba28a4,Countable & Uncountable,We don't have ___ rice left.,เราเหลือข้าวไม่ ___,,
quiz_questions,d4843287-8b13-4e61-8838-416b21b4619f,Countable & Uncountable,Mom poured out the milk. Now there is ___ milk.,แม่เทนมออกไป ตอนนี้มีนม ___,,
quiz_questions,d91cceec-2a7a-4983-8fc6-77e92d44f928,Countable & Uncountable,"My glass is empty. I want ___ water, please.",แก้วของฉันว่างเปล่า ขอน้ำ ___ หน่อย,,
quiz_questions,dffaff68-a00c-4621-b7ab-5d5c2e243263,Countable & Uncountable,I don't have ___ time.,ฉันมีเวลาไม่ ___,,
quiz_questions,e6da3614-0087-4564-8f18-69a3e58accab,Countable & Uncountable,How ___ does the ball cost?,ลูกบอลราคา ___?,,
quiz_questions,ec79e2f9-0918-45d1-b35a-ca87c79709fa,Countable & Uncountable,"___ children are in the classroom — one, two, three!",มีเด็ก ___ คนในห้องเรียน — หนึ่ง สอง สาม!,,
quiz_questions,ecca7697-146d-43e3-a79c-d155daab6516,Countable & Uncountable,How ___ water is in the glass?,มีน้ำ ___ ในแก้ว?,,
quiz_questions,f58e485a-de5a-4834-8aaa-a1e958974c31,Countable & Uncountable,___ books are on the table.,มีหนังสือ ___ เล่มบนโต๊ะ,,
quiz_questions,f9a7a65b-1579-4e59-a616-77d2b3d01426,Countable & Uncountable,There are ___ stars in the sky.,มีดาว ___ ดวงบนท้องฟ้า,,
quiz_questions,fbbd71fc-859c-4c98-ac35-4f34884fa87c,Countable & Uncountable,I have ___ apples than you.,ฉันมีแอปเปิ้ล ___ กว่าคุณ,,
quiz_questions,fffb0190-54b8-459e-b80c-5edaaedaeda3,Countable & Uncountable,There are ___ oranges in the bag.,มีส้ม ___ ลูกในถุง,,
quiz_questions,1834d288-0be6-462f-8ed2-96a1474efe80,Buildings,We come home to our ___ every evening.,เรากลับ ___ ของเราทุกเย็น,,
quiz_questions,1893f64f-a86d-4390-9f4a-4361cac6b3e9,Buildings,"The ___ has many, many books.",___ มีหนังสือมากมาย,,
quiz_questions,1ad80c89-46de-44c2-a999-9887c4568581,Buildings,The ___ has a swimming pool for guests.,___ มีสระว่ายน้ำสำหรับแขก,,
quiz_questions,22a9fd8f-bccf-46e0-b3c3-347150a8db9e,Buildings,We borrow books from the ___.,เรายืมหนังสือจาก ___,,
quiz_questions,248055b0-55d0-4470-b67b-77facede6b75,Buildings,The chef cooks at the ___.,เชฟทำอาหารที่ ___,,
quiz_questions,2a551f3b-3503-4913-b76a-1d3253ad3ac4,Buildings,"The ___ keeper says, ""Can I help you?""","เจ้าของ ___ พูดว่า ""ให้ช่วยอะไรไหมคะ?""",,
quiz_questions,31a5cc8f-0c56-477e-972a-01e6a9cebd43,Buildings,A ___ is a home for a family.,___ คือที่อยู่ของครอบครัว,,
quiz_questions,34b7d89d-4eff-4dd2-ad76-15ed82c6defe,Buildings,The ___ has many rooms with beds.,___ มีห้องพักพร้อมเตียงมากมาย,,
quiz_questions,386db53b-4bb5-4692-add8-d66e7c59f061,Buildings,The ___ has a cross on top.,___ มีไม้กางเขนอยู่ด้านบน,,
quiz_questions,453e8fe0-faa7-482c-874e-c4a9ce4c5521,Buildings,Mom pays for milk at the ___.,แม่จ่ายเงินค่านมที่ ___,,
quiz_questions,503fdd6e-6452-41ab-b5f8-38cc01dd4d55,Buildings,Monks live at the ___.,พระสงฆ์อาศัยอยู่ที่ ___,,
quiz_questions,51d6931b-c70d-4e71-a36a-b6988c1c2a05,Buildings,The ___ has classrooms and teachers.,___ มีห้องเรียนและคุณครู,,
quiz_questions,529833f0-2059-457c-b3f4-70337a96d3cc,Buildings,Shh! Be quiet in the ___.,ชู่! เงียบๆ ใน ___,,
quiz_questions,57c520c7-0259-4f56-9bf8-65bc39c306e7,Buildings,We eat dinner at a ___.,เรากินมื้อเย็นที่ ___,,
quiz_questions,5fd2da8d-70ab-45cb-8a31-6600b08dcbfe,Buildings,The ___ has a tall bell tower.,___ มีหอระฆังสูง,,
quiz_questions,6169bbe2-5432-4365-98f0-b64ff4635cdc,Buildings,We go to ___ on Monday morning.,เราไป ___ เช้าวันจันทร์,,
quiz_questions,6189ed7b-8b4d-4c5b-b63f-b36474116316,Buildings,The golden ___ is beautiful.,___ สีทองสวยงามมาก,,
quiz_questions,6e3a4c00-f0f1-4558-a4d5-a1a7f557e00f,Buildings,The ___ keeps money safe.,___ เก็บเงินไว้อย่างปลอดภัย,,
quiz_questions,6eb574fd-7659-4016-bc07-0ae2e738a6ff,Buildings,The waiter brings food at the ___.,พนักงานเสิร์ฟนำอาหารมาที่ ___,,
quiz_questions,74b10e71-e18f-4ed5-ab0d-ac731c052307,Buildings,People sing songs at the ___ on Sunday.,ผู้คนร้องเพลงที่ ___ ในวันอาทิตย์,,
quiz_questions,7e9a957f-3c25-4519-afa4-8f8942524014,Buildings,Dad takes money out at the ___.,พ่อถอนเงินที่ ___,,
quiz_questions,800b0e1d-bfb8-4ad0-a054-34c9714606cb,Buildings,We read stories at the ___.,เราอ่านนิทานที่ ___,,
quiz_questions,82ce267b-4375-49b8-9952-bed5b8bc410b,Buildings,The ___ has a playground for kids.,___ มีสนามเด็กเล่นสำหรับเด็กๆ,,
quiz_questions,91d4ef92-0e70-4fb0-af46-538ac11ed816,Buildings,People pray at the ___ on Sunday.,ผู้คนสวดมนต์ที่ ___ ในวันอาทิตย์,,
quiz_questions,93c29568-c5ac-4ac6-9aed-c10c402dfc59,Buildings,I live in a ___ with my family.,ฉันอาศัยอยู่ใน ___ กับครอบครัว,,
quiz_questions,a4bf1fcd-f650-4fbe-9576-3052165ae765,Buildings,The ambulance goes to the ___.,รถพยาบาลไปที่ ___,,
quiz_questions,ab00d06b-162c-4c0d-9796-ae6764e780df,Buildings,My ___ has a kitchen and bedrooms.,___ ของฉันมีครัวและห้องนอน,,
quiz_questions,b061260a-d8a7-41ff-918a-a44e12f018d2,Buildings,People sing hymns at a ___.,ผู้คนร้องเพลงสรรเสริญที่ ___,,
quiz_questions,b1f474e2-9b0c-4952-8e23-bb7ce2fdf406,Buildings,You buy fruit and bread at a ___.,คุณซื้อผลไม้และขนมปังที่ ___,,
quiz_questions,b2ce6b68-7698-4564-8ef1-fe1bb8e098eb,Buildings,The ___ sells toys and candy.,___ ขายของเล่นและลูกอม,,
quiz_questions,b46384b6-0a13-4d96-b366-cdd9241c8680,Buildings,We buy things at the ___.,เราซื้อของที่ ___,,
quiz_questions,b57b0cb8-f7ab-4b02-b0a0-409e8a880588,Buildings,Where does a teacher work?,ครูทำงานที่ไหน?,,
quiz_questions,be679bdc-d6c0-41d8-b369-b41a82af844d,Buildings,You get a library card at a ___.,คุณทำบัตรห้องสมุดที่ ___,,
quiz_questions,bf32e6ff-6258-42b6-b17b-81366e5eee90,Buildings,A chef cooks in a ___.,พ่อครัวทำอาหารใน ___,,
quiz_questions,c2d9d090-6dea-4a13-9916-b7448b41cf49,Buildings,Children learn at ___.,เด็กๆ เรียนที่ ___,,
quiz_questions,c677131c-59c4-4a50-ba58-ab4e9df5f5ab,Buildings,A ___ has a cross on top.,___ มีไม้กางเขนอยู่บนหลังคา,,
quiz_questions,c8949d13-ebec-4023-9476-24f8ab9c60b4,Buildings,Take off your shoes at the ___.,ถอดรองเท้าที่ ___,,
quiz_questions,caa7845f-569e-4cc1-ae70-a46dbeba3b25,Buildings,Where do you raise your hand to answer questions?,คุณยกมือตอบคำถามที่ไหน?,,
quiz_questions,cfff74c9-fec9-4a76-84e6-a01bb6e70ed8,Buildings,Monks live in a ___.,พระสงฆ์อาศัยอยู่ใน ___,,
quiz_questions,d278bcd5-06d6-4dee-a593-22fd44b979af,Buildings,You order pizza at a ___.,คุณสั่งพิซซ่าที่ ___,,
quiz_questions,d5d46019-da34-4b38-a93f-73cb93835583,Buildings,Doctors and nurses work in a ___.,หมอและพยาบาลทำงานใน ___,,
quiz_questions,d6ac75bc-b3e2-4ee5-a6a8-8265cff56aa2,Buildings,"In Thailand, we visit the ___ to make merit.",ในประเทศไทย เราไป ___ เพื่อทำบุญ,,
quiz_questions,d8dae694-9b6b-4c09-99af-1ad01ee9db31,Buildings,Babies are born at the ___.,เด็กทารกเกิดที่ ___,,
quiz_questions,dd93a759-1c8a-42de-aa9c-58a2fc8d2a4e,Buildings,Sick people go to the ___.,คนป่วยไปที่ ___,,
quiz_questions,e183503f-9bf5-440d-88f8-23d9bb308fd1,Buildings,Travelers stay at the ___.,นักท่องเที่ยวพักที่ ___,,
quiz_questions,e1e035f4-fd52-4b63-96a8-4622f1e23394,Buildings,A ___ has a roof and walls to keep you warm.,___ มีหลังคาและผนังเพื่อให้คุณอบอุ่น,,
quiz_questions,e2639784-216f-4646-b3be-e45e198c52c2,Buildings,A ___ has a kitchen and a bedroom.,___ มีห้องครัวและห้องนอน,,
quiz_questions,e26cf552-f8f0-497f-83ea-7518a7e9d397,Buildings,Where can you read books quietly?,คุณสามารถอ่านหนังสือเงียบๆ ที่ไหน?,,
quiz_questions,e5e4876c-f1a1-4eb0-afc3-fb2a7b9b4399,Buildings,A ___ has a vault to keep money safe.,___ มีห้องนิรภัยเก็บเงิน,,
quiz_questions,e985fb5a-5bcb-4e49-a7c3-f6cb70143ae0,Buildings,We go to a ___ to eat food.,เราไป ___ เพื่อกินอาหาร,,
quiz_questions,ed78566e-f7a8-46e1-b848-532bb31eea6c,Buildings,We keep our money at the ___.,เราเก็บเงินไว้ที่ ___,,
quiz_questions,eda905d2-9818-4cb2-9411-4ea421713e0c,Buildings,People offer food to monks at a ___.,ผู้คนถวายอาหารพระที่ ___,,
quiz_questions,f15079b9-68d5-418b-a12d-352c7b56dc12,Buildings,A priest works in a ___.,บาทหลวงทำงานใน ___,,
quiz_questions,f3c20713-5d5e-4be5-bd15-2ee257e6e931,Buildings,A ___ has rooms with beds for guests.,___ มีห้องพร้อมเตียงสำหรับแขก,,
quiz_questions,f57ef812-1799-4307-a6fd-029c496611aa,Buildings,You try on new shoes at a ___.,คุณลองรองเท้าใหม่ที่ ___,,
quiz_questions,f57f8650-5d26-4844-9309-0c30ee16abec,Buildings,You can save your coins at the ___.,คุณฝากเหรียญของคุณได้ที่ ___,,
quiz_questions,f5a56b23-57a2-48dc-b4be-a22634483104,Buildings,We sleep at a ___ on vacation.,เรานอนที่ ___ ตอนไปเที่ยว,,
quiz_questions,f7580f15-10ab-49f7-828a-2bea972764a4,Buildings,We order noodles at the ___.,เราสั่งก๋วยเตี๋ยวที่ ___,,
quiz_questions,f8e52965-5a17-4a15-9ae9-be690621f4e9,Buildings,A ___ has tables and chairs for eating.,___ มีโต๊ะและเก้าอี้สำหรับกินอาหาร,,
quiz_questions,fc91b2ed-fafb-49b3-ba88-616af041f3df,Buildings,Doctors and nurses work at the ___.,หมอและพยาบาลทำงานที่ ___,,
quiz_questions,04f0fb4c-aad2-4972-b4e4-8884211d8a3a,Five Senses,It is dark. I cannot ___ anything.,มืดมาก ฉัน ___ อะไรไม่เห็นเลย,,
quiz_questions,08bad494-ac88-4390-a89c-654b2d0c9c7d,Five Senses,Take a bite and ___ the cake.,กัดหนึ่งคำแล้ว ___ เค้ก,,
quiz_questions,0a1f0fc6-b9e9-4e0e-ad7a-e055f2422783,Five Senses,I ___ the stars at night.,ฉัน ___ ดวงดาวตอนกลางคืน,,
quiz_questions,115dc510-fb3c-4693-b03a-dc32618bd262,Five Senses,I take a bite of mango and ___ it. Sweet!,ฉันกัดมะม่วงแล้ว ___ มัน หวานจัง!,,
quiz_questions,16283f72-55dd-4251-b7fe-216a0160eef0,Five Senses,The kitten is soft when I ___ it.,ลูกแมวนุ่มมากเวลาฉัน ___ มัน,,
quiz_questions,1a063f8c-f0a9-495b-819d-2762afca32b0,Five Senses,Sniff sniff! I ___ the perfume.,ฟุดฟิด! ฉัน ___ กลิ่นน้ำหอม,,
quiz_questions,1bc4c499-1a19-44ff-bc6e-a956d2a156c4,Five Senses,I ___ cookies baking. Yum!,ฉัน ___ กลิ่นคุกกี้อบ หอมจัง!,,
quiz_questions,1cf5a6f6-1a43-46d7-a67c-89366379c0ca,Five Senses,Look! Can you ___ the bird?,ดูสิ! คุณ ___ นกไหม?,,
quiz_questions,1f6f5194-9fd7-405e-b39f-a04be755c60d,Five Senses,Please do not ___ the wet paint.,กรุณาอย่า ___ สีที่ยังเปียก,,
quiz_questions,1faa9a2f-e8cf-4cd3-a84e-b08a65597821,Five Senses,I use my hands to ___.,ฉันใช้มือเพื่อ ___,,
quiz_questions,2615ba4a-9896-42fb-82bd-8b8134320bd9,Five Senses,I ___ the fresh bread from the kitchen.,ฉัน ___ กลิ่นขนมปังใหม่จากครัว,,
quiz_questions,2f56c69a-94c4-4fde-9d6e-bbcbcc45c866,Five Senses,I use my ears to ___.,ฉันใช้หูเพื่อ ___,,
quiz_questions,331456b7-4055-4db1-a5f9-814a2d2b4195,Five Senses,I use my eyes to ___.,ฉันใช้ตาเพื่อ ___,,
quiz_questions,342ab8d6-ef2e-41a3-bedb-d4ed12bc7550,Five Senses,You ___ flowers with your nose.,คุณ ___ ดอกไม้ด้วยจมูก,,
quiz_questions,3a6e1dc1-0777-482b-80e9-3d7bb0569d01,Five Senses,I ___ the dog barking.,ฉัน ___ เสียงหมาเห่า,,
quiz_questions,4a5cae0d-f7c4-4443-a022-da73314356c4,Five Senses,You ___ music with your ears.,คุณ ___ เพลงด้วยหูของคุณ,,
quiz_questions,4eb025fb-fed7-4066-8ae1-39f4e4a77992,Five Senses,You ___ things with your hands.,คุณ ___ สิ่งของด้วยมือ,,
quiz_questions,4edb9bba-de32-4af1-96b7-9edb4ecb6c3c,Five Senses,I ___ thunder far away.,ฉัน ___ เสียงฟ้าร้องไกลๆ,,
quiz_questions,528e35be-9b2a-4efa-a0a4-7cd2ab4d93cf,Five Senses,Do not ___ the hot stove!,อย่า ___ เตาร้อนๆ!,,
quiz_questions,546e9151-e2c9-43af-b2b8-7c99182de796,Five Senses,I ___ colors and shapes with my eyes.,ฉัน ___ สีและรูปทรงด้วยตา,,
quiz_questions,5691c007-b176-489b-89ec-03633bb683ed,Five Senses,Eww! I ___ something stinky!,อี๋! ฉัน ___ กลิ่นเหม็นๆ!,,
quiz_questions,5a0ef0ce-9f5d-4fd2-8f1c-31bc46e0b242,Five Senses,Mmm! I ___ the yummy food with my nose.,อืมม! ฉัน ___ กลิ่นอาหารอร่อยด้วยจมูก,,
quiz_questions,5a6a28ec-0b55-429b-ad56-c4ded402cd5b,Five Senses,Lemons ___ sour.,มะนาว ___ เปรี้ยว,,
quiz_questions,5b6415fb-2fa3-4b62-b262-a697986355f9,Five Senses,I use my nose to ___.,ฉันใช้จมูกเพื่อ ___,,
quiz_questions,73780b2f-0f6f-4a7b-b1ce-53c18954c3cb,Five Senses,We watch and ___ the movie.,เราดูและ ___ หนัง,,
quiz_questions,78e09069-3c31-4d38-bde0-b0fb3328a099,Five Senses,You ___ food with your tongue.,คุณ ___ อาหารด้วยลิ้น,,
quiz_questions,8b28ea7c-41ff-4483-891b-99868b2e5f07,Five Senses,I ___ the soft blanket.,ฉัน ___ ผ้าห่มนุ่มๆ,,
quiz_questions,a2dda94a-ee50-4314-ba0f-eceaacc75349,Five Senses,Open your eyes to ___ the world.,ลืมตาเพื่อ ___ โลก,,
quiz_questions,b05f0588-ce00-41bf-bfb2-31fd4f67f7fc,Five Senses,Candy and cake ___ sweet.,ลูกอมและเค้ก ___ หวาน,,
quiz_questions,b20b3751-aa62-4fba-af16-d7f7c30a53ba,Five Senses,"Grandpa cannot ___ well, so we speak loudly.",คุณปู่ ___ ไม่ค่อยชัด เราเลยพูดเสียงดัง,,
quiz_questions,b4657f82-2f7f-4826-9ff2-e66a40a024c6,Five Senses,You ___ a rainbow with your eyes.,คุณ ___ สายรุ้งด้วยตาของคุณ,,
quiz_questions,bc0ee92c-1b17-42cd-88e2-0bc5518a36c8,Five Senses,The bell rings. We ___ it.,กระดิ่งดัง เรา ___ มัน,,
quiz_questions,bcb8685c-8858-4ad6-bb7a-6fbe84cc7d98,Five Senses,I ___ the cold ice with my finger. Brrr!,ฉัน ___ น้ำแข็งเย็นๆ ด้วยนิ้ว หนาวจัง!,,
quiz_questions,bded02a3-9c30-4066-914f-177668b38ed5,Five Senses,I ___ the smooth stone.,ฉัน ___ ก้อนหินเรียบๆ,,
quiz_questions,c23db5fd-d0e2-4b31-98f8-90b1bcc41cf5,Five Senses,I lick the lollipop to ___ it.,ฉันเลียอมยิ้มเพื่อ ___ มัน,,
quiz_questions,c8469b1d-81ff-4792-8e27-afdd17d3c697,Five Senses,We ___ the sun shining outside,เรา___แสงแดดส่องข้างนอก,,
quiz_questions,c84c55dc-7d61-4f7d-b728-3f38eba1df40,Five Senses,I ___ the birds singing.,ฉัน ___ เสียงนกร้องเพลง,,
quiz_questions,ca98ff08-4244-433f-acb9-d2341d4bf3cd,Five Senses,Chocolate tastes ___,ช็อกโกแลตมีรส___,,
quiz_questions,ceaa36a1-3b28-43bc-8746-c9a25f180fad,Five Senses,Ice cream is cold. We know this because we can ___,ไอศกรีมเย็น เรารู้เพราะเราสามารถ___,,
quiz_questions,cf4454a4-c71c-4c4c-9c45-151ad5de46ba,Five Senses,A whistle makes a ___ sound,นกหวีดทำเสียง___,,
quiz_questions,d2625ac9-943e-48cd-8d33-ea017275b80c,Five Senses,We ___ with our nose,เรา___ด้วยจมูกของเรา,,
quiz_questions,d3cb89ef-12d8-4f80-938b-841b33c4adeb,Five Senses,Bananas taste ___,กล้วยมีรส___,,
quiz_questions,d537b53b-7869-4857-bf86-97fd0c1f0c91,Five Senses,We use our hands to ___ things,เราใช้มือเพื่อ___สิ่งต่างๆ,,
quiz_questions,d5ca465c-630b-479f-ba76-e572bd261754,Five Senses,Lemons taste ___,มะนาวมีรส___,,
quiz_questions,d8132a12-a8a1-4969-a41b-d723bdae33e5,Five Senses,Burning toast has a strong ___,ขนมปังไหม้มี___แรง,,
quiz_questions,e0f29522-37a4-43c9-8d0e-0ea51594b985,Five Senses,We can ___ the rain falling on the roof,เราสามารถ___เสียงฝนตกบนหลังคา,,
quiz_questions,e279df90-0b69-41b4-9ffd-09a4e1105d33,Five Senses,I hold the flower to my nose and ___ it.,ฉันยกดอกไม้มาที่จมูกแล้ว ___ มัน,,
quiz_questions,e6cbc6e2-febc-41e3-bc6d-5670968db143,Five Senses,Is it sweet or sour? Let me ___ it!,หวานหรือเปรี้ยว? ขอฉัน ___ หน่อย!,,
quiz_questions,e9ae3e27-b362-4368-a49e-19125246af95,Five Senses,We hear thunder with our ___,เราได้ยินเสียงฟ้าร้องด้วย___ของเรา,,
quiz_questions,ea0964b6-0bd1-41de-b476-44dc69bbcd41,Five Senses,Chips taste ___,มันฝรั่งทอดมีรส___,,
quiz_questions,ea9a473d-5ce4-42b1-8f1c-0fbb0287c479,Five Senses,Roses have a sweet ___,กุหลาบมี___หอม,,
quiz_questions,ea9afea0-07c7-4de3-8098-1faf7f28f8a3,Five Senses,Garbage smells bad. Which sense tells us?,ขยะมีกลิ่นเหม็น ประสาทสัมผัสใดบอกเรา?,,
quiz_questions,edff8819-84ee-4455-8194-fb9fa218a4e2,Five Senses,Flowers have a nice ___,ดอกไม้มี___ที่ดี,,
quiz_questions,f00bc568-bb5d-480a-8024-240ea5ab6521,Five Senses,Sandpaper feels rough. Which sense tells us?,กระดาษทรายรู้สึกหยาบ ประสาทสัมผัสใดบอกเรา?,,
quiz_questions,f36f57f8-6f5c-4e0f-9e30-760b9df0ca7b,Five Senses,A bird singing uses which sense to enjoy?,นกร้องเพลงใช้ประสาทสัมผัสใดเพื่อเพลิดเพลิน?,,
quiz_questions,f4afec1d-d7d9-46fb-9227-b1914b7744f5,Five Senses,A drum makes a loud ___,กลองทำเสียง___ดัง,,
quiz_questions,f7cf48b2-1e1a-4df9-93f9-548c788018a2,Five Senses,What sense do we use to see a rainbow?,เราใช้ประสาทสัมผัสใดเพื่อมองเห็นรุ้ง?,,
quiz_questions,f9b06e42-f9c7-4640-9b36-b1d14009f914,Five Senses,We feel the wind on our skin. Which sense?,เรารู้สึกลมบนผิวหนัง ประสาทสัมผัสใด?,,
quiz_questions,fa267b4c-be0b-4b57-9edd-f6a74912552d,Five Senses,I use my tongue to ___.,ฉันใช้ลิ้นเพื่อ ___,,
quiz_questions,fd3154ab-49c6-4d14-adbe-777723bf99fd,Five Senses,Shh! Listen! Do you ___ that sound?,ชู่! ฟังสิ! คุณ ___ เสียงนั้นไหม?,,
quiz_questions,06293ddf-08ec-47a5-b3e2-107415785201,Around the House,The stove and pots are in the ___.,เตาและหม้ออยู่ใน ___,,
quiz_questions,0e37a36b-11b3-40cb-93aa-7cb73e5650fa,Around the House,The ___ is bright at night.,___ สว่างตอนกลางคืน,,
quiz_questions,19026687-e590-427d-9210-0c51699ed6fa,Around the House,Open the ___ to let in fresh air.,เปิด ___ ให้อากาศบริสุทธิ์เข้ามา,,
quiz_questions,35a94058-a2a6-4eed-8580-bea6910baa07,Around the House,Turn on the ___ to watch a show.,เปิด ___ เพื่อดูรายการ,,
quiz_questions,35b7da88-da0f-45ce-b5f5-774ef99e98ec,Around the House,You brush your teeth in the ___.,คุณแปรงฟันใน ___,,
quiz_questions,45185375-6f5c-42dc-ab1d-cd275a50a57d,Around the House,Pull up a ___ and sit down.,ดึง ___ มาแล้วนั่งลง,,
quiz_questions,567d6449-ede5-456e-affa-193980c3782b,Around the House,The milk is in the ___.,นมอยู่ใน ___,,
quiz_questions,56a8e641-458b-45b7-8e7a-abab3961af12,Around the House,Open the ___ to get a cold drink.,เปิด ___ เพื่อหยิบเครื่องดื่มเย็นๆ,,
quiz_questions,59bea92b-bbd1-4a98-96bc-4e80341363c0,Around the House,The cat looks out the ___ at the birds.,แมวมองนกออกไปทาง ___,,
quiz_questions,6e08b275-1e09-4b28-9419-5d26e3bfd79e,Around the House,Grandpa naps on the ___ in the living room.,คุณปู่งีบบน ___ ในห้องนั่งเล่น,,
quiz_questions,70189b93-83e6-488f-b3bf-9869d65b5c6f,Around the House,We eat dinner at the ___.,เรากินมื้อเย็นที่ ___,,
quiz_questions,730368bf-08ea-42e7-a678-2b05bec7ee7c,Around the House,The ___ has a pillow and a blanket.,___ มีหมอนและผ้าห่ม,,
quiz_questions,76aba088-b4d3-4c26-8fc7-47b084c5eb15,Around the House,I sleep in my ___ at night.,ฉันนอนบน ___ ตอนกลางคืน,,
quiz_questions,7b4a2a05-304f-4718-8bc7-f59329a6e8a2,Around the House,Open the ___ and come in.,เปิด ___ แล้วเข้ามาสิ,,
quiz_questions,7c596b86-7b17-4b20-8916-d99a278ecd20,Around the House,Close the ___ when you leave the room.,ปิด ___ เวลาออกจากห้อง,,
quiz_questions,81bb3c27-1eb2-4935-b800-f016c730664f,Around the House,The toilet is in the ___.,โถส้วมอยู่ใน ___,,
quiz_questions,859922fd-5251-4948-8eaf-5195e75d2a54,Around the House,You sit on a ___ at the table.,คุณนั่งบน ___ ที่โต๊ะ,,
quiz_questions,8c1f9079-a944-4383-b353-4a2112e579fa,Around the House,The sun shines through the ___.,แสงแดดส่องผ่าน ___,,
quiz_questions,917adbb1-e820-4823-b617-8d7a31d5d6b7,Around the House,Look at the ___ — it is three o'clock!,ดู ___ สิ — สามโมงแล้ว!,,
quiz_questions,94d50f18-ef56-4269-b308-d3f22058da19,Around the House,Put the plates on the ___.,วางจานบน ___,,
quiz_questions,954bbeef-2b84-4585-a3f9-6357c9a47d8f,Around the House,The ___ on the wall says it is bedtime.,___ บนผนังบอกว่าถึงเวลานอนแล้ว,,
quiz_questions,96297a32-fe30-4042-94ae-0c974b8df04e,Around the House,Dad watches the news on the ___,พ่อดูข่าวจาก___,,
quiz_questions,9727eeb5-7f0f-4dff-8a17-12b6d3ee7d3c,Around the House,The ___ is a big soft seat for three people.,___ เป็นที่นั่งนุ่มๆ ตัวใหญ่สำหรับสามคน,,
quiz_questions,9748d20d-8503-413f-ac00-3d293a854f23,Around the House,The ___ has four legs and a flat top.,___ มีสี่ขาและด้านบนแบนเรียบ,,
quiz_questions,9955dee9-1d05-454d-85fd-d1b8a4d161cc,Around the House,Lock the ___ at night to be safe.,ล็อก ___ ตอนกลางคืนเพื่อความปลอดภัย,,
quiz_questions,9a9b4fb9-facf-4b72-aae5-faec1bd5f53b,Around the House,We knock on the ___ before entering,เราเคาะ___ก่อนเข้าไป,,
quiz_questions,9dbe7443-5032-4cf1-985d-a5552d7275d1,Around the House,We look through a ___ to see outside,เรามองผ่าน___เพื่อดูข้างนอก,,
quiz_questions,a4c6fbf6-254c-4503-b7c3-790e182d26c7,Around the House,The alarm ___ wakes me up,___ปลุกปลุกฉันตื่น,,
quiz_questions,a9c85787-71d6-45b9-813a-cf186928c085,Around the House,Dad watches the news on the ___.,พ่อดูข่าวทาง ___,,
quiz_questions,ad60d0ba-fcf9-4750-9118-19ee5db2671a,Around the House,The ___ is where we take a bath,___คือที่ที่เราอาบน้ำ,,
quiz_questions,ae8b7aff-970d-46ce-be5d-b288ed986758,Around the House,We watch TV together on the ___.,เราดูทีวีด้วยกันบน ___,,
quiz_questions,b02417b1-ad27-4aba-8478-fa4e433b67fa,Around the House,The ___ has four legs and a seat.,___ มีสี่ขาและมีที่นั่ง,,
quiz_questions,b11ceb4a-55f1-4259-9670-fae611fc1eab,Around the House,Look out the ___ to see the garden.,มองออกไปนอก ___ เพื่อดูสวน,,
quiz_questions,b1496a10-8b5c-47eb-9427-3918c17f338a,Around the House,We watch cartoons on the ___.,เราดูการ์ตูนทาง ___,,
quiz_questions,c444e1b7-201a-4cbf-9ef0-9643b2360f30,Around the House,We close the ___ to keep the room warm,เราปิด___เพื่อให้ห้องอบอุ่น,,
quiz_questions,c544dd63-a77c-4759-ba8e-9824e4634f85,Around the House,Tick tock! The ___ goes tick tock.,ติ๊กต่อก! ___ เดินติ๊กต่อก,,
quiz_questions,c785c606-0165-4f70-92fe-3788339d5738,Around the House,We make food in the ___.,เราทำอาหารใน ___,,
quiz_questions,c9d88c0b-07fb-4740-b7d9-af21aee29255,Around the House,What do we use to tell the time?,เราใช้อะไรบอกเวลา?,,
quiz_questions,ca870cf2-4faf-498c-a0dc-0f83dda4d625,Around the House,Pull up a ___ and sit down,ดึง___มานั่ง,,
quiz_questions,cb7f96ac-08ea-45b7-94b7-a96eacdb4680,Around the House,We say goodnight and go to ___,เราบอกราตรีสวัสดิ์แล้วไปนอนบน___,,
quiz_questions,cfe108a5-e9b8-478b-ab3e-09dccfd7f3d1,Around the House,The ___ has a remote control,___มีรีโมทคอนโทรล,,
quiz_questions,d2ac81bb-2964-4c86-8faa-809643c17cd5,Around the House,We turn off the ___ before sleeping,เราปิด___ก่อนนอน,,
quiz_questions,d2d64e53-a327-46bd-a104-a26954e8060d,Around the House,What has a pillow and a blanket?,อะไรมีหมอนและผ้าห่ม?,,
quiz_questions,d4c3b9d0-756d-4f3b-b019-e7fd0f9d1446,Around the House,We put books on the ___,เราวางหนังสือบน___,,
quiz_questions,d613eca6-c8d8-4a79-8bb2-147a6f71f206,Around the House,We can see the garden through the ___,เราเห็นสวนผ่าน___,,
quiz_questions,e2c0f468-78ee-4c89-be06-99e54bee78f2,Around the House,A ___ is soft and good for resting,___นุ่มและดีสำหรับพักผ่อน,,
quiz_questions,e58f4448-17a0-4557-bdd5-13e5526b7888,Around the House,Mom cooks dinner in the ___.,แม่ทำอาหารเย็นใน ___,,
quiz_questions,e70df28e-5be9-4e07-8f3d-c3ba7893ceea,Around the House,The big ___ in the bedroom is for sleeping,___ใหญ่ในห้องนอนมีไว้สำหรับนอน,,
quiz_questions,e76c19e6-d6be-40a9-b866-186c49d9deb7,Around the House,You take a shower in the ___.,คุณอาบน้ำใน ___,,
quiz_questions,e7932878-34b1-4a24-be5e-6a7090ac30f9,Around the House,The front ___ is painted red,___หน้าบ้านทาสีแดง,,
quiz_questions,e83a6f87-0b7b-47b6-b588-08b1c648a654,Around the House,The ___ keeps food cold.,___ ทำให้อาหารเย็น,,
quiz_questions,eda31f25-77e5-405e-b2f1-105cd367a811,Around the House,The ___ tells us the time.,___ บอกเวลาให้เรา,,
quiz_questions,edeb3a56-8a02-4d5e-a835-ef72105c113a,Around the House,We eat dinner at the ___,เรากินข้าวเย็นที่___,,
quiz_questions,f0ae8f70-8079-4b25-9330-fbfdf188e72f,Around the House,Turn on the ___ to make light.,เปิด ___ เพื่อให้มีแสงสว่าง,,
quiz_questions,f10ee565-66f5-4758-83ca-bac11a70e884,Around the House,Read your book under the ___ light.,อ่านหนังสือใต้แสง ___,,
quiz_questions,f150e9d3-df4e-47f6-9e2c-b2e682cf7399,Around the House,Knock knock! Someone is at the ___.,ก๊อก ก๊อก! มีคนอยู่ที่ ___,,
quiz_questions,f52599e1-6f71-49ee-a1fc-2e2a722eaa03,Around the House,A ___ has hands but cannot clap,อะไรมีเข็มแต่ตบมือไม่ได้?,,
quiz_questions,f94dd4e9-93e8-402d-a1a2-faa0165d0606,Around the House,The ___ has a big screen.,___ มีจอใหญ่,,
quiz_questions,fa82ce64-f689-49b8-902c-c6c152ed4f28,Around the House,Time to sleep! Get in your ___.,ถึงเวลานอนแล้ว! ขึ้น ___ ได้,,
quiz_questions,fea7effe-0802-43f9-8d5c-550b7c106694,Around the House,The ___ keeps milk fresh,___เก็บนมให้สด,,
picture_quiz_questions,ed2f4587-bae2-433e-85cf-f4bb1a6aaeac,Shapes,Which one is an OVAL?,อันไหนเป็นวงรี?,,
picture_quiz_questions,21db068d-2e52-42c4-9b53-126aa0cf3f8e,Shapes,Which one is a STAR?,อันไหนเป็นดาว?,,
picture_quiz_questions,3b7d4fe3-f106-4b84-900c-85503021176d,Shapes,Which one is a HEART?,อันไหนเป็นรูปหัวใจ?,,
picture_quiz_questions,9392e856-f0f1-47fa-bf99-5160bf057e1d,Shapes,Which one is a SQUARE?,อันไหนเป็นสี่เหลี่ยมจัตุรัส?,,
picture_quiz_questions,249bb88d-e4a5-4031-be8a-818dee560cdf,Shapes,Which one is a CIRCLE?,อันไหนเป็นวงกลม?,,
picture_quiz_questions,2a155a23-66ee-495f-9bd9-6b4352e1586a,Shapes,Which one is a CIRCLE?,อันไหนเป็นวงกลม?,,
picture_quiz_questions,68158395-5bce-486e-a039-2bec88526aab,Shapes,Which one is a SQUARE?,อันไหนเป็นสี่เหลี่ยมจัตุรัส?,,
picture_quiz_questions,f145151b-f499-4b89-a50a-dfd5e27bfd0d,Shapes,Which one is a HEART?,อันไหนเป็นรูปหัวใจ?,,
picture_quiz_questions,87cac53b-6f58-4df3-8bdc-fe613a0349f9,Shapes,Which one is a TRIANGLE?,อันไหนเป็นสามเหลี่ยม?,,
picture_quiz_questions,d8c78145-4a35-40e9-816e-0d3ea6ebe7e8,Shapes,Which one is a TRIANGLE?,อันไหนเป็นสามเหลี่ยม?,,
picture_quiz_questions,dab9987f-e7cf-48bf-b7da-0f53935bde6c,Shapes,Which one has 3 sides?,อันไหนมี 3 ด้าน?,,
picture_quiz_questions,488f1cd7-da22-4c71-81e9-86ba02707fae,Shapes,Which one has 4 equal sides?,อันไหนมี 4 ด้านเท่ากัน?,,
picture_quiz_questions,65bfdd15-8b33-44ae-b969-55bd86e4de65,Shapes,Which one is a RECTANGLE?,อันไหนเป็นสี่เหลี่ยมผืนผ้า?,,
picture_quiz_questions,dc505e71-3345-4f63-8710-e36f1b385c21,Shapes,Which one looks like a window?,อันไหนดูเหมือนหน้าต่าง?,,
picture_quiz_questions,a777d923-d86f-4f5d-b60b-1d9c711d0473,Shapes,Which one looks like a door?,อันไหนดูเหมือนประตู?,,
picture_quiz_questions,046c51e5-d2b6-46bc-b174-28940a981817,Shapes,Which one looks like a ball?,อันไหนดูเหมือนลูกบอล?,,
picture_quiz_questions,dacd7923-144f-4962-9d73-e948686cddac,Shapes,Which one looks like a pizza slice?,อันไหนดูเหมือนพิซซ่า?,,
picture_quiz_questions,fd66749d-d655-47a0-b573-8198a32aa37b,Shapes,Which one is a DIAMOND?,อันไหนเป็นรูปเพชร?,,
picture_quiz_questions,e62d4b16-419b-4629-8cea-604d57751b18,Shapes,Which one is an OVAL?,อันไหนเป็นวงรี?,,
picture_quiz_questions,3f72f566-d44a-403b-bf55-c4380fced75e,Shapes,Which one is a STAR?,อันไหนเป็นดาว?,,
picture_quiz_questions,d485bfdb-16e2-4a21-b866-bc47b58349ac,ABCs,Which one starts with P?,อันไหนขึ้นต้นด้วย P?,,
picture_quiz_questions,b50ed110-9668-48b7-8729-2a745bd67dae,ABCs,Which one starts with M?,อันไหนขึ้นต้นด้วย M?,,
picture_quiz_questions,f391799c-38f4-4d9b-9041-ae00f742820d,ABCs,Which one starts with L?,อันไหนขึ้นต้นด้วย L?,,
picture_quiz_questions,1ff9d981-5959-45b1-a3cf-a560d325376b,ABCs,Which one starts with H?,อันไหนขึ้นต้นด้วย H?,,
picture_quiz_questions,a7d1dc1d-15e0-4934-b6c7-5307a18f34c5,ABCs,Which one starts with B?,อันไหนขึ้นต้นด้วย B?,,
picture_quiz_questions,f0463381-47fb-41f3-9cc4-5ddff7dcd8a4,ABCs,Which one starts with W?,อันไหนขึ้นต้นด้วย W?,,
picture_quiz_questions,c0120dd4-8fff-471d-9723-863c83042f1b,ABCs,Which one starts with G?,อันไหนขึ้นต้นด้วย G?,,
picture_quiz_questions,d6628de2-3ee1-4ab3-8af2-618bf13698dd,ABCs,Which one starts with V?,อันไหนขึ้นต้นด้วย V?,,
picture_quiz_questions,295eb3a7-11e6-4b5a-98b8-649767f0c2bc,ABCs,Which one starts with U?,อันไหนขึ้นต้นด้วย U?,,
picture_quiz_questions,7b0b1dee-6072-47e1-92ac-6470087d2c0b,ABCs,Which one starts with K?,อันไหนขึ้นต้นด้วย K?,,
picture_quiz_questions,540183f9-d125-46d6-a2f6-a7f565847c48,ABCs,Which one starts with J?,อันไหนขึ้นต้นด้วย J?,,
picture_quiz_questions,0d473d80-ca35-4a25-bf76-d575b0d9cf1d,ABCs,Which one starts with Z?,อันไหนขึ้นต้นด้วย Z?,,
picture_quiz_questions,de1c77fd-be2f-4ca2-8b32-87700d2f206c,ABCs,Which one starts with T?,อันไหนขึ้นต้นด้วย T?,,
picture_quiz_questions,1aa55998-2804-468d-960c-0a87987df964,ABCs,Which one starts with F?,อันไหนขึ้นต้นด้วย F?,,
picture_quiz_questions,8066ae87-72c6-4884-be30-389b232bcf0c,ABCs,Which one starts with E?,อันไหนขึ้นต้นด้วย E?,,
picture_quiz_questions,a5028bc2-cca3-4b5a-988c-41b5f59239f9,ABCs,Which one starts with D?,อันไหนขึ้นต้นด้วย D?,,
picture_quiz_questions,89de8362-e419-47ea-810f-4d82a969f2f2,ABCs,Which one starts with C?,อันไหนขึ้นต้นด้วย C?,,
picture_quiz_questions,7ec61c76-bb44-45ae-9578-6baa8cf0fc83,ABCs,Which one starts with A?,อันไหนขึ้นต้นด้วย A?,,
picture_quiz_questions,5e9d3525-e2be-4c5f-a7d3-1a42788abb5c,ABCs,Which one starts with S?,อันไหนขึ้นต้นด้วย S?,,
picture_quiz_questions,fe0f8bcc-01f7-45cc-b1e0-af62adbe78c7,ABCs,Which one starts with R?,อันไหนขึ้นต้นด้วย R?,,
picture_quiz_questions,5e3f86d5-b346-453b-aafb-af73b826a0e5,Pronouns,Which picture shows YOU?,ภาพไหนคือ YOU?,,
picture_quiz_questions,70464006-6a93-47c4-97bf-fdde4c82091e,Pronouns,Which picture shows THEY?,ภาพไหนคือ THEY?,,
picture_quiz_questions,42cde516-a39a-4bd5-a2cf-f022f7941288,Pronouns,Which picture shows the boy GIVING?,ภาพไหนแสดงเด็กชายเป็นผู้ให้?,,
picture_quiz_questions,6a24ca87-d0dc-4d67-92a3-a6ad8d891d6e,Pronouns,Which picture shows HE?,ภาพไหนคือ HE?,,
picture_quiz_questions,ff99bdc9-06f4-4ee9-9c91-7b1d725399ae,Pronouns,Which picture shows the girl GIVING?,ภาพไหนแสดงเด็กหญิงเป็นผู้ให้?,,
picture_quiz_questions,166eb0d0-bbf6-4edc-9419-23332eb6abb3,Pronouns,Which picture shows more than one person DOING?,ภาพไหนแสดงหลายคนเป็นผู้ทำ?,,
picture_quiz_questions,625ba10f-f673-4849-bd59-e2a07798bb9d,Pronouns,Which picture shows HER?,ภาพไหนคือ HER?,,
picture_quiz_questions,e8e85be3-69b9-4911-a980-971f22bf44e9,Pronouns,Which picture shows IT?,ภาพไหนคือ IT?,,
picture_quiz_questions,2e8d5698-03ee-4fbc-a532-423a6141c97f,Pronouns,Which picture shows ME?,ภาพไหนคือ ME?,,
picture_quiz_questions,da29d3c5-3def-43dd-9d10-34cafac83d1e,Pronouns,Which picture shows HIM?,ภาพไหนคือ HIM?,,
picture_quiz_questions,73a881f0-716f-49d3-8173-35a0d4ddf91b,Pronouns,Which picture shows SHE?,ภาพไหนคือ SHE?,,
picture_quiz_questions,c10cfcf2-14ae-4a8d-b00f-3c1b6f984573,Pronouns,Who is RECEIVING the action?,ใครเป็นผู้รับ?,,
picture_quiz_questions,abd69b71-4513-49c8-8977-035635a0055d,Pronouns,"Which one is a THING, not a person?",อันไหนคือสิ่งของ ไม่ใช่คน?,,
picture_quiz_questions,222e7ed8-ff1f-44d6-8e12-fac155e85100,Pronouns,Which picture shows US?,ภาพไหนคือ US?,,
picture_quiz_questions,f7473d30-1b36-42a7-8de2-6f3625998252,Pronouns,Which picture shows THEM?,ภาพไหนคือ THEM?,,
picture_quiz_questions,b70b410a-8acf-4966-908f-badd79b9511e,Pronouns,Who is DOING the action?,ใครเป็นผู้ทำ?,,
picture_quiz_questions,e96b757a-9ce5-44c9-8115-b7158fa82f5a,Pronouns,Which picture shows two friends together?,ภาพไหนแสดงเพื่อนสองคนอยู่ด้วยกัน?,,
picture_quiz_questions,15942703-db4e-4e3f-b022-2e5984cf8558,Pronouns,Which picture shows Ollie pointing at YOU?,ภาพไหนแสดงออลลี่ชี้มาที่ YOU?,,
picture_quiz_questions,f6455aca-7dca-4cfb-ac03-20a86f539421,Pronouns,Which picture shows I?,ภาพไหนคือ I?,,
picture_quiz_questions,475517c5-b1cb-4a22-8070-6da11e235438,Pronouns,Which picture shows WE?,ภาพไหนคือ WE?,,
picture_quiz_questions,9e13566f-8c65-4572-ad1b-bf7840caf34d,Vehicles,Which one travels on TRACKS?,อันไหนวิ่งบนราง?,,
picture_quiz_questions,6c824fbf-6aa3-487b-88cb-880f675b53e4,Vehicles,Which one helps put out FIRES?,อันไหนช่วยดับไฟ?,,
picture_quiz_questions,0c0360f0-0fd1-4cab-8d2e-e4340d472aac,Vehicles,Which one do firefighters use?,อันไหนนักดับเพลิงใช้?,,
picture_quiz_questions,33b26e5a-e75d-460a-837e-76583ba04dbd,Vehicles,Which one FLIES in the sky?,อันไหนบินบนท้องฟ้า?,,
picture_quiz_questions,2263111c-0a88-4832-9c0e-d614275f434e,Vehicles,Which one travels on WATER?,อันไหนเดินทางบนน้ำ?,,
picture_quiz_questions,ffa3903a-d993-4afb-9865-94cbf0680a16,Vehicles,Which one travels on WATER?,อันไหนเดินทางบนน้ำ?,,
picture_quiz_questions,f88c2dee-29fc-4bf8-a73d-ce139dd6e6d0,Vehicles,Which one has TWO wheels?,อันไหนมีสองล้อ?,,
picture_quiz_questions,35947234-b1f5-4195-8f73-b66ec751945e,Vehicles,Which one is a BUS?,อันไหนเป็นรถบัส?,,
picture_quiz_questions,a151b816-5509-411b-bdf2-9d770e324b13,Vehicles,Which one goes on TRAIN TRACKS?,อันไหนวิ่งบนรางรถไฟ?,,
picture_quiz_questions,c3eae782-44f7-4423-a5f0-d1d62fc7b129,Vehicles,Which one helps sick people?,อันไหนช่วยคนป่วย?,,
picture_quiz_questions,ca340a63-b46f-4f01-ab17-a89684200ee5,Vehicles,Which one is the BIGGEST?,อันไหนใหญ่ที่สุด?,,
picture_quiz_questions,f895aa0c-2077-466b-8cbe-69e23d9769a2,Vehicles,Which one has NO engine?,อันไหนไม่มีเครื่องยนต์?,,
picture_quiz_questions,fc845bad-31de-4910-a8b2-51a96517ede5,Vehicles,Which one flies but is NOT a plane?,อันไหนบินได้แต่ไม่ใช่เครื่องบิน?,,
picture_quiz_questions,bbd7b70b-a5cb-4a14-94e0-f278b6812c2f,Vehicles,Which one carries the MOST people?,อันไหนบรรทุกคนได้มากที่สุด?,,
picture_quiz_questions,e533bea6-5841-46c0-a521-5374f26e5c69,Vehicles,Which one travels UNDERGROUND?,อันไหนวิ่งใต้ดิน?,,
picture_quiz_questions,80da5649-8633-478a-a2eb-65c844c9af9f,Vehicles,Which one has WINGS?,อันไหนมีปีก?,,
picture_quiz_questions,91340c43-b4ea-496e-9996-20e17a2c2638,Vehicles,Which one can float on water?,อันไหนลอยน้ำได้?,,
picture_quiz_questions,3d140cfd-2ce0-4902-b105-5adea4638a87,Vehicles,Which one FLIES?,อันไหนบินได้?,,
picture_quiz_questions,1d3c66f1-d0ad-4488-bb76-9c02a6dbc397,Vehicles,Which one is FASTEST on a road?,อันไหนเร็วที่สุดบนถนน?,,
picture_quiz_questions,af68d11f-6dad-4670-8328-ca80112d8816,Vehicles,Which one can you PEDAL?,อันไหนที่ปั่นได้?,,
picture_quiz_questions,531bdea9-d0e8-4a50-a5d3-58b09960cf36,Colors,Which one is BLACK?,อันไหนเป็นสีดำ?,,
picture_quiz_questions,4096dde0-400f-418f-abb0-b7f444bbb5c0,Colors,Which one is BLACK?,อันไหนเป็นสีดำ?,,
picture_quiz_questions,15542d5e-007b-4581-9dbe-17edb1468f39,Colors,Which one is RED?,อันไหนเป็นสีแดง?,,
picture_quiz_questions,48c35717-93e9-4212-a32b-d377ef3654d5,Colors,Which one is ORANGE?,อันไหนเป็นสีส้ม?,,
picture_quiz_questions,ce49026c-2425-4891-b99d-ede7bb517fe0,Colors,Which one is BROWN?,อันไหนเป็นสีน้ำตาล?,,
picture_quiz_questions,7b8d797c-73f3-470c-8b97-fd9c539fcedd,Colors,Which one is WHITE?,อันไหนเป็นสีขาว?,,
picture_quiz_questions,c9daa943-8a37-44a7-8193-e54c3b4eb999,Colors,Which one is BROWN?,อันไหนเป็นสีน้ำตาล?,,
picture_quiz_questions,989637b5-4382-44d8-92ff-6ebb55a85f39,Colors,Which one is PURPLE?,อันไหนเป็นสีม่วง?,,
picture_quiz_questions,b57c7c03-43b7-463b-b5eb-d6eafc2b6eb0,Colors,Which one is PURPLE?,อันไหนเป็นสีม่วง?,,
picture_quiz_questions,aad0cf16-6d5d-41dc-940d-69361e439735,Colors,Which one is PINK?,อันไหนเป็นสีชมพู?,,
picture_quiz_questions,6077b3f8-2b63-4936-b78f-50448b456355,Colors,Which one is PINK?,อันไหนเป็นสีชมพู?,,
picture_quiz_questions,9effe436-307e-4595-81ad-fabbc1247e3b,Colors,Which one is ORANGE?,อันไหนเป็นสีส้ม?,,
picture_quiz_questions,2d26ab83-9abe-466d-b04f-3787601c2ceb,Colors,Which one is GREEN?,อันไหนเป็นสีเขียว?,,
picture_quiz_questions,d732f38a-b6dd-4678-a882-8775843d61cb,Colors,Which one is GREEN?,อันไหนเป็นสีเขียว?,,
picture_quiz_questions,9bb0ff1f-22ed-49f9-92de-ce393c9aa8df,Colors,Which one is YELLOW?,อันไหนเป็นสีเหลือง?,,
picture_quiz_questions,caf7c71e-0e7d-42ee-af0f-93de3f2bbf3f,Colors,Which one is BLUE?,อันไหนเป็นสีน้ำเงิน?,,
picture_quiz_questions,9f43b0e9-a8ef-468d-8c8f-1ac518d1bd26,Colors,Which one is BLUE?,อันไหนเป็นสีน้ำเงิน?,,
picture_quiz_questions,b0b376ae-4b24-4200-942c-365e27c09b31,Colors,Which one is YELLOW?,อันไหนเป็นสีเหลือง?,,
picture_quiz_questions,3109bbf9-7997-40a2-b472-48d044b7b45d,Colors,Which one is RED?,อันไหนเป็นสีแดง?,,
picture_quiz_questions,0b009514-0874-43e4-a8b9-25ca1eb0c947,Colors,Which one is WHITE?,อันไหนเป็นสีขาว?,,
picture_quiz_questions,f931bec7-8c93-4546-9616-5876d8d6800b,Plants,Which one stores WATER in its stem?,อันไหนเก็บน้ำในลำต้น?,,
picture_quiz_questions,a9d59bc0-6497-4866-8c9f-d4f278f17fc6,Plants,Which part is UNDERGROUND?,ส่วนไหนอยู่ใต้ดิน?,,
picture_quiz_questions,a626ced1-8d74-4d00-84fb-a3ed4cac3550,Plants,Which one is very PRICKLY?,อันไหนมีหนามแหลมมาก?,,
picture_quiz_questions,ab0ec309-3792-469e-a8b1-75851c70e5bd,Plants,Which one has PETALS?,อันไหนมีกลีบดอก?,,
picture_quiz_questions,cc6de101-6548-4b52-b3b5-ed59f4db17ef,Plants,Which one grows in the DESERT?,อันไหนเติบโตในทะเลทราย?,,
picture_quiz_questions,1aee65ea-25a2-40b9-bc71-b313d1f39a0c,Plants,Which one is a FLOWER?,อันไหนเป็นดอกไม้?,,
picture_quiz_questions,f4c6eddc-a449-4489-b0b6-f8c2f84d1d0f,Plants,Which one is a FLOWER?,อันไหนเป็นดอกไม้?,,
picture_quiz_questions,d8127233-4705-475a-8025-2eb5195586fc,Plants,Which one is a TREE?,อันไหนเป็นต้นไม้?,,
picture_quiz_questions,1a4808c6-04fa-4e3b-8da3-24a4b36320f1,Plants,Which one is a SEED?,อันไหนเป็นเมล็ด?,,
picture_quiz_questions,b7898adb-7c27-4ce2-a8d2-711b161d59ec,Plants,Which one has THORNS?,อันไหนมีหนาม?,,
picture_quiz_questions,63d0f105-ede0-40c7-9d06-21a9e5e8f376,Plants,Which part grows UNDERGROUND?,ส่วนไหนเติบโตใต้ดิน?,,
picture_quiz_questions,5cc534ba-8c60-4b51-8bbc-3cd85d7623c6,Plants,Which one is a LEAF?,อันไหนเป็นใบไม้?,,
picture_quiz_questions,c71a8699-1461-433b-8f17-3566ba14eec7,Plants,Which one is TALLEST?,อันไหนสูงที่สุด?,,
picture_quiz_questions,58d80aaa-dab6-4c55-b9a3-c52e88685d7a,Plants,Which part catches SUNLIGHT?,ส่วนไหนรับแสงแดด?,,
picture_quiz_questions,9f74e77a-030e-4f6d-924b-87cb9e17ec8d,Plants,Which part absorbs WATER?,ส่วนไหนดูดซับน้ำ?,,
picture_quiz_questions,b6d2a905-c87f-42c6-b3b8-bdfa02d60201,Plants,Which one is the SMALLEST plant?,อันไหนเป็นพืชเล็กที่สุด?,,
picture_quiz_questions,1dc0ad60-e937-4a8c-a95b-7126e7094043,Plants,Which part does a new plant grow FROM?,ส่วนไหนที่พืชใหม่เติบโตจาก?,,
picture_quiz_questions,26a9272a-ccd3-406a-8a95-58fd3f28fd89,Plants,Which plant grows in WATER?,ต้นไม้ไหนเติบโตในน้ำ?,,
picture_quiz_questions,86ff1224-b180-4fea-99d5-32b512108f1e,Plants,Which one do we eat as a VEGETABLE?,อันไหนเรากินเป็นผัก?,,
picture_quiz_questions,c51e58c5-7586-42ee-8e8e-a993acc0c8cc,Plants,Which one gives us FRUIT?,อันไหนให้ผลไม้?,,
picture_quiz_questions,36eb58da-a583-48d4-bf9d-3da4b7fa003e,Body Parts,Which one blinks?,อันไหนกะพริบ?,,
picture_quiz_questions,6508da10-8621-46a7-be59-80279e511e21,Body Parts,Which one do we use to LISTEN to music?,อันไหนที่เราใช้ฟังเพลง?,,
picture_quiz_questions,47d0b857-15f2-46c6-839d-a92e84560dab,Body Parts,Which one do we cover with a hat?,อันไหนเราสวมหมวกทับ?,,
picture_quiz_questions,4422530f-3281-47ae-9451-50a1059bf23b,Body Parts,Which one helps us BALANCE?,อันไหนช่วยเราทรงตัว?,,
picture_quiz_questions,0ad9af6b-888c-491a-a51c-ae8eb61b0189,Body Parts,Which one do we use to SMELL flowers?,อันไหนที่เราใช้ดมดอกไม้?,,
picture_quiz_questions,62c9cb30-b407-48ad-80b3-b015e20e0fc1,Body Parts,Which one do we use to DRAW a picture?,อันไหนที่เราใช้วาดรูป?,,
picture_quiz_questions,51085589-76b0-4f6b-9bf1-cc42601f3a95,Body Parts,Which one has FINGERNAILS?,อันไหนมีเล็บมือ?,,
picture_quiz_questions,844b256b-e995-4065-b7b1-67f74945c049,Body Parts,Which body part is in the MIDDLE?,ส่วนไหนอยู่ตรงกลาง?,,
picture_quiz_questions,3db4e9ce-7bba-4d30-8b1c-0bc9e2fc1479,Body Parts,Which one is on top of our body?,อันไหนอยู่ด้านบนของร่างกาย?,,
picture_quiz_questions,5f140039-59ad-4532-a1cb-ccfc141aa047,Body Parts,Which one grows on our HEAD?,อันไหนงอกบนศีรษะ?,,
picture_quiz_questions,50fe344b-c834-4611-856d-5afe9c98ba1a,Body Parts,Which one do we use to WRITE?,อันไหนที่เราใช้เขียน?,,
picture_quiz_questions,5f453f4f-6490-44bf-bce6-f93fb577de13,Body Parts,Which one has TOES?,อันไหนมีนิ้วเท้า?,,
picture_quiz_questions,d6cd1d26-16d3-426b-a857-ecfe18bae977,Body Parts,Which one has FINGERS?,อันไหนมีนิ้วมือ?,,
picture_quiz_questions,03336d21-885b-4270-a347-b34bba243040,Body Parts,Which one do we use to SEE?,อันไหนที่เราใช้มอง?,,
picture_quiz_questions,114ca596-f426-4d03-a6e7-b6e63e8e2212,Body Parts,Which one do we use to HEAR?,อันไหนที่เราใช้ฟัง?,,
picture_quiz_questions,c0a5d466-e797-4531-8528-86d1676eb6a2,Body Parts,Which one do we use to SMELL?,อันไหนที่เราใช้ดมกลิ่น?,,
picture_quiz_questions,ff47a59e-721f-45f5-9d92-c3e8e5fbe334,Body Parts,Which one do we use to EAT?,อันไหนที่เราใช้กิน?,,
picture_quiz_questions,8072da83-bdbe-441f-a2e2-cd0ec74973aa,Body Parts,Which one helps us WALK?,อันไหนช่วยเราเดิน?,,
picture_quiz_questions,68e40d80-0934-4496-8f3d-65819243dd80,Body Parts,Which one do we use to HUG?,อันไหนที่เราใช้กอด?,,
picture_quiz_questions,ad00819e-31cb-47db-bbf4-c78080b6f549,Body Parts,Which one do we use to KICK?,อันไหนที่เราใช้เตะ?,,
picture_quiz_questions,9127685c-2d9a-4aaf-9cb7-4b6d85b6b1be,Feelings & Emotions,Which face is TIRED?,หน้าไหนเหนื่อย?,,
picture_quiz_questions,52909644-738e-4c8a-b48d-7496c273edce,Feelings & Emotions,Which face is ANGRY?,หน้าไหนโกรธ?,,
picture_quiz_questions,45ffb5d6-ec64-42f9-99f0-81ab148dd871,Feelings & Emotions,Which face shows they want to SLEEP?,หน้าไหนแสดงว่าอยากนอน?,,
picture_quiz_questions,3116a26e-6937-458e-9f57-b6990ea535f9,Feelings & Emotions,Which face shows they are HUNGRY?,หน้าไหนแสดงว่าหิว?,,
picture_quiz_questions,d89483e7-423f-4861-88c2-d37f98a2d9e4,Feelings & Emotions,Which face shows they got a PRESENT?,หน้าไหนแสดงว่าได้ของขวัญ?,,
picture_quiz_questions,084f7e0f-81f8-471d-998c-e39cce6535da,Feelings & Emotions,Which face is SILLY?,หน้าไหนตลก?,,
picture_quiz_questions,399bfbe8-e21a-45ef-9d94-2ce0de6bef22,Feelings & Emotions,Which face is BORED?,หน้าไหนเบื่อ?,,
picture_quiz_questions,c91e833c-eda4-4586-9544-4f322d3fab53,Feelings & Emotions,Which face is SURPRISED?,หน้าไหนประหลาดใจ?,,
picture_quiz_questions,34acb1a6-0156-4fe2-b3bb-1fcc06bcd227,Feelings & Emotions,Which face is SURPRISED?,หน้าไหนประหลาดใจ?,,
picture_quiz_questions,bd80925d-0d98-4be2-8dc2-9e7a33acf1ba,Feelings & Emotions,Which face shows they lost their toy?,หน้าไหนแสดงว่าทำของเล่นหาย?,,
picture_quiz_questions,8e1e185c-70c9-4942-b508-a4dd8863d358,Feelings & Emotions,Which face is SCARED?,หน้าไหนกลัว?,,
picture_quiz_questions,60e9d7cb-c206-4f15-b0c5-6d95a8647296,Feelings & Emotions,Which face is EXCITED?,หน้าไหนตื่นเต้น?,,
picture_quiz_questions,4a3d71e7-bce5-4cbf-ad63-0e22d570a939,Feelings & Emotions,Which face is ANGRY?,หน้าไหนโกรธ?,,
picture_quiz_questions,6664330e-a5ae-4669-b37f-27d8dd1660c7,Feelings & Emotions,Which face is SCARED?,หน้าไหนกลัว?,,
picture_quiz_questions,c7ea174f-69b4-4f32-a859-f240c87f100b,Feelings & Emotions,Which face is EXCITED?,หน้าไหนตื่นเต้น?,,
picture_quiz_questions,85563dff-adff-4d18-80e3-705dea77dc60,Feelings & Emotions,Which face is TIRED?,หน้าไหนเหนื่อย?,,
picture_quiz_questions,5809b38a-0551-4558-86d2-0f432a9d65b4,Feelings & Emotions,Which face shows they heard a LOUD noise?,หน้าไหนแสดงว่าได้ยินเสียงดัง?,,
picture_quiz_questions,a8787418-50ff-4528-861a-bea9b1055db4,Feelings & Emotions,Which face is SAD?,หน้าไหนเศร้า?,,
picture_quiz_questions,cbaed6d1-2b83-48aa-96e5-919b0da12c6c,Feelings & Emotions,Which face is HAPPY?,หน้าไหนดีใจ?,,
picture_quiz_questions,9d049759-b2cd-4e27-8044-bd38c648f62e,Feelings & Emotions,Which face is HAPPY?,หน้าไหนดีใจ?,,
picture_quiz_questions,2bed31ef-4c2f-4c60-a748-ef7c3e85cced,Jobs & Careers,Who flies an airplane?,ใครขับเครื่องบิน?,,
picture_quiz_questions,69e73433-ee06-4455-b24b-b215720824a2,Jobs & Careers,Who grows our food?,ใครปลูกอาหาร?,,
picture_quiz_questions,4dc35ca8-9ab5-4cc1-a658-ba88d313bfb9,Jobs & Careers,Who keeps us SAFE?,ใครทำให้เราปลอดภัย?,,
picture_quiz_questions,b011049e-80c9-48c9-a29f-d8c90aae6f29,Jobs & Careers,Who builds HOUSES?,ใครสร้างบ้าน?,,
picture_quiz_questions,9a011faf-c835-4eaf-bb3d-448526b6e30b,Jobs & Careers,Who draws PICTURES for work?,ใครวาดรูปเป็นอาชีพ?,,
picture_quiz_questions,acb2f99c-feb1-456c-ae9d-666b8d9d9579,Jobs & Careers,Who helps sick people in hospital?,ใครช่วยคนป่วยในโรงพยาบาล?,,
picture_quiz_questions,751e7e05-66c7-408e-afa6-ba1c07e29760,Jobs & Careers,Who wears a tall WHITE hat?,ใครใส่หมวกสูงสีขาว?,,
picture_quiz_questions,49d2e529-7c44-4c04-9063-5b942ec71048,Jobs & Careers,Who flies a PLANE?,ใครขับเครื่องบิน?,,
picture_quiz_questions,25d1b616-051a-4757-ab53-17e9e94bd525,Jobs & Careers,Who works on a FARM?,ใครทำงานในฟาร์ม?,,
picture_quiz_questions,bbbe8cac-63f7-46dc-8ff9-2230bd0e6dc4,Jobs & Careers,Who paints PICTURES?,ใครวาดรูป?,,
picture_quiz_questions,84fc7b86-04f4-4f0a-96c1-e73469ea08f7,Jobs & Careers,Who puts out FIRES?,ใครดับไฟ?,,
picture_quiz_questions,a8c068bb-1102-4493-acae-c6f50f93288e,Jobs & Careers,Who teaches in a SCHOOL?,ใครสอนในโรงเรียน?,,
picture_quiz_questions,06872b13-47a0-4e2f-89b0-eee9a69d2797,Jobs & Careers,Who wears a WHITE coat?,ใครใส่เสื้อกาวน์ขาว?,,
picture_quiz_questions,7354603f-7e00-413e-adce-27785202dac1,Jobs & Careers,Who wears a UNIFORM with a badge?,ใครใส่เครื่องแบบมีเครื่องหมาย?,,
picture_quiz_questions,f1703702-ac4f-4d3a-bb8a-ad2a1b257891,Jobs & Careers,Who teaches children?,ใครสอนเด็ก?,,
picture_quiz_questions,4738e727-6835-4169-858c-daf7080f7767,Jobs & Careers,Who helps sick people?,ใครช่วยคนป่วย?,,
picture_quiz_questions,eb682737-05f3-4f35-b85f-ede61362c2cd,Jobs & Careers,Who helps sick ANIMALS?,ใครช่วยสัตว์ป่วย?,,
picture_quiz_questions,e83765ce-fede-47af-b1bb-2707ea947866,Jobs & Careers,Who puts out fires?,ใครดับไฟ?,,
picture_quiz_questions,f335b2c4-7a9a-4064-b60e-fc5b834739ef,Jobs & Careers,Who keeps our streets SAFE?,ใครทำให้ถนนปลอดภัย?,,
picture_quiz_questions,a85a5336-63dd-4ff7-8a41-64cf93537991,Jobs & Careers,Who cooks our food?,ใครทำอาหาร?,,
picture_quiz_questions,261fa7d2-56f8-407b-9cbe-2f23107e9328,Synonyms & Antonyms,Which picture shows QUICK?,ภาพไหนคือ QUICK?,,
picture_quiz_questions,87d99833-9d14-4687-bc1e-92a72e2c2860,Synonyms & Antonyms,Which picture shows SMALL?,ภาพไหนคือ SMALL?,,
picture_quiz_questions,5b181bff-d9ef-4cd2-bffd-98a408113468,Synonyms & Antonyms,Which picture shows BIG?,ภาพไหนคือ BIG?,,
picture_quiz_questions,a8329d13-2a42-4177-96f9-ea745bfc172b,Synonyms & Antonyms,Which picture shows LOUD?,ภาพไหนคือ LOUD?,,
picture_quiz_questions,734930ca-d27d-4850-9f9e-734af7aa853b,Synonyms & Antonyms,Which picture shows QUIET?,ภาพไหนคือ QUIET?,,
picture_quiz_questions,6f18a268-36e9-4731-a87b-ef105b82cac0,Synonyms & Antonyms,Which picture shows LARGE?,ภาพไหนคือ LARGE?,,
picture_quiz_questions,1b631f40-c218-4745-a1b5-e6a1f432fa36,Synonyms & Antonyms,Which picture shows LITTLE?,ภาพไหนคือ LITTLE?,,
picture_quiz_questions,582c5a5a-1250-463e-8bd5-5bf7a3ef8a20,Synonyms & Antonyms,Which picture shows NOISY?,ภาพไหนคือ NOISY?,,
picture_quiz_questions,4c65e9f8-f7e1-44de-915f-cd3bb574ad04,Synonyms & Antonyms,Which picture shows COLD?,ภาพไหนคือ COLD?,,
picture_quiz_questions,c2a42f39-b6b5-40ae-b224-14cf8618674b,Synonyms & Antonyms,Which picture shows the opposite of QUIET?,ภาพไหนตรงข้ามกับ QUIET?,,
picture_quiz_questions,1e15cf35-825d-4742-8185-3a12707a6782,Synonyms & Antonyms,Which picture shows FAST?,ภาพไหนคือ FAST?,,
picture_quiz_questions,5b6428ab-de50-47a5-9954-5bb2e794e7f8,Synonyms & Antonyms,Which picture shows SLOW?,ภาพไหนคือ SLOW?,,
picture_quiz_questions,6b72ef50-21ff-4930-b96d-00b3a0b05a41,Synonyms & Antonyms,Which picture shows OLD?,ภาพไหนคือ OLD?,,
picture_quiz_questions,4fbc9ba8-87a3-47fc-b580-fc5d8e90d5b8,Synonyms & Antonyms,Which picture shows HOT?,ภาพไหนคือ HOT?,,
picture_quiz_questions,32c79e7a-1c77-47a2-8e12-25f4a9b6dea5,Synonyms & Antonyms,Which picture shows NEW?,ภาพไหนคือ NEW?,,
picture_quiz_questions,22c16be2-ac93-4db2-a258-a2314b36e1dc,Synonyms & Antonyms,Which picture shows SAD?,ภาพไหนคือ SAD?,,
picture_quiz_questions,7b1dc6de-d755-4b39-ac8e-f34bf83db841,Synonyms & Antonyms,Which picture shows the opposite of HAPPY?,ภาพไหนตรงข้ามกับ HAPPY?,,
picture_quiz_questions,47c87ac5-f8dd-4f4d-b345-215e09b11ce8,Synonyms & Antonyms,Which picture shows the opposite of HOT?,ภาพไหนตรงข้ามกับ HOT?,,
picture_quiz_questions,d55bbe0a-7945-4b4d-bf10-82e358e92b1a,Synonyms & Antonyms,Which picture shows HAPPY?,ภาพไหนคือ HAPPY?,,
picture_quiz_questions,87231ed3-aa9b-4733-9128-03c481690c8c,Synonyms & Antonyms,Which picture shows the opposite of NEW?,ภาพไหนตรงข้ามกับ NEW?,,
picture_quiz_questions,da651091-3050-46c5-bf35-a409885c0a30,Food & Drink,Which one do we eat for DESSERT?,อันไหนเรากินเป็นของหวาน?,,
picture_quiz_questions,47eaf5e4-6a43-466f-8a8d-264116b720e5,Food & Drink,Which one comes from a CHICKEN?,อันไหนมาจากไก่?,,
picture_quiz_questions,5ddc0e09-f0a6-48cc-9ec7-288567e45fc6,Food & Drink,Which one has a PEEL?,อันไหนมีเปลือก?,,
picture_quiz_questions,02b32215-266e-4141-85a2-dd9d7ded5085,Food & Drink,Which one do we COOK in a pot?,อันไหนเราหุงในหม้อ?,,
picture_quiz_questions,357232c6-9297-4fe4-9715-ee51c155ddc4,Food & Drink,Which one is a VEGETABLE?,อันไหนเป็นผัก?,,
picture_quiz_questions,047d8883-6138-4bca-9bf5-2cc7e5bf3888,Food & Drink,Which one is ROUND?,อันไหนกลม?,,
picture_quiz_questions,9432185e-6f06-4a28-ada4-dedf7a680c13,Food & Drink,Which one is a SNACK?,อันไหนเป็นขนม?,,
picture_quiz_questions,9980c671-2745-4d49-896d-19530a90ca98,Food & Drink,Which one is GREEN?,อันไหนเป็นสีเขียว?,,
picture_quiz_questions,5692c774-f03f-4444-812e-8065e9faa325,Food & Drink,Which one is YELLOW?,อันไหนเป็นสีเหลือง?,,
picture_quiz_questions,4d986bc1-8918-40f2-8278-97f7261e0c71,Food & Drink,Which one is a FRUIT?,อันไหนเป็นผลไม้?,,
picture_quiz_questions,3d121354-9aa4-4e96-b708-aa48663d4549,Food & Drink,Which one is a VEGETABLE?,อันไหนเป็นผัก?,,
picture_quiz_questions,2926f2c9-92b7-4a72-8eea-7b89f34f2eb5,Food & Drink,Which one is a FRUIT?,อันไหนเป็นผลไม้?,,
picture_quiz_questions,7ab39a74-bd74-4fac-a203-34e61e0fa588,Food & Drink,Which one do we DRINK?,อันไหนที่เราดื่ม?,,
picture_quiz_questions,3c641921-b573-47a2-a3ca-497588df801b,Food & Drink,Which one is a DRINK?,อันไหนเป็นเครื่องดื่ม?,,
picture_quiz_questions,d06f0527-bed0-4282-99bd-77406dad8b36,Food & Drink,Which one comes from a COW?,อันไหนมาจากวัว?,,
picture_quiz_questions,3ad61513-5617-4a55-bbe8-63d761d60cab,Food & Drink,Which one do we eat for BREAKFAST?,อันไหนเรากินเป็นอาหารเช้า?,,
picture_quiz_questions,6305c07d-4988-43b1-bfcf-0b0e61d3cd62,Food & Drink,Which one do we DRINK?,อันไหนที่เราดื่ม?,,
picture_quiz_questions,b7558116-cdb5-409e-992c-71f5977ad27f,Food & Drink,Which one is SWEET?,อันไหนหวาน?,,
picture_quiz_questions,528225fe-7b2e-4f38-a7be-bb2dde588202,Food & Drink,Which one grows on a tree?,อันไหนเติบโตบนต้นไม้?,,
picture_quiz_questions,910decb9-3a42-43ea-aee2-25fb184645ea,Food & Drink,Which one is SWEET?,อันไหนหวาน?,,
picture_quiz_questions,76e427b3-75c2-40a7-99b6-9066cf7ba7d6,Animals,Which one is a BUTTERFLY?,อันไหนเป็นผีเสื้อ?,,
picture_quiz_questions,f59e0101-c93b-47a8-b2e6-8167fd52dc23,Animals,Which one is a PENGUIN?,อันไหนเป็นเพนกวิน?,,
picture_quiz_questions,98dea049-936f-4175-88af-c2060acc77b3,Animals,Which one lives in a pond?,อันไหนอยู่ในบ่อ?,,
picture_quiz_questions,f1cf9210-5411-4b37-aad4-fc68402d2986,Animals,Which one has a very long neck?,อันไหนมีคอยาวมาก?,,
picture_quiz_questions,48d63691-de4f-41d1-b5a5-e0436536f65f,Animals,Which one lays EGGS?,อันไหนวางไข่?,,
picture_quiz_questions,7e8ade05-2843-4586-a293-bf38775fc14e,Animals,Which one is a CAT?,อันไหนเป็นแมว?,,
picture_quiz_questions,42f818b3-a6a5-4a7f-8721-1fe7baf86340,Animals,Which one is a DOG?,อันไหนเป็นสุนัข?,,
picture_quiz_questions,d9e75a23-0977-466b-b517-04eef133e396,Animals,Which one is a FISH?,อันไหนเป็นปลา?,,
picture_quiz_questions,be4c8165-a022-4a93-91de-be6be1d461bb,Animals,Which one is a LION?,อันไหนเป็นสิงโต?,,
picture_quiz_questions,7ce9d67c-c328-4ca2-8a00-7929870a0531,Animals,Which one is an ELEPHANT?,อันไหนเป็นช้าง?,,
picture_quiz_questions,166bd363-bba7-4762-8df7-09533abe829f,Animals,Which one lives in the ocean?,อันไหนอยู่ในมหาสมุทร?,,
picture_quiz_questions,d03a0b8d-f9f1-4161-854b-389e6ac11e1e,Animals,Which one can FLY?,อันไหนบินได้?,,
picture_quiz_questions,556323dd-5926-4f45-9988-bfa86c17207b,Animals,Which one is a SNAKE?,อันไหนเป็นงู?,,
picture_quiz_questions,bdc47101-1b5a-4056-8fe2-75e3726475f5,Animals,Which one is a FROG?,อันไหนเป็นกบ?,,
picture_quiz_questions,6e3c5b1d-d81a-4f6c-a62f-7bc878ed907b,Animals,Which one is a TIGER?,อันไหนเป็นเสือ?,,
picture_quiz_questions,347c8929-0413-4081-8b93-e6d8231ddcae,Animals,Which one is a BEAR?,อันไหนเป็นหมี?,,
picture_quiz_questions,ab380826-3cab-460d-92b7-3317ef8420ba,Animals,Which one is a GIRAFFE?,อันไหนเป็นยีราฟ?,,
picture_quiz_questions,e6402d41-c832-4cd9-a1ad-fce7ecf276ab,Animals,Which one has black and white stripes?,อันไหนมีลายทางขาวดำ?,,
picture_quiz_questions,bc3cb0cb-6d4d-4210-8147-2e8d755d9e2c,Animals,Which one is a RABBIT?,อันไหนเป็นกระต่าย?,,
picture_quiz_questions,f47b0a87-ba2a-4f51-92fe-70080ea9cb03,Animals,Which one is a MONKEY?,อันไหนเป็นลิง?,,
picture_quiz_questions,387564d4-122b-4d2b-a3c8-d1545b2479e0,Question Words,Which picture shows WHY?,ภาพไหนคือ WHY?,,
picture_quiz_questions,eda28dad-da0a-4c78-abb7-e71453f63e59,Question Words,Which picture shows WHO?,ภาพไหนคือ WHO?,,
picture_quiz_questions,51745759-33d9-4ac3-a17a-0647b36fce2e,Question Words,Which picture shows WHICH?,ภาพไหนคือ WHICH?,,
picture_quiz_questions,93170962-36e4-4a1b-a98c-25c0f8b55854,Question Words,Which picture shows WHOSE?,ภาพไหนคือ WHOSE?,,
picture_quiz_questions,87735bec-2da3-4d8f-b531-54252209f9eb,Question Words,Which picture shows HOW OFTEN?,ภาพไหนคือ HOW OFTEN?,,
picture_quiz_questions,60871071-2aa4-4e25-9d56-eb163da972fa,Question Words,Which picture shows WHEN?,ภาพไหนคือ WHEN?,,
picture_quiz_questions,90ef8f8d-b209-4186-b631-e4b96f148015,Question Words,Which picture shows HOW MUCH?,ภาพไหนคือ HOW MUCH?,,
picture_quiz_questions,67f44743-91b9-4b32-bbf5-aa625fbbb053,Question Words,Something belongs to someone. Which word asks that?,ของสิ่งนี้เป็นของใคร ใช้คำไหน?,,
picture_quiz_questions,cd9fa40d-e4c3-4ec2-b555-cbb42568897b,Question Words,You want to know a REASON. Which word do you use?,คุณอยากรู้เหตุผล ใช้คำไหน?,,
picture_quiz_questions,1d94e298-c4dd-4d6b-8c23-ba42dbb29459,Question Words,You want to know a PLACE. Which word do you use?,คุณอยากรู้สถานที่ ใช้คำไหน?,,
picture_quiz_questions,6077571c-7e91-4f11-b653-2288512c3be2,Question Words,You are counting apples. Which word do you use?,คุณกำลังนับแอปเปิ้ล ใช้คำไหน?,,
picture_quiz_questions,46f77c71-b025-485d-93b6-f7e5fa697e89,Question Words,Which picture shows HOW LONG?,ภาพไหนคือ HOW LONG?,,
picture_quiz_questions,de0e251f-d04b-44a5-8fda-9bb560edfe3b,Question Words,You want to know a PERSON. Which word do you use?,คุณอยากรู้ว่าเป็นใคร ใช้คำไหน?,,
picture_quiz_questions,ebfec860-b8b2-4e1f-bfaf-41f1bfb2931d,Question Words,You are asking the price. Which word do you use?,คุณกำลังถามราคา ใช้คำไหน?,,
picture_quiz_questions,8d22a11d-231f-4095-90ed-eb2f3a0dcb50,Question Words,You want to know a TIME. Which word do you use?,คุณอยากรู้เวลา ใช้คำไหน?,,
picture_quiz_questions,cda0c354-d9bb-4260-b8ca-f0ad9ee5fd93,Question Words,Which picture shows HOW TALL?,ภาพไหนคือ HOW TALL?,,
picture_quiz_questions,b58fc9a2-aaac-48dd-9b0d-8b1d6123152b,Question Words,Which picture shows WHAT?,ภาพไหนคือ WHAT?,,
picture_quiz_questions,6d642f32-91ec-4053-b89a-fde58902fb35,Question Words,Which picture shows WHERE?,ภาพไหนคือ WHERE?,,
picture_quiz_questions,53d6789a-906d-42f2-beab-427228eba575,Question Words,Which picture shows HOW?,ภาพไหนคือ HOW?,,
picture_quiz_questions,f8d76f9b-a14d-46bd-abc0-bc4a6b07b5ea,Question Words,Which picture shows HOW MANY?,ภาพไหนคือ HOW MANY?,,
picture_quiz_questions,56efb9ff-3640-4951-b4df-3686178ad8f2,Numbers & Counting,Which shows THREE?,อันไหนแสดงเลขสาม?,,
picture_quiz_questions,86b62655-c909-499e-ad44-13f57e008bf6,Numbers & Counting,Which group has MORE than five?,กลุ่มไหนมีมากกว่าห้า?,,
picture_quiz_questions,35e5bf01-034c-4228-bb67-13e3e402b3a9,Numbers & Counting,Which shows TEN?,อันไหนแสดงเลขสิบ?,,
picture_quiz_questions,87624e4a-5e4d-42d3-90a6-9a6dd7102e17,Numbers & Counting,Which shows TWO?,อันไหนแสดงเลขสอง?,,
picture_quiz_questions,6b2fe4a6-5129-43bc-9797-a5cd5d61e429,Numbers & Counting,Which shows the number ONE?,อันไหนแสดงเลขหนึ่ง?,,
picture_quiz_questions,b1937760-4eb8-4481-be56-e88ed6876cb5,Numbers & Counting,Which group has FEWER?,กลุ่มไหนมีน้อยกว่า?,,
picture_quiz_questions,b31592b6-43c2-480a-b380-743b6d86dbf0,Numbers & Counting,Which shows the number FIVE?,อันไหนแสดงเลขห้า?,,
picture_quiz_questions,b3906975-9873-4348-afd2-63fb6156f9c3,Numbers & Counting,Which group has THREE?,กลุ่มไหนมีสาม?,,
picture_quiz_questions,aaf60e30-fb30-41b9-9ebe-fccdd9235409,Numbers & Counting,Which group has the MOST?,กลุ่มไหนมีมากที่สุด?,,
picture_quiz_questions,f96667c1-7307-4b68-a876-89e01e7dc532,Numbers & Counting,Which shows FOUR?,อันไหนแสดงเลขสี่?,,
picture_quiz_questions,878acadf-8e12-4ed0-b05c-d368c38f527d,Numbers & Counting,How many apples? Pick TWO.,มีกี่แอปเปิ้ล? เลือกสอง,,
picture_quiz_questions,4f0939c7-9132-4924-9cfc-7e27f077e23d,Numbers & Counting,Which shows the number SIX?,อันไหนแสดงเลขหก?,,
picture_quiz_questions,262c1cb6-acd8-4891-b810-9c0046988b7b,Numbers & Counting,Which shows SEVEN?,อันไหนแสดงเลขเจ็ด?,,
picture_quiz_questions,7c3b79ad-4ed7-47ff-a3f8-1c5d92cedda7,Numbers & Counting,Which number comes AFTER four?,เลขอะไรมาหลังเลขสี่?,,
picture_quiz_questions,c0c4ab8f-3a01-4b6f-9200-1266cc657eba,Numbers & Counting,Which number comes BEFORE seven?,เลขอะไรมาก่อนเลขเจ็ด?,,
picture_quiz_questions,8a73280c-9aca-43bc-858b-3afc7b7593d1,Numbers & Counting,Which group has the FEWEST?,กลุ่มไหนมีน้อยที่สุด?,,
picture_quiz_questions,b6bd4baf-ae05-4655-9128-6e7917ba037e,Numbers & Counting,Which shows NINE?,อันไหนแสดงเลขเก้า?,,
picture_quiz_questions,0602a4c5-3f4c-4075-b30e-4ef3576550ca,Numbers & Counting,Which group has MORE?,กลุ่มไหนมีมากกว่า?,,
picture_quiz_questions,946362ed-684d-4242-9b70-df9b99449b4f,Numbers & Counting,Count the dogs. Which shows THREE dogs?,นับสุนัข อันไหนมีสุนัขสามตัว?,,
picture_quiz_questions,c83dfb4b-522c-410e-a1ec-1e7abfb817f0,Numbers & Counting,Which shows EIGHT?,อันไหนแสดงเลขแปด?,,
picture_quiz_questions,9aa4d9c7-39f4-4a6b-ae82-065b40656b5c,At School,Which one tells the time in CLASS?,อันไหนบอกเวลาในห้องเรียน?,,
picture_quiz_questions,426a3d47-b5c8-40a2-8392-979f38ada23d,At School,Which one do we READ?,อันไหนที่เราอ่าน?,,
picture_quiz_questions,50ad3752-2c33-43af-b12c-47cd954391d9,At School,Which one do we CUT with?,อันไหนที่เราใช้ตัด?,,
picture_quiz_questions,c556f787-cf61-4938-b0a6-165260ffe780,At School,Which one do we CUT with?,อันไหนที่เราใช้ตัด?,,
picture_quiz_questions,12649029-8f9d-476b-b481-832f36633af4,At School,Which one do we use to MEASURE?,อันไหนที่เราใช้วัด?,,
picture_quiz_questions,e4f0ee81-4c27-4867-b4d3-251d62184ebd,At School,Which one carries our BOOKS?,อันไหนใส่หนังสือ?,,
picture_quiz_questions,86acc7b6-76de-4c64-b7df-333f96ac593c,At School,Which one do we WRITE with?,อันไหนที่เราใช้เขียน?,,
picture_quiz_questions,e4cb3725-1229-4bfb-abe2-aa4a39c66dd5,At School,Which one do we use to ERASE?,อันไหนที่เราใช้ลบ?,,
picture_quiz_questions,7196e60c-c949-4987-92d1-f1b0b5a7fe9e,At School,Which one makes COLORFUL drawings?,อันไหนวาดรูปสีสันสดใส?,,
picture_quiz_questions,7d6a1f9d-e176-415d-9c65-435d4d7d5d70,At School,Which one sticks paper TOGETHER?,อันไหนติดกระดาษ?,,
picture_quiz_questions,3e4a16da-9fc7-4ca0-a3f9-99cd02c223ec,At School,Which one does the TEACHER write on?,อันไหนครูเขียน?,,
picture_quiz_questions,e47f487e-8148-486b-8b57-e83c28bca612,At School,Which one do we WRITE with?,อันไหนที่เราใช้เขียน?,,
picture_quiz_questions,76b90530-23ad-4f77-8a41-cba1cce369d0,At School,Which one makes things STICK?,อันไหนทำให้ติด?,,
picture_quiz_questions,a13a787e-a35c-4003-9edf-793c2b8259ce,At School,Which one do we carry to SCHOOL?,อันไหนเราถือไปโรงเรียน?,,
picture_quiz_questions,51c5e11f-2219-4ae0-bb80-7cd9e30ce707,At School,Which one is COLORFUL for drawing?,อันไหนมีสีสันสำหรับวาดรูป?,,
picture_quiz_questions,ebcddffd-4d8a-4ecf-a34b-2eff5ac3c83b,At School,Which one do we READ?,อันไหนที่เราอ่าน?,,
picture_quiz_questions,0ede3d70-8cef-4456-8602-05a3c0ef0138,At School,Which one do we put our LUNCH in?,อันไหนใส่อาหารกลางวัน?,,
picture_quiz_questions,25a59c3a-5329-4a5e-9e5a-a0b05b8e980e,At School,Which one do we SIT at?,อันไหนที่เรานั่ง?,,
picture_quiz_questions,312541f7-58bd-4356-8c5a-4a7774f33fab,At School,Which one has PAGES to write on?,อันไหนมีหน้าให้เขียน?,,
picture_quiz_questions,5545c129-507c-4d74-a0fb-26b9afef05c8,At School,Which one has a SHARP tip?,อันไหนมีปลายแหลม?,,
picture_quiz_questions,8050ab44-978d-4837-98ea-9dbf3a969a48,Countable & Uncountable,Which picture goes with MUCH?,ภาพไหนใช้กับ MUCH?,,
picture_quiz_questions,dbb85159-34ec-4d05-b955-03c62fa044ed,Countable & Uncountable,Which picture goes with MUCH?,ภาพไหนใช้กับ MUCH?,,
picture_quiz_questions,ccf47c58-b630-4b84-99ed-cf1166992c9b,Countable & Uncountable,Which picture goes with MUCH?,ภาพไหนใช้กับ MUCH?,,
picture_quiz_questions,c003cf53-666a-4863-b540-01cedb7825b4,Countable & Uncountable,Which picture goes with MUCH?,ภาพไหนใช้กับ MUCH?,,
picture_quiz_questions,567fe012-e03e-49a2-a404-caf579695fa6,Countable & Uncountable,Which picture goes with MUCH?,ภาพไหนใช้กับ MUCH?,,
picture_quiz_questions,8dbeaab4-ad3c-4b6f-a08b-97ac9901876a,Countable & Uncountable,Which picture goes with A FEW?,ภาพไหนใช้กับ A FEW?,,
picture_quiz_questions,b4ced8f8-cd7d-407c-a2e7-f2228bd7f297,Countable & Uncountable,Which picture goes with A LITTLE?,ภาพไหนใช้กับ A LITTLE?,,
picture_quiz_questions,62c091d0-4551-4d68-8642-9662c18f1e1c,Countable & Uncountable,Which picture goes with MANY?,ภาพไหนใช้กับ MANY?,,
picture_quiz_questions,5cde4eba-3cae-4e2f-ad62-c9c07f0ca2d9,Countable & Uncountable,Which picture goes with MANY?,ภาพไหนใช้กับ MANY?,,
picture_quiz_questions,a4d294c2-654b-4030-93f6-7522c15d0c24,Countable & Uncountable,Which picture goes with A FEW?,ภาพไหนใช้กับ A FEW?,,
picture_quiz_questions,eca6ec0a-ce64-4f28-bbd5-c83e3430a433,Countable & Uncountable,Which picture goes with A LITTLE?,ภาพไหนใช้กับ A LITTLE?,,
picture_quiz_questions,5b05e28b-954b-4263-b0dc-ab5ffc82a8cc,Countable & Uncountable,Which picture goes with FEWER?,ภาพไหนใช้กับ FEWER?,,
picture_quiz_questions,c0662df8-3e72-4c66-b8c8-247a070b62ca,Countable & Uncountable,Which picture goes with LESS?,ภาพไหนใช้กับ LESS?,,
picture_quiz_questions,70f6a311-75df-4199-a564-77f79724bb40,Countable & Uncountable,Which picture can we ask HOW MUCH about?,ภาพไหนถามด้วย HOW MUCH ได้?,,
picture_quiz_questions,27037a10-f6a0-4340-98f9-a9bc41d41ffc,Countable & Uncountable,Which picture can we ask HOW MANY about?,ภาพไหนถามด้วย HOW MANY ได้?,,
picture_quiz_questions,97fe1c15-12a9-4771-b4fa-1fed5a19bddf,Countable & Uncountable,Which picture goes with MUCH?,ภาพไหนใช้กับ MUCH?,,
picture_quiz_questions,3035543b-06fc-45e1-aeca-926bb0c81d21,Countable & Uncountable,Which picture goes with MANY?,ภาพไหนใช้กับ MANY?,,
picture_quiz_questions,5607237a-f5fc-445b-8ddc-962ab618fcfb,Countable & Uncountable,Which picture goes with MANY?,ภาพไหนใช้กับ MANY?,,
picture_quiz_questions,3ce31e4b-5f66-488b-af17-d3795c65083d,Countable & Uncountable,Which picture goes with MANY?,ภาพไหนใช้กับ MANY?,,
picture_quiz_questions,9bed51cf-45ba-452a-9da6-06c526de1353,Countable & Uncountable,Which picture goes with MANY?,ภาพไหนใช้กับ MANY?,,
picture_quiz_questions,8dee11f0-bc4c-4001-89c9-6ef068c0a4b1,Five Senses,Which sense tells us a fire is HOT?,ประสาทสัมผัสไหนบอกว่าไฟร้อน?,,
picture_quiz_questions,5e030996-55eb-4fb7-ba33-c3e8b2670f2d,Five Senses,Which sense do we use to hear THUNDER?,ประสาทสัมผัสไหนใช้ฟังฟ้าร้อง?,,
picture_quiz_questions,11f576d4-9cc7-43ed-81cc-272c609e09b2,Five Senses,Which one do we use to HEAR?,อันไหนที่เราใช้ฟัง?,,
picture_quiz_questions,f56c57da-5e87-4a9c-9e89-770e1eec0da6,Five Senses,Which sense tells us food is SALTY?,ประสาทสัมผัสไหนบอกว่าอาหารเค็ม?,,
picture_quiz_questions,3925c244-336f-4f91-ab8f-4b4242ad202f,Five Senses,Which sense helps us see COLORS?,ประสาทสัมผัสไหนช่วยมองเห็นสี?,,
picture_quiz_questions,5def50df-35d6-44af-9e96-1f9916e24ee2,Five Senses,Which sense tells us rain is COLD?,ประสาทสัมผัสไหนบอกว่าฝนเย็น?,,
picture_quiz_questions,fc2b8876-6462-4815-a239-8bc14f95e90d,Five Senses,Which sense tells us food SMELLS good?,ประสาทสัมผัสไหนบอกว่าอาหารหอม?,,
picture_quiz_questions,3dbfca41-b9f1-4daa-8e18-c1c544b87d62,Five Senses,Which sense helps us hear a BELL?,ประสาทสัมผัสไหนช่วยฟังเสียงกระดิ่ง?,,
picture_quiz_questions,cec4812c-2dd4-4938-bb9d-6ab60c615a82,Five Senses,Which sense helps us find our MUM in a crowd?,ประสาทสัมผัสไหนช่วยหาแม่ในฝูงชน?,,
picture_quiz_questions,429278f7-5633-4a8f-a4cc-54853c6ab70d,Five Senses,Which sense tells us a cat is SOFT?,ประสาทสัมผัสไหนบอกว่าแมวนุ่ม?,,
picture_quiz_questions,545e7132-6298-4216-8fa3-87dfcba6e0d4,Five Senses,Which sense do we use to eat ICE CREAM?,ประสาทสัมผัสไหนใช้กินไอศกรีม?,,
picture_quiz_questions,6453c206-fe5f-44d1-9998-832e78788137,Five Senses,Which one do we use to TOUCH?,อันไหนที่เราใช้สัมผัส?,,
picture_quiz_questions,9084ceaf-e9e7-4af2-9797-10004df12079,Five Senses,Which sense helps us enjoy a PAINTING?,ประสาทสัมผัสไหนช่วยชมภาพวาด?,,
picture_quiz_questions,1374393b-228a-4865-8193-5d6de2ef7648,Five Senses,Which one do we use to SEE?,อันไหนที่เราใช้มอง?,,
picture_quiz_questions,8e5e222d-34a7-4d88-8a1b-59c8774b7e49,Five Senses,Which one do we use to TASTE?,อันไหนที่เราใช้ชิม?,,
picture_quiz_questions,2046ffa9-0fa3-4641-a14c-6bca71e60e7a,Five Senses,Which sense do we use to read a BOOK?,ประสาทสัมผัสไหนใช้อ่านหนังสือ?,,
picture_quiz_questions,ddfc882f-c5d8-4459-8861-b77ff2b144ec,Five Senses,Which sense do we use to enjoy FLOWERS?,ประสาทสัมผัสไหนใช้ดมดอกไม้?,,
picture_quiz_questions,9def1337-8346-4a39-9e12-c1215fa88341,Five Senses,Which sense do we use to enjoy MUSIC?,ประสาทสัมผัสไหนใช้ฟังเพลง?,,
picture_quiz_questions,a699151e-c245-4a8c-bc5b-b84eef8a2250,Five Senses,Which sense tells us if food is HOT?,ประสาทสัมผัสไหนบอกว่าอาหารร้อน?,,
picture_quiz_questions,851b2bc0-5dc0-4bc4-bbe4-746dda768672,Five Senses,Which one do we use to SMELL?,อันไหนที่เราใช้ดมกลิ่น?,,
picture_quiz_questions,5284c34a-9170-4eff-997a-cf27e8ca80e3,Around the House,Which one do we watch at home?,อันไหนเราดูที่บ้าน?,,
picture_quiz_questions,2c39ed35-b4d0-4a6b-9fc9-d4c2fd51364e,Around the House,Which one is in the BATHROOM?,อันไหนอยู่ในห้องน้ำ?,,
picture_quiz_questions,7d867d04-2a6b-4128-8851-b6a52062e8de,Around the House,Which one do we watch?,อันไหนที่เราดู?,,
picture_quiz_questions,9f711d2d-48ca-41c4-8ba5-0a3f6938c069,Around the House,Which one gives us LIGHT?,อันไหนให้แสงสว่าง?,,
picture_quiz_questions,53e0520f-6cc1-433d-b39a-7581d2766cd9,Around the House,Which one tells the TIME?,อันไหนบอกเวลา?,,
picture_quiz_questions,21d1d7c7-a1e6-4d51-99bd-18d671f4039d,Around the House,Which one do we eat at?,อันไหนที่เรากินข้าว?,,
picture_quiz_questions,acd95846-82a2-40d8-832f-1aa51000de73,Around the House,Which one tells the TIME?,อันไหนบอกเวลา?,,
picture_quiz_questions,71281927-69fd-46fb-9563-5eac71dd34d3,Around the House,Which one do we use to COOK?,อันไหนที่เราใช้ทำอาหาร?,,
picture_quiz_questions,9269caed-7e0c-4a91-a146-0ffefbefc772,Around the House,Which one gives us LIGHT?,อันไหนให้แสงสว่าง?,,
picture_quiz_questions,b03baf7d-bdf3-42ba-8384-46af79f99163,Around the House,Which one lets in LIGHT?,อันไหนให้แสงเข้า?,,
picture_quiz_questions,27040e16-0a75-4582-89c2-355bd3a9161d,Around the House,Which one do we SIT on?,อันไหนที่เรานั่ง?,,
picture_quiz_questions,dc672043-7910-4e6a-9362-cb1306f71666,Around the House,Which one do we SLEEP on?,อันไหนที่เรานอน?,,
picture_quiz_questions,958b351f-4b0d-492c-8e0c-fc145d7d0cf8,Around the House,Which one is comfortable to SIT on?,อันไหนนั่งสบาย?,,
picture_quiz_questions,16bd4fa5-931f-40e3-af5f-1adec95a7776,Around the House,Which one do we SLEEP in?,อันไหนที่เรานอน?,,
picture_quiz_questions,6abd949f-bec8-4e0c-8bf3-35c7e3d7bed3,Around the House,Which one do we wash dishes in?,อันไหนเราล้างจาน?,,
picture_quiz_questions,3b223bdd-d319-4479-acdc-7cb6720e13c6,Around the House,Which one keeps us WARM at night?,อันไหนทำให้อุ่นตอนกลางคืน?,,
picture_quiz_questions,cc60f406-a5c5-4700-a628-204b864d0dfd,Around the House,Which one keeps food COLD?,อันไหนเก็บอาหารให้เย็น?,,
picture_quiz_questions,6fd1af63-32fb-4104-9dc9-711f5345aafa,Around the House,Which one keeps food COLD?,อันไหนเก็บอาหารให้เย็น?,,
picture_quiz_questions,cd870daa-3130-42a8-a17d-02e20a733db8,Around the House,Which one do we cook in?,อันไหนที่เราทำอาหาร?,,
picture_quiz_questions,a760f2f7-c07b-4c13-a3a3-5a826cd71937,Around the House,Which one opens to let us IN?,อันไหนเปิดให้เราเข้า?,,